hold,strategy,signal_id,ticker,entry_date,exit_date,entry_open,exit_open_raw,shares,return_pct,cash_after_exit
5,A_baseline,114090:2023-01-02,114090,2023-01-03,2023-01-10,18750.0,19050.0,53,1.4499999999999957,1014409.375
5,A_baseline,004100:2023-01-09,004100,2023-01-10,2023-01-17,1585.0,1630.0,640,2.689116719242901,1041687.775
5,A_baseline,011170:2023-01-16,011170,2023-01-17,2023-01-26,184000.0,184400.0,5,0.06739130434783025,1042307.775
5,A_baseline,003830:2023-01-25,003830,2023-01-26,2023-02-02,130100.0,133800.0,8,2.69396617986164,1070346.5750000002
5,A_baseline,006800:2023-02-01,006800,2023-02-02,2023-02-09,6969.0,6989.0,153,0.13698522026115434,1071807.1895
5,A_baseline,006800:2023-02-08,006800,2023-02-09,2023-02-16,6989.0,6989.0,153,-0.14999999999999458,1070203.2140000002
5,A_baseline,073640:2023-02-15,073640,2023-02-16,2023-02-23,2360.0,2295.0,453,-2.9042372881355916,1039154.5940000002
5,A_baseline,001130:2023-02-22,001130,2023-02-23,2023-03-03,15140.0,15440.0,68,1.8315059445178417,1058010.3140000002
5,A_baseline,000430:2023-03-02,000430,2023-03-03,2023-03-10,3435.0,3460.0,308,0.5778020378456983,1064123.3440000003
5,A_baseline,000430:2023-03-09,000430,2023-03-10,2023-03-17,3460.0,3400.0,307,-1.8841040462427738,1044110.0140000003
5,A_baseline,000850:2023-03-16,000850,2023-03-17,2023-03-24,36000.0,36000.0,29,-0.14999999999999458,1042544.0140000003
5,A_baseline,030210:2023-03-23,030210,2023-03-24,2023-03-31,5290.0,5270.0,197,-0.5280718336483914,1037040.8190000004
5,A_baseline,000430:2023-03-30,000430,2023-03-31,2023-04-07,3500.0,3535.0,296,0.8499999999999952,1045846.8190000004
5,A_baseline,004360:2023-04-06,004360,2023-04-07,2023-04-14,45800.0,45300.0,22,-1.2417030567685616,1033335.4190000003
5,A_baseline,001460:2023-04-13,001460,2023-04-14,2023-04-21,49000.0,47200.0,21,-3.8234693877551074,993991.9190000003
5,A_baseline,053350:2023-04-20,053350,2023-04-21,2023-04-28,4700.0,4160.0,211,-11.63936170212766,878564.3690000003
5,A_baseline,011230:2023-04-27,011230,2023-04-28,2023-05-10,7328.0,8354.0,119,13.851091703056785,999350.3210000003
5,A_baseline,067570:2023-05-09,067570,2023-05-10,2023-05-17,3954.0,3558.0,252,-10.165174506828523,898063.7090000004
5,A_baseline,000850:2023-05-16,000850,2023-05-17,2023-05-24,38650.0,39350.0,23,1.661125485122894,912830.2840000003
5,A_baseline,001740:2023-05-23,001740,2023-05-24,2023-06-01,4800.0,4890.0,190,1.7249999999999988,928562.2840000003
5,A_baseline,004870:2023-05-31,004870,2023-06-01,2023-06-09,3120.0,3020.0,297,-3.3551282051281994,897472.3240000004
5,A_baseline,008260:2023-06-08,008260,2023-06-09,2023-06-16,6720.0,6790.0,133,0.8916666666666684,905441.6840000004
5,A_baseline,085310:2023-06-15,085310,2023-06-16,2023-06-23,9720.0,9970.0,93,2.422016460905363,927335.7440000004
5,A_baseline,319400:2023-06-22,319400,2023-06-23,2023-06-30,4690.0,4430.0,197,-5.693710021321962,874729.8490000004
5,A_baseline,003030:2023-06-29,003030,2023-06-30,2023-07-07,204000.0,193700.0,4,-5.199019607843136,832305.8490000004
5,A_baseline,011230:2023-07-06,011230,2023-07-07,2023-07-14,7988.0,9572.0,104,19.679744616925387,995795.7210000004
5,A_baseline,001740:2023-07-13,001740,2023-07-14,2023-07-21,5510.0,5880.0,180,6.565063520871139,1060908.0210000004
5,A_baseline,016360:2023-07-20,016360,2023-07-21,2023-07-28,36000.0,35450.0,29,-1.677777777777778,1043392.0210000004
5,A_baseline,220100:2023-08-01,220100,2023-08-02,2023-08-09,8703.0,10042.0,119,15.235499253131103,1201179.5355000005
5,A_baseline,043910:2023-08-08,043910,2023-08-09,2023-08-17,12870.0,10810.0,93,-16.156216006216006,1007804.1705000005
5,A_baseline,089850:2023-08-17,089850,2023-08-18,2023-08-25,7471.0,8074.0,134,7.921208673537672,1087104.4995000004
5,A_baseline,085310:2023-08-24,085310,2023-08-25,2023-09-01,10720.0,10630.0,101,-0.9895522388059796,1076390.4195000003
5,A_baseline,105560:2023-08-31,105560,2023-09-01,2023-09-08,54200.0,54200.0,19,-0.14999999999999458,1074845.7195000004
5,A_baseline,016360:2023-09-07,016360,2023-09-08,2023-09-15,36800.0,38400.0,29,4.197826086956513,1119644.9195000003
5,A_baseline,246250:2023-09-14,246250,2023-09-15,2023-09-22,5000.0,4815.0,223,-3.849999999999998,1076717.4195000003
5,A_baseline,089850:2023-09-21,089850,2023-09-22,2023-10-05,9159.0,8085.0,117,-11.876170979364552,949452.0150000004
5,A_baseline,004270:2023-10-06,004270,2023-10-10,2023-10-17,18285.0,17132.0,51,-6.455715066994805,889250.2125000004
5,A_baseline,004100:2023-10-16,004100,2023-10-17,2023-10-24,3880.0,3255.0,229,-16.258247422680416,744792.4325000003
5,A_baseline,003570:2023-10-23,003570,2023-10-24,2023-10-31,11990.0,13600.0,62,13.277856547122614,843497.3625000004
5,A_baseline,015360:2023-10-30,015360,2023-10-31,2023-11-07,6630.0,6770.0,127,1.9616138763197677,860014.3475000004
5,A_baseline,015360:2023-11-06,015360,2023-11-07,2023-11-14,6770.0,6950.0,127,2.508788774002957,881584.6625000003
5,A_baseline,015360:2023-11-13,015360,2023-11-14,2023-11-21,6950.0,6990.0,126,0.42553956834532336,885311.1125000003
5,A_baseline,215200:2023-11-24,215200,2023-11-27,2023-12-04,61400.0,59700.0,14,-2.918729641693818,860221.7125000003
5,A_baseline,015360:2023-12-05,015360,2023-12-06,2023-12-13,7070.0,7040.0,121,-0.5743281471004225,855308.5075000003
5,A_baseline,015360:2023-12-12,015360,2023-12-13,2023-12-20,7040.0,6960.0,121,-1.286363636363641,844350.7475000003
5,A_baseline,016450:2023-12-19,016450,2023-12-20,2023-12-28,5080.0,4925.0,166,-3.201181102362205,817355.8275000002
5,A_baseline,006800:2023-12-28,006800,2024-01-02,2024-01-09,7477.0,7119.0,109,-4.938016584191529,777111.3380000002
5,A_baseline,003530:2024-01-10,003530,2024-01-11,2024-01-18,3800.0,3485.0,204,-8.43947368421053,711688.5380000002
5,A_baseline,003530:2024-01-18,003530,2024-01-19,2024-01-26,3615.0,3500.0,196,-3.3311894882434356,688085.7280000001
5,A_baseline,170920:2024-01-25,170920,2024-01-26,2024-02-02,17700.0,14510.0,38,-18.1725988700565,565856.8280000001
5,A_baseline,003030:2024-02-01,003030,2024-02-02,2024-02-13,223500.0,212000.0,2,-5.29541387024608,542186.3280000001
5,A_baseline,043650:2024-02-13,043650,2024-02-14,2024-02-21,6420.0,6480.0,84,0.7845794392523198,546417.408
5,A_baseline,014160:2024-02-20,014160,2024-02-21,2024-02-28,1258.0,1190.0,434,-5.5554054054054,516086.45000000007
5,A_baseline,163560:2024-02-27,163560,2024-02-28,2024-03-07,9320.0,8620.0,55,-7.660729613733908,476817.55000000005
5,A_baseline,001460:2024-03-06,001460,2024-03-07,2024-03-14,49950.0,47500.0,9,-5.054904904904911,454093.22500000003
5,A_baseline,006220:2024-03-13,006220,2024-03-14,2024-03-21,14300.0,12530.0,31,-12.527622377622382,398558.275
5,A_baseline,014160:2024-03-20,014160,2024-03-21,2024-03-28,1866.0,1677.0,213,-10.278617363344045,357705.08800000005
5,A_baseline,014830:2024-03-27,014830,2024-03-28,2024-04-04,78100.0,85400.0,4,9.196991037131896,386436.48800000007
5,A_baseline,006360:2024-04-03,006360,2024-04-04,2024-04-12,15760.0,14580.0,24,-7.637309644670043,357549.1280000001
5,A_baseline,003030:2024-04-11,003030,2024-04-12,2024-04-19,233500.0,216000.0,1,-7.64464668094218,339698.8780000001
5,A_baseline,265520:2024-04-18,265520,2024-04-19,2024-04-26,32500.0,33500.0,10,2.9269230769230825,349211.3780000001
5,A_baseline,014830:2024-04-25,014830,2024-04-26,2024-05-07,93700.0,98400.0,3,4.866008537886857,362889.72800000006
5,A_baseline,094280:2024-05-03,094280,2024-05-07,2024-05-14,12730.0,12890.0,28,1.1068735271013486,366835.0680000001
5,A_baseline,036620:2024-05-13,036620,2024-05-14,2024-05-22,3840.0,4220.0,95,9.74583333333332,402387.8680000001
5,A_baseline,001130:2024-05-21,001130,2024-05-22,2024-05-29,14050.0,13800.0,28,-1.929359430604971,394797.7680000001
5,A_baseline,051630:2024-05-28,051630,2024-05-29,2024-06-05,3206.0,3320.0,123,3.4058328134747295,408228.2610000001
5,A_baseline,014830:2024-06-04,014830,2024-06-05,2024-06-13,111700.0,112500.0,3,0.5662041181736743,410125.6110000001
5,A_baseline,051630:2024-06-12,051630,2024-06-13,2024-06-20,3343.0,3343.0,122,-0.14999999999999458,409513.8420000001
5,A_baseline,011780:2024-06-19,011780,2024-06-20,2024-06-27,150200.0,146100.0,2,-2.879693741677758,400863.24200000014
5,A_baseline,094280:2024-06-27,094280,2024-06-28,2024-07-05,13400.0,13600.0,29,1.3425373134328344,406080.3420000001
5,A_baseline,003570:2024-07-04,003570,2024-07-05,2024-07-12,20300.0,19880.0,20,-2.218965517241378,397071.3420000001
5,A_baseline,011780:2024-07-11,011780,2024-07-12,2024-07-19,164200.0,155100.0,2,-5.692021924482327,378378.74200000014
5,A_baseline,003570:2024-07-18,003570,2024-07-19,2024-07-26,21100.0,20800.0,17,-1.5718009478672967,372740.69200000016
5,A_baseline,053350:2024-07-25,053350,2024-07-26,2024-08-02,3705.0,3910.0,100,5.383063427800261,392684.94200000016
5,A_baseline,003570:2024-08-01,003570,2024-08-02,2024-08-09,21200.0,23950.0,18,12.821698113207546,441612.54200000013
5,A_baseline,006360:2024-08-08,006360,2024-08-09,2024-08-19,18860.0,19310.0,23,2.2360021208907677,451311.87200000015
5,A_baseline,000080:2024-08-19,000080,2024-08-20,2024-08-27,22250.0,21450.0,20,-3.7455056179775292,434644.37200000015
5,A_baseline,004100:2024-08-26,004100,2024-08-27,2024-09-03,3120.0,3030.0,139,-3.034615384615391,421483.85200000013
5,A_baseline,064850:2024-09-02,064850,2024-09-03,2024-09-10,11290.0,14900.0,37,31.825199291408325,554427.2570000002
5,A_baseline,006800:2024-09-09,006800,2024-09-10,2024-09-20,8333.0,8851.0,66,6.066248649946004,587790.2900000003
5,A_baseline,004100:2024-09-20,004100,2024-09-23,2024-09-30,3075.0,3200.0,191,3.915040650406487,610784.3025000002
5,A_baseline,015360:2024-09-30,015360,2024-10-02,2024-10-11,9130.0,9350.0,66,2.2596385542168695,624400.4325000002
5,A_baseline,015360:2024-10-10,015360,2024-10-11,2024-10-18,9350.0,9460.0,66,1.0264705882352843,630734.7825000002
5,A_baseline,015360:2024-10-18,015360,2024-10-21,2024-10-28,9590.0,10200.0,65,6.210792492179351,669449.7575000002
5,A_baseline,004100:2024-10-25,004100,2024-10-28,2024-11-04,3225.0,3410.0,207,5.586434108527127,706743.3950000001
5,A_baseline,001740:2024-11-01,001740,2024-11-04,2024-11-11,5260.0,4975.0,134,-5.5682509505703415,667496.1350000001
5,A_baseline,003570:2024-11-08,003570,2024-11-11,2024-11-18,26300.0,24700.0,25,-6.233650190114071,626509.8850000001
5,A_baseline,016090:2024-11-15,016090,2024-11-18,2024-11-25,2135.0,2180.0,293,1.9577283372365306,638756.5525000001
5,A_baseline,127120:2024-11-25,127120,2024-11-26,2024-12-03,3710.0,4130.0,172,11.170754716981124,710039.3725
5,A_baseline,003830:2024-12-02,003830,2024-12-03,2024-12-10,117200.0,113800.0,6,-3.0510238907849874,688584.5725
5,A_baseline,015020:2024-12-09,015020,2024-12-10,2024-12-18,4390.0,3070.0,156,-30.218337129840545,481637.3125
5,A_baseline,015360:2024-12-17,015360,2024-12-18,2024-12-26,10640.0,10960.0,45,2.8575187969924754,495319.1125
5,A_baseline,015360:2024-12-26,015360,2024-12-27,2025-01-07,10760.0,9880.0,46,-8.328438661710036,454096.6725
5,A_baseline,058860:2025-01-06,058860,2025-01-07,2025-01-14,2720.0,2660.0,166,-2.3558823529411854,443459.39249999996
5,A_baseline,025980:2025-01-13,025980,2025-01-14,2025-01-21,5570.0,5650.0,79,1.286265709156198,449119.3475
5,A_baseline,003030:2025-01-20,003030,2025-01-21,2025-02-03,218500.0,205500.0,2,-6.0996567505720805,422463.8475
5,A_baseline,016090:2025-01-31,016090,2025-02-03,2025-02-10,2305.0,2280.0,183,-1.2345986984815593,417256.125
5,A_baseline,016090:2025-02-07,016090,2025-02-10,2025-02-17,2280.0,2150.0,183,-5.851754385964913,392840.265
5,A_baseline,025980:2025-02-14,025980,2025-02-17,2025-02-24,6090.0,6020.0,64,-1.2994252873563261,387775.625
5,A_baseline,015360:2025-02-21,015360,2025-02-24,2025-03-04,10760.0,9780.0,36,-9.25780669144981,351914.585
5,A_baseline,136480:2025-02-28,136480,2025-03-04,2025-03-11,2925.0,3140.0,120,7.200427350427341,377188.085
5,A_baseline,014830:2025-03-10,014830,2025-03-11,2025-03-18,81000.0,78300.0,4,-3.4833333333333383,365902.085
5,A_baseline,006040:2025-03-17,006040,2025-03-18,2025-03-25,36400.0,37800.0,10,3.696153846153849,379356.085
5,A_baseline,030210:2025-03-25,030210,2025-03-26,2025-04-02,3340.0,3060.0,113,-8.533233532934137,347149.955
5,A_baseline,015020:2025-04-01,015020,2025-04-02,2025-04-09,3998.0,4150.0,86,3.6519009504752287,359706.213
5,A_baseline,096870:2025-04-08,096870,2025-04-09,2025-04-16,2650.0,2700.0,135,1.7367924528301826,365919.588
5,A_baseline,002700:2025-04-15,002700,2025-04-16,2025-04-23,1515.0,1555.0,241,2.4902640264026443,375011.9155
5,A_baseline,002700:2025-04-22,002700,2025-04-23,2025-04-30,1555.0,1525.0,241,-2.079260450160769,367219.783
5,A_baseline,006800:2025-04-29,006800,2025-04-30,2025-05-12,10833.0,11938.0,33,10.050313855810966,403148.5495
5,A_baseline,000850:2025-05-09,000850,2025-05-12,2025-05-19,29200.0,29400.0,13,0.5349315068493121,405179.1495
5,A_baseline,003570:2025-05-16,003570,2025-05-19,2025-05-26,34850.0,39700.0,11,13.76678622668579,457954.1245
5,A_baseline,000850:2025-05-23,000850,2025-05-26,2025-06-02,29800.0,31500.0,15,5.554697986577173,482783.6245
5,A_baseline,001130:2025-05-30,001130,2025-06-02,2025-06-11,14260.0,15400.0,33,7.844389901823279,519697.7545
5,A_baseline,088980:2025-06-10,088980,2025-06-11,2025-06-18,11830.0,11750.0,43,-0.8262468300929804,515494.7195
5,A_baseline,000080:2025-06-17,000080,2025-06-18,2025-06-25,19990.0,20450.0,25,2.1511505752876525,526245.0945
5,A_baseline,001130:2025-06-24,001130,2025-06-25,2025-07-02,14960.0,15400.0,35,2.7911764705882414,540859.6945
5,A_baseline,000080:2025-07-01,000080,2025-07-02,2025-07-09,20850.0,21550.0,25,3.207314148681051,557577.8195
5,A_baseline,000850:2025-07-08,000850,2025-07-09,2025-07-16,33400.0,34300.0,16,2.5446107784431238,571176.2195
5,A_baseline,000850:2025-07-15,000850,2025-07-16,2025-07-23,34300.0,33100.0,16,-3.6485422740524687,551153.0195
5,A_baseline,015360:2025-07-22,015360,2025-07-23,2025-07-30,12540.0,11920.0,43,-5.094178628389157,523684.18950000004
5,A_baseline,003570:2025-07-29,003570,2025-07-30,2025-08-06,55000.0,58800.0,9,6.7590909090909035,557141.6895000001
5,A_baseline,064850:2025-08-05,064850,2025-08-06,2025-08-13,8420.0,8300.0,66,-1.5751781472683968,548388.1095000001
5,A_baseline,015360:2025-08-12,015360,2025-08-13,2025-08-21,12760.0,12800.0,42,0.16347962382445846,549264.2295000001
5,A_baseline,001740:2025-08-20,001740,2025-08-21,2025-08-28,4530.0,4420.0,121,-2.5782560706401725,535132.0345000002
5,A_baseline,014680:2025-08-27,014680,2025-08-28,2025-09-04,173900.0,162500.0,3,-6.705491661874641,500149.4845000002
5,A_baseline,319400:2025-09-03,319400,2025-09-04,2025-09-11,6530.0,8520.0,76,30.324732006125576,650645.0645000001
5,A_baseline,003570:2025-09-15,003570,2025-09-16,2025-09-23,64200.0,72400.0,10,12.622585669781937,731682.0645000001
5,A_baseline,168360:2025-09-22,168360,2025-09-23,2025-09-30,21300.0,21600.0,34,1.2584507042253446,740795.7645
5,A_baseline,006800:2025-09-29,006800,2025-09-30,2025-10-14,21954.0,21407.0,33,-2.6415732896055366,721658.0415
5,A_baseline,001740:2025-10-14,001740,2025-10-15,2025-10-22,4755.0,4610.0,151,-3.199421661409041,698686.0340000001
5,A_baseline,085310:2025-10-21,085310,2025-10-22,2025-10-29,17220.0,14900.0,40,-13.62270615563298,604852.8340000001
5,A_baseline,019170:2025-10-28,019170,2025-10-29,2025-11-05,15720.0,14890.0,38,-5.429898218829521,572416.7940000001
5,A_baseline,011170:2025-11-04,011170,2025-11-05,2025-11-12,72200.0,73900.0,7,2.2045706371191187,583558.6940000001
5,A_baseline,011170:2025-11-11,011170,2025-11-12,2025-11-19,73900.0,82000.0,7,10.810757780784863,639482.7440000002
5,A_baseline,016360:2025-11-20,016360,2025-11-21,2025-11-28,78500.0,80100.0,8,1.888216560509548,651340.7440000002
5,A_baseline,003080:2025-11-27,003080,2025-11-28,2025-12-05,2885.0,2940.0,225,1.7564124783362223,662742.0565000002
5,A_baseline,051630:2025-12-05,051630,2025-12-08,2025-12-15,2915.0,3000.0,227,2.7659519725557358,681044.4990000002
5,A_baseline,015360:2025-12-12,015360,2025-12-15,2025-12-22,13940.0,13600.0,48,-2.5890243902439103,663720.8190000001
5,A_baseline,001740:2025-12-19,001740,2025-12-22,2025-12-30,4665.0,4480.0,142,-4.1157020364415935,636457.1740000001
5,A_baseline,048770:2025-12-29,048770,2025-12-30,2026-01-08,3365.0,3200.0,189,-5.053417533432403,604318.1965000001
5,B_improved,105560:2023-01-10,105560,2023-01-11,2023-01-18,57700.0,58900.0,17,1.9297227036395137,1018928.65
5,B_improved,004100:2023-01-17,004100,2023-01-18,2023-01-27,1710.0,1634.0,595,-4.594444444444445,972182.475
5,B_improved,003830:2023-01-26,003830,2023-01-27,2023-02-03,135000.0,133400.0,7,-1.3351851851851837,959564.975
5,B_improved,002700:2023-02-02,002700,2023-02-03,2023-02-10,2100.0,2110.0,456,0.3261904761904688,962688.575
5,B_improved,094280:2023-02-09,094280,2023-02-10,2023-02-17,15010.0,14300.0,64,-4.880179880079938,915807.615
5,B_improved,006800:2023-02-16,006800,2023-02-17,2023-02-24,7298.0,7079.0,125,-3.1508221430528893,887064.24
5,B_improved,000850:2023-02-23,000850,2023-02-24,2023-03-06,33650.0,35500.0,26,5.347771173848437,933851.89
5,B_improved,001130:2023-03-07,001130,2023-03-08,2023-03-15,15570.0,14330.0,59,-8.114033397559407,859313.9450000001
5,B_improved,000850:2023-03-17,000850,2023-03-20,2023-03-27,37600.0,37350.0,22,-0.8148936170212839,852573.145
5,B_improved,265520:2023-03-28,265520,2023-03-29,2023-04-05,23000.0,22650.0,37,-1.6717391304347795,838346.645
5,B_improved,004100:2023-04-04,004100,2023-04-05,2023-04-12,1810.0,1836.0,463,1.2864640883977874,849127.6
5,B_improved,126640:2023-04-11,126640,2023-04-12,2023-04-19,1765.0,1792.0,481,1.3797450424929192,860841.1525
5,B_improved,344820:2023-04-19,344820,2023-04-20,2023-04-27,44850.0,44200.0,19,-1.5992753623188416,847212.9275
5,B_improved,064850:2023-04-26,064850,2023-04-27,2023-05-08,8200.0,8070.0,103,-1.7353658536585437,832556.0275
5,B_improved,000430:2023-05-10,000430,2023-05-11,2023-05-18,4510.0,4700.0,184,4.06286031042129,866271.2675
5,B_improved,088980:2023-05-30,088980,2023-05-31,2023-06-08,13166.0,13315.0,65,0.9817028710314313,874672.5824999999
5,B_improved,126640:2023-06-07,126640,2023-06-08,2023-06-15,2090.0,1951.0,418,-6.8007177033492905,815260.1524999999
5,B_improved,204320:2023-06-15,204320,2023-06-16,2023-06-23,49400.0,50900.0,16,2.886437246963558,838074.5524999999
5,B_improved,026890:2023-06-26,026890,2023-06-27,2023-07-04,6860.0,6880.0,122,0.14154518950437733,839259.1724999999
5,B_improved,001740:2023-07-12,001740,2023-07-13,2023-07-20,5450.0,5810.0,153,6.455504587155958,893088.3974999998
5,B_improved,001740:2023-07-19,001740,2023-07-20,2023-07-27,5810.0,5930.0,153,1.9154044750430366,910115.0024999998
5,B_improved,326030:2023-08-01,326030,2023-08-02,2023-08-09,90000.0,92200.0,10,2.2944444444444434,930765.0024999998
5,B_improved,001740:2023-08-09,001740,2023-08-10,2023-08-18,6500.0,6320.0,143,-2.919230769230774,903630.7524999998
5,B_improved,026890:2023-08-21,026890,2023-08-22,2023-08-29,7260.0,7740.0,124,6.461570247933879,961800.3924999998
5,B_improved,026890:2023-08-29,026890,2023-08-30,2023-09-06,7850.0,7370.0,122,-6.264649681528667,901803.8424999998
5,B_improved,003570:2023-09-06,003570,2023-09-07,2023-09-14,11400.0,11920.0,79,4.411403508771938,941532.9424999998
5,B_improved,016360:2023-09-13,016360,2023-09-14,2023-09-21,38300.0,38300.0,24,-0.15000000000000568,940154.1424999997
5,B_improved,105630:2023-10-31,105630,2023-11-01,2023-11-08,23000.0,22750.0,40,-1.2369565217391298,928774.1424999997
5,B_improved,105630:2023-11-09,105630,2023-11-10,2023-11-17,23700.0,23650.0,39,-0.3609704641350131,925437.6924999998
5,B_improved,279600:2023-12-11,279600,2023-12-12,2023-12-19,16221.0,16137.0,57,-0.667847235065655,919262.7969999998
5,B_improved,279600:2023-12-19,279600,2023-12-20,2023-12-28,17190.0,22201.0,53,29.000668993600943,1183479.1919999998
5,B_improved,326030:2024-01-02,326030,2024-01-03,2024-01-10,103300.0,97300.0,11,-5.958325266214903,1115774.7419999999
5,B_improved,089850:2024-01-11,089850,2024-01-12,2024-01-19,8708.0,8504.0,128,-2.4926734037666542,1087990.8059999999
5,B_improved,003830:2024-01-29,003830,2024-01-30,2024-02-06,114600.0,120900.0,9,5.347382198952877,1143143.7059999998
5,B_improved,163560:2024-02-05,163560,2024-02-06,2024-02-15,6650.0,6670.0,171,0.1507518796992402,1144857.9809999997
5,B_improved,006800:2024-02-16,006800,2024-02-19,2024-02-26,8911.0,8911.0,128,-0.15000000000000568,1143147.0689999997
5,B_improved,001130:2024-02-23,001130,2024-02-26,2024-03-05,14220.0,13800.0,80,-3.103586497890287,1107840.6689999998
5,B_improved,088980:2024-03-06,088980,2024-03-07,2024-03-14,12927.0,12877.0,85,-0.5367873443180793,1101942.4764999999
5,B_improved,015860:2024-03-18,015860,2024-03-19,2024-03-26,4520.0,4350.0,243,-3.911061946902661,1058984.9364999998
5,B_improved,015360:2024-03-25,015360,2024-03-26,2024-04-02,8280.0,7700.0,127,-7.1548309178743885,983747.5964999999
5,B_improved,014830:2024-04-03,014830,2024-04-04,2024-04-12,85400.0,86300.0,11,0.9038641686182736,992238.4964999999
5,B_improved,026890:2024-04-16,026890,2024-04-17,2024-04-24,8490.0,8850.0,116,4.09028268551237,1032521.2364999999
5,B_improved,026890:2024-04-23,026890,2024-04-24,2024-05-02,8850.0,8770.0,116,-1.0539548022598932,1021701.3364999999
5,B_improved,015360:2024-05-08,015360,2024-05-09,2024-05-17,8300.0,8490.0,123,2.1391566265060336,1043539.9864999999
5,B_improved,001130:2024-05-16,001130,2024-05-17,2024-05-24,14100.0,14030.0,74,-0.6464539007092207,1036794.8864999999
5,B_improved,094280:2024-05-23,094280,2024-05-24,2024-05-31,13470.0,13300.0,76,-1.4120638455827672,1022339.3065
5,B_improved,051630:2024-06-07,051630,2024-06-10,2024-06-17,3366.0,3283.0,303,-2.615834818775986,995660.4595
5,B_improved,003570:2024-06-20,003570,2024-06-21,2024-06-28,20450.0,21900.0,48,6.940464547677272,1063788.0595
5,B_improved,270870:2024-06-27,270870,2024-06-28,2024-07-05,10910.0,9600.0,97,-12.15733272227315,935130.6545
5,B_improved,011780:2024-07-11,011780,2024-07-12,2024-07-19,164200.0,155100.0,5,-5.692021924482338,888399.1545
5,B_improved,053350:2024-08-02,053350,2024-08-05,2024-08-12,3975.0,3505.0,223,-11.973899371069175,782259.517
5,B_improved,000080:2024-08-19,000080,2024-08-20,2024-08-27,22250.0,21450.0,35,-3.7455056179775292,753091.392
5,B_improved,064850:2024-08-26,064850,2024-08-27,2024-09-03,8680.0,11290.0,86,29.91912442396314,976431.672
5,B_improved,081580:2024-09-24,081580,2024-09-25,2024-10-04,4345.0,4595.0,224,5.6037399309551095,1030971.752
5,B_improved,326030:2024-10-11,326030,2024-10-14,2024-10-21,120000.0,124000.0,8,3.183333333333338,1061531.7519999999
5,B_improved,015360:2024-10-18,015360,2024-10-21,2024-10-28,9590.0,10200.0,110,6.210792492179351,1127049.4019999998
5,B_improved,006800:2024-10-25,006800,2024-10-28,2024-11-04,9120.0,8722.0,123,-4.514035087719293,1076412.7619999999
5,B_improved,127120:2024-11-12,127120,2024-11-13,2024-11-20,3965.0,3780.0,271,-4.81582597730138,1024665.9894999999
5,B_improved,016090:2024-11-20,016090,2024-11-21,2024-11-28,2185.0,2170.0,468,-0.8364988558352437,1016112.1194999999
5,B_improved,127120:2024-11-27,127120,2024-11-28,2024-12-05,4100.0,4290.0,247,4.484146341463413,1061523.0694999998
5,B_improved,016090:2024-12-11,016090,2024-12-12,2024-12-19,2225.0,2330.0,477,4.569101123595498,1110016.0819999997
5,B_improved,015360:2024-12-18,015360,2024-12-19,2024-12-27,11060.0,10760.0,100,-2.862477396021701,1078357.0819999997
5,B_improved,015360:2024-12-26,015360,2024-12-27,2025-01-07,10760.0,9880.0,100,-8.328438661710036,988743.0819999997
5,B_improved,319400:2025-01-06,319400,2025-01-07,2025-01-14,3660.0,3985.0,270,8.729781420765015,1075010.7819999997
5,B_improved,204320:2025-01-14,204320,2025-01-15,2025-01-22,45000.0,45150.0,23,0.18333333333333535,1076908.2819999997
5,B_improved,136480:2025-01-21,136480,2025-01-22,2025-02-04,2910.0,2880.0,370,-1.1809278350515484,1064193.2319999996
5,B_improved,136480:2025-02-04,136480,2025-02-05,2025-02-12,2955.0,2905.0,360,-1.842047377326561,1044597.5319999997
5,B_improved,204320:2025-02-13,204320,2025-02-14,2025-02-21,46650.0,45100.0,22,-3.47261521972132,1008958.0819999997
5,B_improved,053350:2025-02-27,053350,2025-02-28,2025-03-10,4615.0,5390.0,218,16.64306608884074,1176398.9769999997
5,B_improved,011230:2025-03-19,011230,2025-03-20,2025-03-27,3730.0,4500.0,315,20.493431635388724,1417186.5519999997
5,B_improved,036620:2025-03-26,036620,2025-03-27,2025-04-03,3875.0,3810.0,365,-1.8274193548387108,1391339.9894999997
5,B_improved,310200:2025-04-02,310200,2025-04-03,2025-04-10,3250.0,3040.0,428,-6.611538461538458,1299373.4894999997
5,B_improved,127120:2025-04-09,127120,2025-04-10,2025-04-17,8020.0,9730.0,162,21.171695760598496,1574444.6294999996
5,B_improved,128540:2025-04-16,128540,2025-04-17,2025-04-24,1832.0,1854.0,859,1.0508733624454258,1590982.0974999997
5,B_improved,014830:2025-04-23,014830,2025-04-24,2025-05-02,89700.0,87600.0,17,-2.4911371237458235,1552994.7474999996
5,B_improved,088980:2025-05-02,088980,2025-05-07,2025-05-14,11600.0,11540.0,133,-0.667241379310346,1542700.5474999996
5,B_improved,114090:2025-05-13,114090,2025-05-14,2025-05-21,12740.0,13550.0,121,6.207927786499212,1638398.2374999996
5,B_improved,003570:2025-05-20,003570,2025-05-21,2025-05-28,39000.0,41150.0,42,5.36282051282051,1726241.2374999996
5,B_improved,001130:2025-05-29,001130,2025-05-30,2025-06-10,14100.0,15360.0,122,8.786170212765953,1877380.9374999995
5,B_improved,000850:2025-06-09,000850,2025-06-10,2025-06-17,33000.0,32900.0,56,-0.45303030303029956,1869008.9374999995
5,B_improved,003080:2025-06-16,003080,2025-06-17,2025-06-24,2755.0,2820.0,678,2.209346642468235,1910277.1024999996
5,B_improved,415380:2025-06-23,415380,2025-06-24,2025-07-01,3229.0,3243.0,591,0.28357076494269773,1915688.5939999996
5,B_improved,015860:2025-06-30,015860,2025-07-01,2025-07-08,5620.0,5780.0,340,2.696975088967979,1967222.3939999996
5,B_improved,000080:2025-07-07,000080,2025-07-08,2025-07-15,21800.0,21900.0,90,0.3087155963302779,1973279.3939999996
5,B_improved,028670:2025-07-14,028670,2025-07-15,2025-07-22,4155.0,4175.0,474,0.3313477737665327,1979805.1889999995
5,B_improved,415380:2025-08-11,415380,2025-08-12,2025-08-20,3211.0,3250.0,616,1.0645748987854198,2000862.2249999996
5,B_improved,415380:2025-08-19,415380,2025-08-20,2025-08-27,3250.0,3656.0,615,12.342307692307685,2247554.0999999996
5,B_improved,003570:2025-08-26,003570,2025-08-27,2025-09-03,64000.0,64500.0,35,0.6312499999999943,2261694.0999999996
5,B_improved,170920:2025-09-08,170920,2025-09-09,2025-09-16,12990.0,16350.0,174,25.716050808314073,2842943.7099999995
5,B_improved,265520:2025-09-18,265520,2025-09-19,2025-09-26,19480.0,18870.0,145,-3.281416837782336,2750256.8099999996
5,B_improved,265520:2025-10-10,265520,2025-10-13,2025-10-20,20350.0,19980.0,135,-1.9681818181818134,2696185.9349999996
5,B_improved,011170:2025-10-17,011170,2025-10-20,2025-10-27,72000.0,77500.0,37,7.488888888888878,2895689.9349999996
5,B_improved,015860:2025-10-24,015860,2025-10-27,2025-11-03,6590.0,7080.0,439,7.285508345978742,3106460.4199999995
5,B_improved,326030:2025-11-04,326030,2025-11-05,2025-11-12,123500.0,123000.0,25,-0.5548582995951401,3089329.1699999995
5,B_improved,016360:2025-11-12,016360,2025-11-13,2025-11-20,82800.0,79500.0,37,-4.135507246376813,2962633.7699999996
5,B_improved,138360:2025-11-25,138360,2025-11-26,2025-12-03,1079.0,1249.0,2745,15.605329008341041,3424840.9874999993
5,B_improved,051630:2025-12-05,051630,2025-12-08,2025-12-15,2915.0,3000.0,1174,2.765951972555758,3519497.6724999994
5,B_improved,015360:2025-12-12,015360,2025-12-15,2025-12-22,13940.0,13600.0,252,-2.589024390243899,3428548.3524999996
5,B_improved,011780:2025-12-19,011780,2025-12-22,2025-12-30,126400.0,121000.0,27,-4.4221518987341835,3277629.1524999994
10,A_baseline,114090:2023-01-02,114090,2023-01-03,2023-01-17,18750.0,19200.0,53,2.2499999999999964,1022359.375
10,A_baseline,011170:2023-01-16,011170,2023-01-17,2023-02-02,184000.0,180000.0,5,-2.323913043478265,1000979.375
10,A_baseline,006800:2023-02-01,006800,2023-02-02,2023-02-16,6969.0,6989.0,143,0.13698522026115434,1002344.5245
10,A_baseline,073640:2023-02-15,073640,2023-02-16,2023-03-03,2360.0,2315.0,424,-2.0567796610169498,981763.5645000001
10,A_baseline,000430:2023-03-02,000430,2023-03-03,2023-03-17,3435.0,3400.0,285,-1.168922852983989,970320.1020000001
10,A_baseline,000850:2023-03-16,000850,2023-03-17,2023-03-31,36000.0,36700.0,26,1.794444444444454,987116.1020000001
10,A_baseline,000430:2023-03-30,000430,2023-03-31,2023-04-14,3500.0,3905.0,282,11.421428571428581,1099845.602
10,A_baseline,001460:2023-04-13,001460,2023-04-14,2023-04-28,49000.0,47000.0,22,-4.231632653061224,1054228.602
10,A_baseline,011230:2023-04-27,011230,2023-04-28,2023-05-17,7328.0,7603.0,143,3.6027292576419345,1091981.746
10,A_baseline,000850:2023-05-16,000850,2023-05-17,2023-06-01,38650.0,37650.0,28,-2.7373221216041466,1062358.446
10,A_baseline,004870:2023-05-31,004870,2023-06-01,2023-06-16,3120.0,3092.0,340,-1.0474358974358888,1051247.246
10,A_baseline,085310:2023-06-15,085310,2023-06-16,2023-06-30,9720.0,9910.0,108,1.8047325102880762,1070192.6060000001
10,A_baseline,003030:2023-06-29,003030,2023-06-30,2023-07-14,204000.0,200500.0,5,-1.8656862745098035,1051162.6060000001
10,A_baseline,001740:2023-07-13,001740,2023-07-14,2023-07-28,5510.0,5870.0,190,6.38357531760434,1117992.256
10,A_baseline,220100:2023-08-01,220100,2023-08-02,2023-08-17,8703.0,11276.0,128,29.414517982304943,1445665.28
10,A_baseline,089850:2023-08-17,089850,2023-08-18,2023-09-01,7471.0,9112.0,193,21.814931066791598,1760215.4255000001
10,A_baseline,105560:2023-08-31,105560,2023-09-01,2023-09-15,54200.0,56200.0,32,3.5400369003689924,1821613.8255
10,A_baseline,246250:2023-09-14,246250,2023-09-15,2023-10-05,5000.0,4150.0,364,-17.15,1509483.8255
10,A_baseline,004270:2023-10-06,004270,2023-10-10,2023-10-24,18285.0,16298.0,82,-11.0168307355756,1344300.7705
10,A_baseline,003570:2023-10-23,003570,2023-10-24,2023-11-07,11990.0,13920.0,112,15.946747289407837,1558446.4505
10,A_baseline,015360:2023-11-06,015360,2023-11-07,2023-11-21,6770.0,6990.0,230,3.099630723781388,1606710.8005000001
10,A_baseline,215200:2023-11-24,215200,2023-11-27,2023-12-11,61400.0,61900.0,26,0.6643322475569979,1617316.2005
10,A_baseline,016450:2023-12-11,016450,2023-12-12,2023-12-27,4990.0,5040.0,324,0.8520040080160385,1631091.0605000001
10,A_baseline,000080:2023-12-26,000080,2023-12-27,2024-01-12,22500.0,21400.0,72,-5.038888888888893,1549461.0605000001
10,A_baseline,003530:2024-01-11,003530,2024-01-12,2024-01-26,4160.0,3500.0,372,-16.01538461538462,1301619.7805
10,A_baseline,170920:2024-01-25,170920,2024-01-26,2024-02-13,17700.0,15850.0,73,-10.601977401129936,1164631.6305000002
10,A_baseline,043650:2024-02-13,043650,2024-02-14,2024-02-28,6420.0,6050.0,181,-5.913239875389409,1095918.6005000002
10,A_baseline,163560:2024-02-27,163560,2024-02-28,2024-03-14,9320.0,9570.0,117,2.5324034334764045,1123532.9405000003
10,A_baseline,006220:2024-03-13,006220,2024-03-14,2024-03-28,14300.0,12590.0,78,-12.108041958041959,988479.8405000003
10,A_baseline,014830:2024-03-27,014830,2024-03-28,2024-04-12,78100.0,86300.0,12,10.349359795134427,1085474.0405000001
10,A_baseline,003030:2024-04-11,003030,2024-04-12,2024-04-26,233500.0,220500.0,4,-5.717451820128483,1032073.0405000001
10,A_baseline,014830:2024-04-25,014830,2024-04-26,2024-05-14,93700.0,101300.0,11,7.960992529348987,1114126.9905
10,A_baseline,036620:2024-05-13,036620,2024-05-14,2024-05-29,3840.0,4350.0,290,13.131250000000016,1260356.5905000002
10,A_baseline,051630:2024-05-28,051630,2024-05-29,2024-06-13,3206.0,3343.0,393,4.123237679351233,1312307.6535000002
10,A_baseline,051630:2024-06-12,051630,2024-06-13,2024-06-27,3343.0,3320.0,392,-0.8380047861202389,1301325.9695000004
10,A_baseline,010130:2024-06-26,010130,2024-06-27,2024-07-11,517000.0,534000.0,2,3.138201160541576,1333774.9695000004
10,A_baseline,009300:2024-07-10,009300,2024-07-11,2024-07-25,26700.0,32050.0,49,19.88745318352061,1593962.5195000004
10,A_baseline,053350:2024-07-25,053350,2024-07-26,2024-08-09,3705.0,3570.0,430,-3.793724696356282,1533522.7945000003
10,A_baseline,006360:2024-08-08,006360,2024-08-09,2024-08-26,18860.0,21000.0,81,11.196765641569462,1704571.3045000003
10,A_baseline,105560:2024-08-23,105560,2024-08-26,2024-09-09,86800.0,83300.0,19,-4.182258064516131,1635597.5045000003
10,A_baseline,015360:2024-09-06,015360,2024-09-09,2024-09-26,9020.0,8900.0,181,-1.4803769401330324,1611428.5745000003
10,A_baseline,064850:2024-09-24,064850,2024-09-26,2024-10-15,27600.0,13210.0,58,-52.28768115942029,774407.3745000004
10,A_baseline,015360:2024-10-14,015360,2024-10-15,2024-10-29,9290.0,10460.0,83,12.444187298170073,870360.7695000004
10,A_baseline,004100:2024-10-28,004100,2024-10-29,2024-11-12,3440.0,3245.0,253,-5.818604651162785,819720.2895000004
10,A_baseline,003530:2024-11-11,003530,2024-11-12,2024-11-26,4620.0,3630.0,177,-21.578571428571426,643263.6795000004
10,A_baseline,127120:2024-11-25,127120,2024-11-26,2024-12-10,3710.0,4015.0,173,8.071024258760119,695065.9345000004
10,A_baseline,015020:2024-12-09,015020,2024-12-10,2024-12-26,4390.0,3030.0,158,-31.129498861047832,479145.50450000045
10,A_baseline,015360:2024-12-26,015360,2024-12-27,2025-01-14,10760.0,9850.0,44,-8.607249070631962,438395.3445000005
10,A_baseline,025980:2025-01-13,025980,2025-01-14,2025-02-03,5570.0,5700.0,78,2.1839317773788114,447883.65450000047
10,A_baseline,016090:2025-01-31,016090,2025-02-03,2025-02-17,2305.0,2150.0,194,-6.8745119305856806,417142.89950000047
10,A_baseline,025980:2025-02-14,025980,2025-02-17,2025-03-04,6090.0,5830.0,68,-4.419293924466339,398841.7195000005
10,A_baseline,136480:2025-02-28,136480,2025-03-04,2025-03-18,2925.0,3075.0,136,4.9782051282051265,418645.01950000046
10,A_baseline,006040:2025-03-17,006040,2025-03-18,2025-04-01,36400.0,34700.0,11,-4.820329670329659,399344.4195000005
10,A_baseline,015020:2025-04-01,015020,2025-04-02,2025-04-16,3998.0,3708.0,99,-7.403626813406694,370040.7165000005
10,A_baseline,002700:2025-04-15,002700,2025-04-16,2025-04-30,1515.0,1525.0,244,0.5100660066006624,371926.2265000005
10,A_baseline,006800:2025-04-29,006800,2025-04-30,2025-05-19,10833.0,13003.0,34,19.8813855810948,445153.7435000005
10,A_baseline,003570:2025-05-16,003570,2025-05-19,2025-06-02,34850.0,42200.0,12,20.940387374461977,532726.4435000005
10,A_baseline,001130:2025-05-30,001130,2025-06-02,2025-06-18,14260.0,15500.0,37,8.545652173913032,577815.0135000005
10,A_baseline,000080:2025-06-17,000080,2025-06-18,2025-07-02,19990.0,20850.0,28,4.152151075537769,601055.4335000005
10,A_baseline,000080:2025-07-01,000080,2025-07-02,2025-07-16,20850.0,21850.0,28,4.646163069544373,628179.7335000006
10,A_baseline,000850:2025-07-15,000850,2025-07-16,2025-07-30,34300.0,32450.0,18,-5.543586005830903,593953.6335000006
10,A_baseline,003570:2025-07-29,003570,2025-07-30,2025-08-13,55000.0,51500.0,10,-6.5136363636363654,558128.6335000006
10,A_baseline,015360:2025-08-12,015360,2025-08-13,2025-08-28,12760.0,12240.0,43,-4.2252351097178735,534945.6135000006
10,A_baseline,014680:2025-08-27,014680,2025-08-28,2025-09-11,173900.0,174200.0,3,0.022512938470398147,535063.0635000006
10,A_baseline,003570:2025-09-15,003570,2025-09-16,2025-09-30,64200.0,74300.0,8,15.58208722741432,615092.6635000006
10,A_baseline,006800:2025-09-29,006800,2025-09-30,2025-10-21,21954.0,25340.0,28,15.273157511159695,708978.5955000006
10,A_baseline,000850:2025-10-20,000850,2025-10-21,2025-11-04,32700.0,31000.0,21,-5.34877675840979,672248.5455000006
10,A_baseline,011170:2025-11-03,011170,2025-11-04,2025-11-18,71500.0,84700.0,9,18.311538461538458,790083.2955000006
10,A_baseline,014680:2025-11-17,014680,2025-11-18,2025-12-02,233000.0,251000.0,3,7.575321888412012,843034.7955000006
10,A_baseline,001740:2025-12-01,001740,2025-12-02,2025-12-16,4705.0,4740.0,179,0.5938894792773652,848036.5030000006
10,A_baseline,064850:2025-12-16,064850,2025-12-17,2026-01-05,8970.0,8690.0,94,-3.2715161649944258,820451.7330000006
10,B_improved,105560:2023-01-10,105560,2023-01-11,2023-01-27,57700.0,57700.0,17,-0.14999999999999458,998528.65
10,B_improved,003830:2023-01-26,003830,2023-01-27,2023-02-10,135000.0,131200.0,7,-2.96481481481482,970511.15
10,B_improved,094280:2023-02-09,094280,2023-02-10,2023-02-24,15010.0,14490.0,64,-3.6143570952698156,935790.1900000001
10,B_improved,000850:2023-02-23,000850,2023-02-24,2023-03-13,33650.0,35000.0,27,3.861887072808323,970877.3650000001
10,B_improved,000850:2023-03-17,000850,2023-03-20,2023-04-03,37600.0,37800.0,25,0.38191489361703024,974467.3650000001
10,B_improved,000850:2023-04-03,000850,2023-04-04,2023-04-18,38500.0,39300.0,25,1.927922077922073,993023.6150000001
10,B_improved,344820:2023-04-19,344820,2023-04-20,2023-05-08,44850.0,43900.0,22,-2.2681716833890753,970643.5650000001
10,B_improved,000430:2023-05-10,000430,2023-05-11,2023-05-25,4510.0,4465.0,215,-1.1477827050997758,959514.0900000001
10,B_improved,088980:2023-05-30,088980,2023-05-31,2023-06-15,13166.0,13096.0,72,-0.68167248974631,953052.1620000001
10,B_improved,204320:2023-06-15,204320,2023-06-16,2023-06-30,49400.0,52500.0,19,6.1253036437247,1010544.2620000001
10,B_improved,003030:2023-06-29,003030,2023-06-30,2023-07-14,204000.0,200500.0,4,-1.8656862745098035,995320.2620000001
10,B_improved,001740:2023-07-13,001740,2023-07-14,2023-07-28,5510.0,5870.0,180,6.383575317604362,1058632.5620000002
10,B_improved,326030:2023-08-01,326030,2023-08-02,2023-08-17,90000.0,93000.0,11,3.183333333333338,1090147.5620000002
10,B_improved,026890:2023-08-21,026890,2023-08-22,2023-09-05,7260.0,7410.0,150,1.9161157024793374,1111014.0620000002
10,B_improved,003570:2023-09-06,003570,2023-09-07,2023-09-21,11400.0,11450.0,97,0.28859649122807696,1114205.3620000002
10,B_improved,105630:2023-10-31,105630,2023-11-01,2023-11-15,23000.0,22600.0,48,-1.8891304347826043,1093349.3620000002
10,B_improved,279600:2023-12-11,279600,2023-12-12,2023-12-27,16221.0,22032.0,67,35.673931940077665,1481056.1515000002
10,B_improved,326030:2024-01-02,326030,2024-01-03,2024-01-17,103300.0,93900.0,14,-9.249709583736687,1347286.8515
10,B_improved,003830:2024-01-29,003830,2024-01-30,2024-02-15,114600.0,115900.0,11,0.9843804537521983,1359695.9515000002
10,B_improved,006800:2024-02-16,006800,2024-02-19,2024-03-05,8911.0,8941.0,152,0.1866625519021392,1362224.2435
10,B_improved,088980:2024-03-06,088980,2024-03-07,2024-03-21,12927.0,12747.0,105,-1.5424344395451373,1341288.2410000002
10,B_improved,015360:2024-03-25,015360,2024-03-26,2024-04-09,8280.0,7690.0,161,-7.275603864734304,1244298.621
10,B_improved,026890:2024-04-16,026890,2024-04-17,2024-05-02,8490.0,8770.0,146,3.1479976442873925,1283319.311
10,B_improved,015360:2024-05-08,015360,2024-05-09,2024-05-24,8300.0,8600.0,154,3.464457831325296,1327602.011
10,B_improved,094280:2024-05-23,094280,2024-05-24,2024-06-10,13470.0,13230.0,98,-1.9317371937639272,1302101.9209999999
10,B_improved,051630:2024-06-07,051630,2024-06-10,2024-06-24,3366.0,3297.0,386,-2.1999108734402917,1273519.0069999998
10,B_improved,003570:2024-06-24,003570,2024-06-25,2024-07-09,22000.0,20800.0,57,-5.604545454545451,1203238.0069999998
10,B_improved,011780:2024-07-11,011780,2024-07-12,2024-07-26,164200.0,149900.0,7,-8.858891595615104,1101413.9069999997
10,B_improved,053350:2024-08-02,053350,2024-08-05,2024-08-20,3975.0,3195.0,277,-19.772641509433964,883702.2944999996
10,B_improved,000080:2024-08-19,000080,2024-08-20,2024-09-03,22250.0,20600.0,39,-7.565730337078646,818050.6694999996
10,B_improved,081580:2024-09-24,081580,2024-09-25,2024-10-14,4345.0,4825.0,188,10.897180667433837,907065.3794999996
10,B_improved,326030:2024-10-11,326030,2024-10-14,2024-10-28,120000.0,119300.0,7,-0.7333333333333303,900905.3794999996
10,B_improved,006800:2024-10-25,006800,2024-10-28,2024-11-11,9120.0,8682.0,98,-4.952631578947376,856640.7394999996
10,B_improved,127120:2024-11-12,127120,2024-11-13,2024-11-27,3965.0,3870.0,216,-2.545964691046665,834836.0794999995
10,B_improved,127120:2024-11-27,127120,2024-11-28,2024-12-12,4100.0,4080.0,203,-0.6378048780487755,829527.6294999996
10,B_improved,016090:2024-12-11,016090,2024-12-12,2024-12-27,2225.0,2270.0,372,1.87247191011235,845026.0794999995
10,B_improved,015360:2024-12-26,015360,2024-12-27,2025-01-14,10760.0,9850.0,78,-8.607249070631973,772787.1594999995
10,B_improved,204320:2025-01-14,204320,2025-01-15,2025-02-04,45000.0,41900.0,17,-7.038888888888883,718939.6594999995
10,B_improved,136480:2025-02-04,136480,2025-02-05,2025-02-19,2955.0,2955.0,243,-0.15000000000000568,717862.5619999995
10,B_improved,053350:2025-02-27,053350,2025-02-28,2025-03-17,4615.0,6110.0,155,32.2443661971831,948514.5744999994
10,B_improved,011230:2025-03-19,011230,2025-03-20,2025-04-03,3730.0,4140.0,254,10.841957104557643,1051233.4444999995
10,B_improved,310200:2025-04-02,310200,2025-04-03,2025-04-17,3250.0,3255.0,323,0.0038461538461431743,1051273.8194999995
10,B_improved,128540:2025-04-16,128540,2025-04-17,2025-05-02,1832.0,1881.0,573,2.5246724890829686,1077776.2154999995
10,B_improved,088980:2025-05-02,088980,2025-05-07,2025-05-21,11600.0,11510.0,92,-0.9258620689655217,1067895.4154999994
10,B_improved,003570:2025-05-20,003570,2025-05-21,2025-06-05,39000.0,47300.0,27,21.13205128205129,1290415.9154999994
10,B_improved,001130:2025-06-04,001130,2025-06-05,2025-06-20,14960.0,15600.0,86,4.12807486631015,1343526.0754999993
10,B_improved,088980:2025-06-19,088980,2025-06-20,2025-07-04,11920.0,11350.0,112,-4.931879194630873,1277683.5154999993
10,B_improved,081150:2025-07-03,081150,2025-07-04,2025-07-18,3420.0,3310.0,373,-3.366374269005845,1234740.0254999993
10,B_improved,415380:2025-08-11,415380,2025-08-12,2025-08-27,3211.0,3656.0,384,13.708611024602924,1403770.4894999992
10,B_improved,003570:2025-08-26,003570,2025-08-27,2025-09-10,64000.0,58900.0,21,-8.118749999999997,1294654.4894999992
10,B_improved,010130:2025-09-11,010130,2025-09-12,2025-09-26,925000.0,935000.0,1,0.9310810810810866,1303266.9894999992
10,B_improved,265520:2025-10-10,265520,2025-10-13,2025-10-27,20350.0,21300.0,64,4.518304668304651,1362113.3894999991
10,B_improved,015860:2025-10-24,015860,2025-10-27,2025-11-10,6590.0,7270.0,206,10.168664643399094,1500157.079499999
10,B_improved,105560:2025-11-10,105560,2025-11-11,2025-11-25,130000.0,122500.0,11,-5.919230769230765,1415512.079499999
10,B_improved,138360:2025-11-25,138360,2025-11-26,2025-12-10,1079.0,1069.0,1311,-1.076784059314173,1400280.225999999
10,B_improved,051630:2025-12-11,051630,2025-12-12,2025-12-29,3120.0,2545.0,448,-18.579487179487174,1140583.5859999992
15,A_baseline,114090:2023-01-02,114090,2023-01-03,2023-01-26,18750.0,20150.0,53,7.31666666666666,1072709.375
15,A_baseline,003830:2023-01-25,003830,2023-01-26,2023-02-16,130100.0,129700.0,8,-0.4574558032282794,1067948.175
15,A_baseline,073640:2023-02-15,073640,2023-02-16,2023-03-10,2360.0,2235.0,452,-5.446610169491517,1009848.0950000001
15,A_baseline,000430:2023-03-09,000430,2023-03-10,2023-03-31,3460.0,3500.0,291,1.0060693641618546,1019977.805
15,A_baseline,000430:2023-03-30,000430,2023-03-31,2023-04-21,3500.0,4030.0,291,14.99285714285714,1172680.0550000002
15,A_baseline,053350:2023-04-20,053350,2023-04-21,2023-05-16,4700.0,3850.0,249,-18.235106382978717,959274.6050000002
15,A_baseline,002700:2023-05-15,002700,2023-05-16,2023-06-08,2235.0,1950.0,429,-12.901677852348993,835571.3825000002
15,A_baseline,126640:2023-06-07,126640,2023-06-08,2023-06-29,2090.0,1920.0,399,-8.283971291866033,766490.5175000002
15,A_baseline,000850:2023-06-28,000850,2023-06-29,2023-07-20,39450.0,35350.0,19,-10.542902408111532,687466.1925000002
15,A_baseline,001740:2023-07-19,001740,2023-07-20,2023-08-10,5810.0,6500.0,118,11.72607573149742,767857.8225000002
15,A_baseline,001740:2023-08-09,001740,2023-08-10,2023-09-01,6500.0,7210.0,118,10.773076923076918,850487.3225000002
15,A_baseline,105560:2023-08-31,105560,2023-09-01,2023-09-22,54200.0,57300.0,15,5.56955719557195,895767.8225000002
15,A_baseline,089850:2023-09-21,089850,2023-09-22,2023-10-20,9159.0,7578.0,97,-17.411709793645603,741078.1880000002
15,A_baseline,105630:2023-10-19,105630,2023-10-20,2023-11-10,21100.0,23700.0,35,12.172274881516598,830970.4380000002
15,A_baseline,105630:2023-11-09,105630,2023-11-10,2023-12-01,23700.0,20700.0,35,-12.80822784810126,724726.1880000002
15,A_baseline,016360:2023-11-30,016360,2023-12-01,2023-12-22,38900.0,40850.0,18,4.862853470437001,758775.8880000002
15,A_baseline,279600:2023-12-21,279600,2023-12-22,2024-01-17,18982.0,20822.0,39,9.543393741439242,829425.4410000001
15,A_baseline,270870:2024-01-16,270870,2024-01-17,2024-02-07,7090.0,6990.0,116,-1.5604372355430218,816591.7810000001
15,A_baseline,003030:2024-02-07,003030,2024-02-08,2024-03-05,208500.0,217500.0,3,4.166546762589918,842653.5310000001
15,A_baseline,015360:2024-03-04,015360,2024-03-05,2024-03-26,7680.0,8280.0,109,7.662499999999994,906797.851
15,A_baseline,009300:2024-03-25,009300,2024-03-26,2024-04-17,16800.0,15720.0,53,-6.578571428571422,848222.251
15,A_baseline,001460:2024-04-08,001460,2024-04-17,2024-05-10,46250.0,39450.0,18,-14.852702702702702,724573.501
15,A_baseline,015360:2024-05-09,015360,2024-05-10,2024-06-03,8480.0,8900.0,85,4.802830188679241,759192.3010000001
15,A_baseline,011780:2024-05-31,011780,2024-06-03,2024-06-25,148400.0,153000.0,5,2.9497304582210226,781079.3010000001
15,A_baseline,003570:2024-06-24,003570,2024-06-25,2024-07-16,22000.0,20650.0,35,-6.286363636363634,732674.3010000001
15,A_baseline,006360:2024-07-15,006360,2024-07-16,2024-08-06,17260.0,17200.0,42,-0.4976245654692901,729066.9210000001
15,A_baseline,064850:2024-08-06,064850,2024-08-07,2024-08-29,7780.0,9340.0,93,19.901413881748063,873061.611
15,A_baseline,064850:2024-08-28,064850,2024-08-29,2024-09-24,9340.0,38450.0,93,311.5202355460386,3578988.681
15,A_baseline,064850:2024-09-23,064850,2024-09-24,2024-10-21,38450.0,11880.0,93,-69.25273081924577,1102614.906
15,A_baseline,015360:2024-10-18,015360,2024-10-21,2024-11-11,9590.0,10180.0,114,6.002241918665296,1168235.016
15,A_baseline,003570:2024-11-08,003570,2024-11-11,2024-12-02,26300.0,19640.0,44,-25.473193916349814,873459.216
15,A_baseline,105560:2024-11-29,105560,2024-12-02,2024-12-23,96800.0,86300.0,9,-10.99710743801653,777652.416
15,A_baseline,127120:2024-12-20,127120,2024-12-23,2025-01-16,5000.0,5250.0,155,4.849999999999999,815239.916
15,A_baseline,058860:2025-01-15,058860,2025-01-16,2025-02-12,2765.0,2760.0,294,-0.3308318264014454,812550.551
15,A_baseline,016090:2025-02-11,016090,2025-02-12,2025-03-06,2300.0,2300.0,353,-0.14999999999999458,811332.701
15,A_baseline,006040:2025-03-05,006040,2025-03-06,2025-03-27,35850.0,37400.0,22,4.173570432357043,844249.651
15,A_baseline,016920:2025-03-26,016920,2025-03-27,2025-04-17,2330.0,2105.0,362,-9.806652360515011,761534.461
15,A_baseline,006040:2025-04-16,006040,2025-04-17,2025-05-13,41750.0,41650.0,18,-0.38952095808383325,758607.211
15,A_baseline,000850:2025-05-12,000850,2025-05-13,2025-06-04,29500.0,32000.0,25,8.324576271186434,820000.961
15,A_baseline,001130:2025-06-02,001130,2025-06-04,2025-06-26,14520.0,15000.0,56,3.1557851239669255,845661.281
15,A_baseline,001460:2025-06-25,001460,2025-06-26,2025-07-17,39000.0,41500.0,21,6.260256410256404,896932.781
15,A_baseline,000850:2025-07-16,000850,2025-07-17,2025-08-07,34750.0,32200.0,25,-7.488129496402873,831879.656
15,A_baseline,036620:2025-08-06,036620,2025-08-07,2025-08-29,6150.0,5660.0,135,-8.117479674796746,764484.281
15,A_baseline,006220:2025-08-28,006220,2025-08-29,2025-09-19,14700.0,14030.0,52,-4.7078231292516985,728497.681
15,A_baseline,011170:2025-09-18,011170,2025-09-19,2025-10-17,67300.0,71500.0,10,6.090713224368494,769488.181
15,A_baseline,006800:2025-10-16,006800,2025-10-17,2025-11-07,21705.0,23050.0,35,6.046728864316986,815423.6685
15,A_baseline,001740:2025-11-06,001740,2025-11-07,2025-11-28,4720.0,4535.0,172,-4.06949152542373,782385.9085
15,A_baseline,003080:2025-11-27,003080,2025-11-28,2025-12-19,2885.0,2840.0,271,-1.7097920277296286,769018.1560000001
15,A_baseline,309960:2025-12-18,309960,2025-12-19,2026-01-14,5940.0,5100.0,129,-14.291414141414139,659508.7660000001
15,B_improved,105560:2023-01-10,105560,2023-01-11,2023-02-03,57700.0,56000.0,17,-3.0962738301559822,969628.65
15,B_improved,002700:2023-02-02,002700,2023-02-03,2023-02-24,2100.0,2115.0,461,0.5642857142857061,975091.5
15,B_improved,000850:2023-02-23,000850,2023-02-24,2023-03-20,33650.0,37600.0,28,11.588484398216936,1084278.2
15,B_improved,000850:2023-03-17,000850,2023-03-20,2023-04-10,37600.0,38150.0,28,1.3127659574468042,1098099.0
15,B_improved,126640:2023-04-11,126640,2023-04-12,2023-05-04,1765.0,1778.0,622,0.5865439093484248,1104538.255
15,B_improved,000430:2023-05-10,000430,2023-05-11,2023-06-02,4510.0,4225.0,244,-6.469290465631927,1033347.5949999999
15,B_improved,064850:2023-06-02,064850,2023-06-05,2023-06-27,8920.0,7960.0,115,-10.912331838565015,921408.8949999999
15,B_improved,026890:2023-06-26,026890,2023-06-27,2023-07-18,6860.0,6500.0,134,-5.397813411078712,871790.0349999999
15,B_improved,001740:2023-07-18,001740,2023-07-19,2023-08-09,5690.0,6230.0,153,9.340333919156407,953104.1799999999
15,B_improved,001740:2023-08-09,001740,2023-08-10,2023-09-01,6500.0,7210.0,146,10.773076923076918,1055340.68
15,B_improved,105560:2023-08-31,105560,2023-09-01,2023-09-22,54200.0,57300.0,19,5.56955719557195,1112695.98
15,B_improved,105630:2023-10-31,105630,2023-11-01,2023-11-22,23000.0,23250.0,48,0.9369565217391296,1123039.98
15,B_improved,279600:2023-12-11,279600,2023-12-12,2024-01-05,16221.0,20918.0,69,28.806291227421244,1445454.1065
15,B_improved,089850:2024-01-11,089850,2024-01-12,2024-02-02,8708.0,8009.0,165,-8.177101515847497,1327963.8765
15,B_improved,163560:2024-02-05,163560,2024-02-06,2024-02-29,6650.0,9720.0,199,46.015413533834604,1936908.8515
15,B_improved,088980:2024-02-29,088980,2024-03-04,2024-03-25,12708.0,12748.0,152,0.16476235442239862,1940091.4275
15,B_improved,015360:2024-03-25,015360,2024-03-26,2024-04-17,8280.0,7680.0,234,-7.396376811594207,1796785.1475
15,B_improved,026890:2024-04-16,026890,2024-04-17,2024-05-10,8490.0,9190.0,211,8.0949941107185,1941798.0625
15,B_improved,015360:2024-05-09,015360,2024-05-10,2024-06-03,8480.0,8900.0,228,4.802830188679241,2034657.9025
15,B_improved,051630:2024-06-07,051630,2024-06-10,2024-07-01,3366.0,3310.0,604,-1.813695781342839,1997784.3065000002
15,B_improved,105560:2024-07-02,105560,2024-07-03,2024-07-24,84300.0,89400.0,23,5.899822064056925,2112175.9565000003
15,B_improved,053350:2024-08-02,053350,2024-08-05,2024-08-27,3975.0,3165.0,531,-20.527358490566026,1678899.8690000004
15,B_improved,064850:2024-08-26,064850,2024-08-27,2024-09-20,8680.0,19150.0,193,120.47211981566824,3697097.0090000005
15,B_improved,081580:2024-09-24,081580,2024-09-25,2024-10-21,4345.0,4700.0,850,8.02031070195628,3993307.1340000005
15,B_improved,015360:2024-10-18,015360,2024-10-21,2024-11-11,9590.0,10180.0,416,6.002241918665274,4232762.974
15,B_improved,127120:2024-11-12,127120,2024-11-13,2024-12-04,3965.0,4100.0,1067,3.254791929382095,4370461.9915000005
15,B_improved,105560:2024-12-03,105560,2024-12-04,2024-12-26,97300.0,86600.0,44,-11.14691675231243,3893240.1915000007
15,B_improved,015360:2024-12-26,015360,2024-12-27,2025-01-21,10760.0,10020.0,361,-7.0273234200743495,3620273.6515000006
15,B_improved,136480:2025-01-21,136480,2025-01-22,2025-02-18,2910.0,2950.0,1244,1.2245704467353846,3664603.5915000006
15,B_improved,053350:2025-02-27,053350,2025-02-28,2025-03-24,4615.0,7520.0,794,62.796912242686886,5965677.126500001
15,B_improved,030210:2025-03-25,030210,2025-03-26,2025-04-16,3340.0,3440.0,1786,2.844011976047889,6135329.266500001
15,B_improved,006040:2025-04-15,006040,2025-04-16,2025-05-12,39450.0,42950.0,155,8.721989860583012,6668657.141500001
15,B_improved,215200:2025-05-09,215200,2025-05-12,2025-06-02,53600.0,51800.0,124,-3.5082089552238793,6435487.541500001
15,B_improved,001130:2025-05-30,001130,2025-06-02,2025-06-25,14260.0,14960.0,451,4.7588359046283335,6741540.651500002
15,B_improved,003080:2025-06-24,003080,2025-06-25,2025-07-16,2835.0,2900.0,2377,2.142768959435637,6885937.459000002
15,B_improved,003080:2025-07-15,003080,2025-07-16,2025-08-06,2900.0,2830.0,2374,-2.5637931034482864,6709430.559000001
15,B_improved,415380:2025-08-11,415380,2025-08-12,2025-09-03,3211.0,4219.0,2089,31.242089691684825,8805080.890500002
15,B_improved,170920:2025-09-08,170920,2025-09-09,2025-09-30,12990.0,19730.0,677,51.73606620477289,13354869.545500001
15,B_improved,265520:2025-10-10,265520,2025-10-13,2025-11-03,20350.0,20000.0,656,-1.8699017199017232,13105245.1455
15,B_improved,326030:2025-11-04,326030,2025-11-05,2025-11-26,123500.0,132000.0,106,6.732591093117413,13986608.6455
15,B_improved,138360:2025-11-25,138360,2025-11-26,2025-12-17,1079.0,1008.0,12962,-6.730166821130668,13045327.648500001
15,B_improved,064850:2025-12-16,064850,2025-12-17,2026-01-12,8970.0,8820.0,1454,-1.8222408026755899,12807664.0785
20,A_baseline,114090:2023-01-02,114090,2023-01-03,2023-02-02,18750.0,20350.0,53,8.383333333333344,1083309.375
20,A_baseline,006800:2023-02-01,006800,2023-02-02,2023-03-03,6969.0,7039.0,155,0.8544482709140544,1092539.0825
20,A_baseline,000430:2023-03-02,000430,2023-03-03,2023-03-31,3435.0,3500.0,318,1.7422852983988157,1111570.5875
20,A_baseline,000430:2023-03-30,000430,2023-03-31,2023-04-28,3500.0,4020.0,317,14.707142857142852,1274746.3375
20,A_baseline,011230:2023-04-27,011230,2023-04-28,2023-06-01,7328.0,8720.0,173,18.845633187772926,1513660.7215
20,A_baseline,004870:2023-05-31,004870,2023-06-01,2023-06-30,3120.0,2996.0,485,-4.124358974358977,1451250.9215
20,A_baseline,003030:2023-06-29,003030,2023-06-30,2023-07-28,204000.0,196100.0,7,-4.022549019607846,1393808.9215
20,A_baseline,220100:2023-08-01,220100,2023-08-02,2023-08-31,8703.0,10090.0,160,15.787033206940148,1613640.2015
20,A_baseline,016360:2023-08-30,016360,2023-08-31,2023-10-04,37550.0,36400.0,42,-3.212583222370169,1562974.5515
20,A_baseline,056080:2023-09-27,056080,2023-10-04,2023-11-02,13550.0,10770.0,115,-20.666605166051667,1240937.1765
20,A_baseline,015360:2023-11-01,015360,2023-11-02,2023-11-30,6660.0,7020.0,186,5.255405405405411,1306039.0365000002
20,A_baseline,016360:2023-11-30,016360,2023-12-01,2024-01-03,38900.0,38100.0,33,-2.206555269922883,1277713.4865
20,A_baseline,002700:2024-01-02,002700,2024-01-03,2024-01-31,1906.0,1857.0,670,-2.7208289611752368,1242967.9565
20,A_baseline,003030:2024-01-31,003030,2024-02-01,2024-03-05,220000.0,217500.0,5,-1.286363636363641,1228817.9565
20,A_baseline,015360:2024-03-04,015360,2024-03-05,2024-04-02,7680.0,7700.0,160,0.11041666666666838,1230174.7565000001
20,A_baseline,003030:2024-04-01,003030,2024-04-02,2024-05-02,224500.0,229000.0,5,1.854454342984413,1250991.0065000001
20,A_baseline,457190:2024-04-22,457190,2024-05-02,2024-06-03,67000.0,50000.0,18,-25.52313432835821,943182.0065000001
20,A_baseline,011780:2024-05-31,011780,2024-06-03,2024-07-02,148400.0,145600.0,6,-2.036792452830183,925046.4065000002
20,A_baseline,051630:2024-07-01,051630,2024-07-02,2024-07-30,3311.0,3178.0,279,-4.166913319238907,886553.7530000001
20,A_baseline,003570:2024-07-29,003570,2024-07-30,2024-08-28,22550.0,20850.0,39,-7.688802660753891,818934.5780000001
20,A_baseline,064850:2024-08-27,064850,2024-08-28,2024-10-02,9190.0,15530.0,89,68.8380304678999,1381967.713
20,A_baseline,015360:2024-09-30,015360,2024-10-02,2024-11-01,9130.0,10200.0,151,11.56960569550931,1541469.768
20,A_baseline,001740:2024-10-31,001740,2024-11-01,2024-11-29,5200.0,4425.0,296,-15.053846153846163,1309760.9679999999
20,A_baseline,010130:2024-11-28,010130,2024-11-29,2024-12-30,1154000.0,1025000.0,1,-11.328509532062391,1179029.9679999999
20,A_baseline,016090:2024-12-27,016090,2024-12-30,2025-02-04,2280.0,2300.0,517,0.7271929824561596,1187601.828
20,A_baseline,051630:2025-02-03,051630,2025-02-04,2025-03-05,4760.0,4095.0,249,-14.120588235294118,1020238.968
20,A_baseline,003030:2025-03-04,003030,2025-03-05,2025-04-02,252500.0,233000.0,4,-7.872772277227725,940723.968
20,A_baseline,015020:2025-04-01,015020,2025-04-02,2025-04-30,3998.0,2800.0,235,-30.114982491245623,657784.673
20,A_baseline,006800:2025-04-29,006800,2025-04-30,2025-06-02,10833.0,15701.0,60,44.786767285147235,948889.703
20,A_baseline,001130:2025-05-30,001130,2025-06-02,2025-07-02,14260.0,15400.0,66,7.844389901823279,1022717.963
20,A_baseline,000080:2025-07-01,000080,2025-07-02,2025-07-30,20850.0,20200.0,49,-3.2675059952038343,989335.488
20,A_baseline,003570:2025-07-29,003570,2025-07-30,2025-08-28,55000.0,60400.0,17,9.668181818181809,1079732.988
20,A_baseline,014680:2025-08-27,014680,2025-08-28,2025-09-25,173900.0,213000.0,6,22.334186313973547,1312767.8879999998
20,A_baseline,014680:2025-09-24,014680,2025-09-25,2025-10-30,213000.0,222500.0,6,4.310093896713618,1367850.8879999998
20,A_baseline,010130:2025-10-29,010130,2025-10-30,2025-11-27,1167000.0,1163000.0,1,-0.49275921165381487,1362100.3879999998
20,A_baseline,019170:2025-11-26,019170,2025-11-27,2025-12-26,14840.0,14200.0,91,-4.462668463611852,1301834.728
20,A_baseline,126640:2025-12-24,126640,2025-12-26,2026-01-27,1334.0,1369.0,975,2.473688155922038,1334008.7529999998
20,B_improved,105560:2023-01-10,105560,2023-01-11,2023-02-10,57700.0,54200.0,17,-6.21585788561525,939028.65
20,B_improved,094280:2023-02-09,094280,2023-02-10,2023-03-13,15010.0,14290.0,62,-4.946802131912065,892992.72
20,B_improved,000850:2023-03-17,000850,2023-03-20,2023-04-17,37600.0,39050.0,23,3.7063829787234104,925045.52
20,B_improved,344820:2023-04-14,344820,2023-04-17,2023-05-17,43900.0,40900.0,21,-6.983712984054669,860662.67
20,B_improved,088980:2023-05-30,088980,2023-05-31,2023-06-29,13166.0,12678.0,65,-3.8565167856600358,827658.985
20,B_improved,008260:2023-06-28,008260,2023-06-29,2023-07-27,7750.0,6630.0,106,-14.601612903225803,707706.735
20,B_improved,326030:2023-08-01,326030,2023-08-02,2023-08-31,90000.0,86300.0,7,-4.2611111111111155,680861.735
20,B_improved,105560:2023-08-31,105560,2023-09-01,2023-10-05,54200.0,54700.0,12,0.7725092250922438,685886.135
20,B_improved,105630:2023-10-31,105630,2023-11-01,2023-11-29,23000.0,21850.0,29,-5.149999999999999,651535.635
20,B_improved,279600:2023-12-11,279600,2023-12-12,2024-01-12,16221.0,21657.0,40,33.36211392639172,868002.375
20,B_improved,089850:2024-01-11,089850,2024-01-12,2024-02-13,8708.0,8003.0,99,-8.24600367478181,796914.237
20,B_improved,006800:2024-02-16,006800,2024-02-19,2024-03-19,8911.0,8005.0,89,-10.317209067444733,715090.6185
20,B_improved,015860:2024-03-18,015860,2024-03-19,2024-04-17,4520.0,4010.0,158,-11.43318584070796,633439.3785
20,B_improved,026890:2024-04-16,026890,2024-04-17,2024-05-20,8490.0,9880.0,74,16.222202591283864,735356.9885
20,B_improved,001130:2024-05-17,001130,2024-05-20,2024-06-18,13980.0,14680.0,52,4.857153075822618,770666.5485
20,B_improved,003570:2024-06-20,003570,2024-06-21,2024-07-19,20450.0,21100.0,37,3.0284841075794544,793581.5735
20,B_improved,053350:2024-08-02,053350,2024-08-05,2024-09-03,3975.0,3200.0,199,-19.646855345911952,638170.0360000001
20,B_improved,081580:2024-09-24,081580,2024-09-25,2024-10-28,4345.0,4570.0,146,5.028365937859602,670068.481
20,B_improved,006800:2024-10-25,006800,2024-10-28,2024-11-25,9120.0,8771.0,73,-3.976754385964909,643592.841
20,B_improved,127120:2024-11-27,127120,2024-11-28,2024-12-27,4100.0,5620.0,156,36.92317073170732,879753.441
20,B_improved,015360:2024-12-26,015360,2024-12-27,2025-02-03,10760.0,10120.0,81,-6.097955390334564,826606.101
20,B_improved,136480:2025-02-04,136480,2025-02-05,2025-03-06,2955.0,2970.0,279,0.3576142131979765,829554.4335
20,B_improved,011230:2025-03-19,011230,2025-03-20,2025-04-17,3730.0,3945.0,222,5.614075067024138,876042.3435000001
20,B_improved,128540:2025-04-16,128540,2025-04-17,2025-05-20,1832.0,1665.0,478,-9.265720524017462,794902.7995000001
20,B_improved,006040:2025-05-19,006040,2025-05-20,2025-06-19,46650.0,46700.0,17,-0.04281886387995648,794563.2245000001
20,B_improved,319400:2025-06-18,319400,2025-06-19,2025-07-17,4575.0,5140.0,173,12.199726775956288,891121.0120000001
20,B_improved,000850:2025-07-16,000850,2025-07-17,2025-08-14,34750.0,31350.0,25,-9.9341726618705,804817.8870000001
20,B_improved,265520:2025-08-13,265520,2025-08-14,2025-09-12,19110.0,17760.0,42,-7.214364207221358,746913.957
20,B_improved,064850:2025-09-12,064850,2025-09-15,2025-10-20,8930.0,8280.0,83,-7.428835386338195,691852.172
20,B_improved,011170:2025-10-17,011170,2025-10-20,2025-11-17,72000.0,86400.0,9,19.84999999999999,820480.172
20,B_improved,138360:2025-11-25,138360,2025-11-26,2025-12-24,1079.0,980.0,760,-9.32516218721039,744010.112
