policy,date,equity_krw,holding_ticker
A_baseline_wide,2025-10-10,1000000.0,
A_baseline_wide,2025-10-13,1014954.94,143540
A_baseline_wide,2025-10-14,1003095.73,143540
A_baseline_wide,2025-10-15,1020225.7,143540
A_baseline_wide,2025-10-16,1017590.32,143540
A_baseline_wide,2025-10-17,956660.33,
A_baseline_wide,2025-10-20,984417.06,187870
A_baseline_wide,2025-10-21,992002.76,187870
A_baseline_wide,2025-10-22,989027.98,187870
A_baseline_wide,2025-10-23,973112.88,187870
A_baseline_wide,2025-10-24,952586.86,187870
A_baseline_wide,2025-10-27,915342.55,
A_baseline_wide,2025-10-28,913592.38,187870
A_baseline_wide,2025-10-29,901173.15,187870
A_baseline_wide,2025-10-30,875912.15,
A_baseline_wide,2025-10-31,861322.19,143540
A_baseline_wide,2025-11-03,844027.51,143540
A_baseline_wide,2025-11-04,837939.78,
A_baseline_wide,2025-11-05,837939.78,
A_baseline_wide,2025-11-06,826729.44,067080
A_baseline_wide,2025-11-07,802017.96,
A_baseline_wide,2025-11-10,802017.96,
A_baseline_wide,2025-11-11,863102.6,
A_baseline_wide,2025-11-12,863102.6,
A_baseline_wide,2025-11-13,875394.88,067080
A_baseline_wide,2025-11-14,857067.01,067080
A_baseline_wide,2025-11-17,865212.73,067080
A_baseline_wide,2025-11-18,835175.38,067080
A_baseline_wide,2025-11-19,826113.27,
A_baseline_wide,2025-11-20,826113.27,
A_baseline_wide,2025-11-21,828770.39,067080
A_baseline_wide,2025-11-24,830766.89,067080
A_baseline_wide,2025-11-25,847238.02,067080
A_baseline_wide,2025-11-26,869199.52,067080
A_baseline_wide,2025-11-27,888665.39,
A_baseline_wide,2025-11-28,896425.99,045300
A_baseline_wide,2025-12-01,893640.87,045300
A_baseline_wide,2025-12-02,885564.03,045300
A_baseline_wide,2025-12-03,884171.47,045300
A_baseline_wide,2025-12-04,879993.8,045300
A_baseline_wide,2025-12-05,897818.55,045300
A_baseline_wide,2025-12-08,888349.15,
A_baseline_wide,2025-12-09,873527.4,143540
A_baseline_wide,2025-12-10,888762.69,143540
A_baseline_wide,2025-12-11,895794.36,143540
A_baseline_wide,2025-12-12,894622.42,143540
A_baseline_wide,2025-12-15,893450.47,143540
A_baseline_wide,2025-12-16,879387.13,143540
A_baseline_wide,2025-12-17,886418.8,
A_baseline_wide,2025-12-18,880976.2,143540
A_baseline_wide,2025-12-19,904435.07,143540
A_baseline_wide,2025-12-22,925548.06,143540
A_baseline_wide,2025-12-23,953980.22,
A_baseline_wide,2025-12-24,946054.78,187870
A_baseline_wide,2025-12-26,939538.2,187870
A_baseline_wide,2025-12-29,912715.46,
A_baseline_wide,2025-12-30,909022.29,067080
A_baseline_wide,2026-01-02,931343.16,067080
A_baseline_wide,2026-01-05,923037.72,067080
A_baseline_wide,2026-01-06,888777.78,067080
A_baseline_wide,2026-01-07,873329.67,
A_baseline_wide,2026-01-08,850030.34,083500
A_baseline_wide,2026-01-09,835671.51,
A_baseline_wide,2026-01-12,835671.51,
A_baseline_wide,2026-01-13,899366.37,
A_baseline_wide,2026-01-14,899366.37,
A_baseline_wide,2026-01-15,899366.37,
A_baseline_wide,2026-01-16,890675.36,187870
A_baseline_wide,2026-01-19,908552.02,187870
A_baseline_wide,2026-01-20,908552.02,187870
A_baseline_wide,2026-01-21,915436.95,187870
A_baseline_wide,2026-01-22,912296.46,187870
A_baseline_wide,2026-01-23,912296.46,187870
A_baseline_wide,2026-01-26,922201.09,
A_baseline_wide,2026-01-27,938797.7,187870
A_baseline_wide,2026-01-28,956674.36,187870
A_baseline_wide,2026-01-29,961626.67,187870
A_baseline_wide,2026-01-30,959090.12,187870
A_baseline_wide,2026-02-02,992292.4,
A_baseline_wide,2026-02-03,992292.4,
A_baseline_wide,2026-02-04,986499.71,046210
A_baseline_wide,2026-02-05,949299.56,
A_baseline_wide,2026-02-06,1021226.56,
A_baseline_wide,2026-02-09,1098911.86,
A_baseline_wide,2026-02-10,1051411.17,
A_baseline_wide,2026-02-11,1006155.33,
A_baseline_wide,2026-02-12,962566.29,
A_baseline_wide,2026-02-13,962566.29,
A_baseline_wide,2026-02-19,996937.62,083500
A_baseline_wide,2026-02-20,979268.6,083500
A_baseline_wide,2026-02-23,1035055.6,
A_baseline_wide,2026-02-24,1009450.92,083500
A_baseline_wide,2026-02-25,990344.41,
A_baseline_wide,2026-02-26,1029179.62,083500
A_baseline_wide,2026-02-27,973018.07,083500
A_baseline_wide,2026-03-03,934805.06,
A_baseline_wide,2026-03-04,934805.06,
A_baseline_wide,2026-03-05,934805.06,
A_baseline_wide,2026-03-06,1005911.5,
A_baseline_wide,2026-03-09,1005911.5,
A_baseline_wide,2026-03-10,976748.42,046210
A_baseline_wide,2026-03-11,1043451.49,046210
A_baseline_wide,2026-03-12,1082447.12,
A_baseline_wide,2026-03-13,1087802.16,243840
A_baseline_wide,2026-03-16,1060400.2,243840
A_baseline_wide,2026-03-17,1164893.02,
A_baseline_wide,2026-03-18,1252855.15,
A_baseline_wide,2026-03-19,1232713.11,143540
A_baseline_wide,2026-03-20,1234815.42,143540
A_baseline_wide,2026-03-23,1247429.31,143540
A_baseline_wide,2026-03-24,1348298.36,
A_baseline_wide,2026-03-25,1289853.57,
A_baseline_wide,2026-03-26,1233936.57,
A_baseline_wide,2026-03-27,1305413.59,187870
A_baseline_wide,2026-03-30,1180751.41,
A_baseline_wide,2026-03-31,1205457.87,083500
A_baseline_wide,2026-04-01,1270703.49,
A_baseline_wide,2026-04-02,1270703.49,
A_baseline_wide,2026-04-03,1270703.49,
A_baseline_wide,2026-04-06,1223461.79,046210
A_baseline_wide,2026-04-07,1215649.89,
A_baseline_wide,2026-04-08,1215649.89,
A_baseline_wide,2026-04-09,1205666.37,083500
A_baseline_wide,2026-04-10,1251665.73,083500
A_baseline_wide,2026-04-13,1258134.39,083500
A_baseline_wide,2026-04-14,1308014.94,
A_baseline_wide,2026-04-15,1308014.94,
A_baseline_wide,2026-04-16,1308014.94,
A_baseline_wide,2026-04-17,1308014.94,
A_baseline_wide,2026-04-20,1251551.95,
A_baseline_wide,2026-04-21,1238056.15,005160
A_baseline_wide,2026-04-22,1243536.55,005160
A_baseline_wide,2026-04-23,1254497.33,005160
A_baseline_wide,2026-04-24,1280072.5,005160
A_baseline_wide,2026-04-27,1346714.07,
A_baseline_wide,2026-04-28,1288545.23,
A_baseline_wide,2026-04-29,1305915.22,084990
A_baseline_wide,2026-04-30,1259276.98,084990
A_baseline_wide,2026-05-04,1275308.87,084990
A_baseline_wide,2026-05-06,1232809.77,
A_baseline_wide,2026-05-07,1221462.59,115450
A_baseline_wide,2026-05-08,1179458.63,
A_baseline_wide,2026-05-11,1128426.2,
A_baseline_wide,2026-05-12,1079526.41,
A_baseline_wide,2026-05-13,1079526.41,
A_baseline_wide,2026-05-14,1033481.93,
A_baseline_wide,2026-05-15,988693.65,
A_baseline_wide,2026-05-18,1004667.88,143540
A_baseline_wide,2026-05-19,1064000.27,
A_baseline_wide,2026-05-20,1064000.27,
A_baseline_wide,2026-05-21,1064000.27,
A_baseline_wide,2026-05-22,1064000.27,
A_baseline_wide,2026-05-26,1064000.27,
A_baseline_wide,2026-05-27,1143891.92,
A_baseline_wide,2026-05-28,1094302.89,
A_baseline_wide,2026-05-29,1094302.89,
A_baseline_wide,2026-06-01,1094302.89,
A_baseline_wide,2026-06-02,1094302.89,
A_baseline_wide,2026-06-04,1094302.89,
A_baseline_wide,2026-06-05,1047754.62,
A_baseline_wide,2026-06-08,1047754.62,
A_baseline_wide,2026-06-09,1047754.62,
A_baseline_wide,2026-06-10,1047754.62,
A_baseline_wide,2026-06-11,1047754.62,
A_baseline_wide,2026-06-12,1047754.62,
A_baseline_wide,2026-06-15,1047754.62,
A_baseline_wide,2026-06-16,1002934.86,
A_baseline_wide,2026-06-17,1002934.86,
A_baseline_wide,2026-06-18,1002934.86,
A_baseline_wide,2026-06-19,1002934.86,
A_baseline_wide,2026-06-22,1002934.86,
A_baseline_wide,2026-06-23,1002934.86,
A_baseline_wide,2026-06-24,1002934.86,
A_baseline_wide,2026-06-25,1002934.86,
A_baseline_wide,2026-06-26,1002934.86,
A_baseline_wide,2026-06-29,1002934.86,
A_baseline_wide,2026-06-30,1002934.86,
A_baseline_wide,2026-07-01,1002934.86,
A_baseline_wide,2026-07-02,1002934.86,
A_baseline_wide,2026-07-03,1002934.86,
A_baseline_wide,2026-07-06,1002934.86,
A_baseline_wide,2026-07-07,1002934.86,
A_baseline_wide,2026-07-08,1002934.86,
A_baseline_wide,2026-07-09,1002934.86,
A_baseline_wide,2026-07-10,1002934.86,
A_baseline_wide,2026-07-13,1002934.86,
A_baseline_wide,2026-07-14,1002934.86,
A_baseline_wide,2026-07-15,1002934.86,
A_baseline_wide,2026-07-16,1002934.86,
A_baseline_wide,2026-07-20,1002934.86,
A_baseline_wide,2026-07-21,1002934.86,
A_baseline_wide,2026-07-22,1002934.86,
A_baseline_wide,2026-07-23,1002934.86,
A_baseline_wide,2026-07-24,1002934.86,
A_baseline_wide,2026-07-27,1002934.86,
A_baseline_wide,2026-07-28,1002934.86,
A_baseline_wide,2026-07-29,1002934.86,
A_baseline_wide,2026-07-30,1002934.86,
A_baseline_wide,2026-07-31,1002934.86,
A_baseline_wide,2026-08-03,1002934.86,
A_baseline_wide,2026-08-04,1002934.86,
A_baseline_wide,2026-08-05,1002934.86,
A_baseline_wide,2026-08-06,1002934.86,
A_baseline_wide,2026-08-07,1002934.86,
A_baseline_wide,2026-08-10,1002934.86,
A_baseline_wide,2026-08-11,1002934.86,
A_baseline_wide,2026-08-12,1002934.86,
A_baseline_wide,2026-08-13,1002934.86,
A_baseline_wide,2026-08-14,1002934.86,
A_baseline_wide,2026-08-18,1002934.86,
A_baseline_wide,2026-08-19,1002934.86,
A_baseline_wide,2026-08-20,1002934.86,
A_baseline_wide,2026-08-21,1002934.86,
A_baseline_wide,2026-08-24,1002934.86,
A_baseline_wide,2026-08-25,1002934.86,
A_baseline_wide,2026-08-26,1002934.86,
A_baseline_wide,2026-08-27,1002934.86,
A_baseline_wide,2026-08-28,1002934.86,
A_baseline_wide,2026-08-31,1002934.86,
A_baseline_wide,2026-09-01,1002934.86,
A_baseline_wide,2026-09-02,1002934.86,
A_baseline_wide,2026-09-03,1002934.86,
A_baseline_wide,2026-09-04,1002934.86,
A_baseline_wide,2026-09-07,1002934.86,
A_baseline_wide,2026-09-08,1002934.86,
A_baseline_wide,2026-09-09,1002934.86,
A_baseline_wide,2026-09-10,1002934.86,
A_baseline_wide,2026-09-11,1002934.86,
A_baseline_wide,2026-09-14,1002934.86,
A_baseline_wide,2026-09-15,1002934.86,
A_baseline_wide,2026-09-16,1002934.86,
A_baseline_wide,2026-09-17,1002934.86,
A_baseline_wide,2026-09-18,1002934.86,
A_baseline_wide,2026-09-21,1002934.86,
A_baseline_wide,2026-09-22,1002934.86,
A_baseline_wide,2026-09-23,1002934.86,
A_baseline_wide,2026-09-28,1002934.86,
A_baseline_wide,2026-09-29,1002934.86,
A_baseline_wide,2026-09-30,1002934.86,
A_baseline_wide,2026-10-01,1002934.86,
A_baseline_wide,2026-10-02,1002934.86,
A_baseline_wide,2026-10-06,1002934.86,
A_baseline_wide,2026-10-07,1002934.86,
A_baseline_wide,2026-10-08,1078926.04,
B_no_breakout,2025-10-10,1000000.0,
B_no_breakout,2025-10-13,1014954.94,143540
B_no_breakout,2025-10-14,1003095.73,143540
B_no_breakout,2025-10-15,1020225.7,143540
B_no_breakout,2025-10-16,1017590.32,143540
B_no_breakout,2025-10-17,956660.33,
B_no_breakout,2025-10-20,984417.06,187870
B_no_breakout,2025-10-21,992002.76,187870
B_no_breakout,2025-10-22,989027.98,187870
B_no_breakout,2025-10-23,973112.88,187870
B_no_breakout,2025-10-24,952586.86,187870
B_no_breakout,2025-10-27,915342.55,
B_no_breakout,2025-10-28,913592.38,187870
B_no_breakout,2025-10-29,901173.15,187870
B_no_breakout,2025-10-30,875912.15,
B_no_breakout,2025-10-31,861322.19,143540
B_no_breakout,2025-11-03,844027.51,143540
B_no_breakout,2025-11-04,837939.78,
B_no_breakout,2025-11-05,837939.78,
B_no_breakout,2025-11-06,826729.44,067080
B_no_breakout,2025-11-07,802017.96,
B_no_breakout,2025-11-10,802017.96,
B_no_breakout,2025-11-11,863102.6,
B_no_breakout,2025-11-12,863102.6,
B_no_breakout,2025-11-13,875394.88,067080
B_no_breakout,2025-11-14,857067.01,067080
B_no_breakout,2025-11-17,865212.73,067080
B_no_breakout,2025-11-18,835175.38,067080
B_no_breakout,2025-11-19,826113.27,
B_no_breakout,2025-11-20,826113.27,
B_no_breakout,2025-11-21,828770.39,067080
B_no_breakout,2025-11-24,830766.89,067080
B_no_breakout,2025-11-25,847238.02,067080
B_no_breakout,2025-11-26,869199.52,067080
B_no_breakout,2025-11-27,888665.39,
B_no_breakout,2025-11-28,896425.99,045300
B_no_breakout,2025-12-01,893640.87,045300
B_no_breakout,2025-12-02,885564.03,045300
B_no_breakout,2025-12-03,884171.47,045300
B_no_breakout,2025-12-04,879993.8,045300
B_no_breakout,2025-12-05,897818.55,045300
B_no_breakout,2025-12-08,888349.15,
B_no_breakout,2025-12-09,873527.4,143540
B_no_breakout,2025-12-10,888762.69,143540
B_no_breakout,2025-12-11,895794.36,143540
B_no_breakout,2025-12-12,894622.42,143540
B_no_breakout,2025-12-15,893450.47,143540
B_no_breakout,2025-12-16,879387.13,143540
B_no_breakout,2025-12-17,886418.8,
B_no_breakout,2025-12-18,880976.2,143540
B_no_breakout,2025-12-19,904435.07,143540
B_no_breakout,2025-12-22,925548.06,143540
B_no_breakout,2025-12-23,953980.22,
B_no_breakout,2025-12-24,946054.78,187870
B_no_breakout,2025-12-26,939538.2,187870
B_no_breakout,2025-12-29,912715.46,
B_no_breakout,2025-12-30,909022.29,067080
B_no_breakout,2026-01-02,931343.16,067080
B_no_breakout,2026-01-05,923037.72,067080
B_no_breakout,2026-01-06,888777.78,067080
B_no_breakout,2026-01-07,873329.67,
B_no_breakout,2026-01-08,850030.34,083500
B_no_breakout,2026-01-09,835671.51,
B_no_breakout,2026-01-12,835671.51,
B_no_breakout,2026-01-13,899366.37,
B_no_breakout,2026-01-14,899366.37,
B_no_breakout,2026-01-15,899366.37,
B_no_breakout,2026-01-16,890675.36,187870
B_no_breakout,2026-01-19,908552.02,187870
B_no_breakout,2026-01-20,908552.02,187870
B_no_breakout,2026-01-21,915436.95,187870
B_no_breakout,2026-01-22,912296.46,187870
B_no_breakout,2026-01-23,912296.46,187870
B_no_breakout,2026-01-26,922201.09,
B_no_breakout,2026-01-27,938797.7,187870
B_no_breakout,2026-01-28,956674.36,187870
B_no_breakout,2026-01-29,961626.67,187870
B_no_breakout,2026-01-30,959090.12,187870
B_no_breakout,2026-02-02,992292.4,
B_no_breakout,2026-02-03,992292.4,
B_no_breakout,2026-02-04,986499.71,046210
B_no_breakout,2026-02-05,949299.56,
B_no_breakout,2026-02-06,949299.56,
B_no_breakout,2026-02-09,949299.56,
B_no_breakout,2026-02-10,908210.0,
B_no_breakout,2026-02-11,908210.0,
B_no_breakout,2026-02-12,908210.0,
B_no_breakout,2026-02-13,908210.0,
B_no_breakout,2026-02-19,940833.64,083500
B_no_breakout,2026-02-20,924063.04,083500
B_no_breakout,2026-02-23,977013.42,
B_no_breakout,2026-02-24,977013.42,
B_no_breakout,2026-02-25,977013.42,
B_no_breakout,2026-02-26,1015179.05,083500
B_no_breakout,2026-02-27,959985.81,083500
B_no_breakout,2026-03-03,922431.64,
B_no_breakout,2026-03-04,922431.64,
B_no_breakout,2026-03-05,922431.64,
B_no_breakout,2026-03-06,992649.25,
B_no_breakout,2026-03-09,992649.25,
B_no_breakout,2026-03-10,963826.6,046210
B_no_breakout,2026-03-11,1029751.03,046210
B_no_breakout,2026-03-12,1068291.46,
B_no_breakout,2026-03-13,1073558.71,243840
B_no_breakout,2026-03-16,1046605.96,243840
B_no_breakout,2026-03-17,1149385.78,
B_no_breakout,2026-03-18,1236142.96,
B_no_breakout,2026-03-19,1216268.71,143540
B_no_breakout,2026-03-20,1218343.07,143540
B_no_breakout,2026-03-23,1230789.25,143540
B_no_breakout,2026-03-24,1330317.21,
B_no_breakout,2026-03-25,1272740.41,
B_no_breakout,2026-03-26,1217629.91,
B_no_breakout,2026-03-27,1217629.91,
B_no_breakout,2026-03-30,1217629.91,
B_no_breakout,2026-03-31,1242986.54,083500
B_no_breakout,2026-04-01,1309949.15,
B_no_breakout,2026-04-02,1309949.15,
B_no_breakout,2026-04-03,1309949.15,
B_no_breakout,2026-04-06,1261297.25,046210
B_no_breakout,2026-04-07,1253252.16,
B_no_breakout,2026-04-08,1253252.16,
B_no_breakout,2026-04-09,1242991.32,083500
B_no_breakout,2026-04-10,1290268.44,083500
B_no_breakout,2026-04-13,1296916.78,083500
B_no_breakout,2026-04-14,1348182.91,
B_no_breakout,2026-04-15,1348182.91,
B_no_breakout,2026-04-16,1348182.91,
B_no_breakout,2026-04-17,1348182.91,
B_no_breakout,2026-04-20,1348182.91,
B_no_breakout,2026-04-21,1333617.78,005160
B_no_breakout,2026-04-22,1339532.41,005160
B_no_breakout,2026-04-23,1351361.67,005160
B_no_breakout,2026-04-24,1378963.28,005160
B_no_breakout,2026-04-27,1450885.2,
B_no_breakout,2026-04-28,1388093.67,
B_no_breakout,2026-04-29,1406772.35,084990
B_no_breakout,2026-04-30,1356620.27,084990
B_no_breakout,2026-05-04,1373860.05,084990
B_no_breakout,2026-05-06,1328158.97,
B_no_breakout,2026-05-07,1315943.87,115450
B_no_breakout,2026-05-08,1270727.14,
B_no_breakout,2026-05-11,1215686.13,
B_no_breakout,2026-05-12,1163053.53,
B_no_breakout,2026-05-13,1163053.53,
B_no_breakout,2026-05-14,1163053.53,
B_no_breakout,2026-05-15,1112714.03,
B_no_breakout,2026-05-18,1130687.91,143540
B_no_breakout,2026-05-19,1197447.51,
B_no_breakout,2026-05-20,1197447.51,
B_no_breakout,2026-05-21,1197447.51,
B_no_breakout,2026-05-22,1197447.51,
B_no_breakout,2026-05-26,1197447.51,
B_no_breakout,2026-05-27,1287991.38,
B_no_breakout,2026-05-28,1232196.13,
B_no_breakout,2026-05-29,1232196.13,
B_no_breakout,2026-06-01,1232196.13,
B_no_breakout,2026-06-02,1232196.13,
B_no_breakout,2026-06-04,1232196.13,
B_no_breakout,2026-06-05,1179576.34,
B_no_breakout,2026-06-08,1179576.34,
B_no_breakout,2026-06-09,1179576.34,
B_no_breakout,2026-06-10,1179576.34,
B_no_breakout,2026-06-11,1179576.34,
B_no_breakout,2026-06-12,1179576.34,
B_no_breakout,2026-06-15,1179576.34,
B_no_breakout,2026-06-16,1128502.66,
B_no_breakout,2026-06-17,1128502.66,
B_no_breakout,2026-06-18,1128502.66,
B_no_breakout,2026-06-19,1128502.66,
B_no_breakout,2026-06-22,1128502.66,
B_no_breakout,2026-06-23,1128502.66,
B_no_breakout,2026-06-24,1128502.66,
B_no_breakout,2026-06-25,1128502.66,
B_no_breakout,2026-06-26,1128502.66,
B_no_breakout,2026-06-29,1128502.66,
B_no_breakout,2026-06-30,1128502.66,
B_no_breakout,2026-07-01,1128502.66,
B_no_breakout,2026-07-02,1128502.66,
B_no_breakout,2026-07-03,1128502.66,
B_no_breakout,2026-07-06,1128502.66,
B_no_breakout,2026-07-07,1128502.66,
B_no_breakout,2026-07-08,1128502.66,
B_no_breakout,2026-07-09,1128502.66,
B_no_breakout,2026-07-10,1128502.66,
B_no_breakout,2026-07-13,1128502.66,
B_no_breakout,2026-07-14,1128502.66,
B_no_breakout,2026-07-15,1128502.66,
B_no_breakout,2026-07-16,1128502.66,
B_no_breakout,2026-07-20,1128502.66,
B_no_breakout,2026-07-21,1128502.66,
B_no_breakout,2026-07-22,1128502.66,
B_no_breakout,2026-07-23,1128502.66,
B_no_breakout,2026-07-24,1128502.66,
B_no_breakout,2026-07-27,1128502.66,
B_no_breakout,2026-07-28,1128502.66,
B_no_breakout,2026-07-29,1128502.66,
B_no_breakout,2026-07-30,1128502.66,
B_no_breakout,2026-07-31,1128502.66,
B_no_breakout,2026-08-03,1128502.66,
B_no_breakout,2026-08-04,1128502.66,
B_no_breakout,2026-08-05,1128502.66,
B_no_breakout,2026-08-06,1128502.66,
B_no_breakout,2026-08-07,1128502.66,
B_no_breakout,2026-08-10,1128502.66,
B_no_breakout,2026-08-11,1128502.66,
B_no_breakout,2026-08-12,1128502.66,
B_no_breakout,2026-08-13,1128502.66,
B_no_breakout,2026-08-14,1128502.66,
B_no_breakout,2026-08-18,1128502.66,
B_no_breakout,2026-08-19,1128502.66,
B_no_breakout,2026-08-20,1128502.66,
B_no_breakout,2026-08-21,1128502.66,
B_no_breakout,2026-08-24,1128502.66,
B_no_breakout,2026-08-25,1128502.66,
B_no_breakout,2026-08-26,1128502.66,
B_no_breakout,2026-08-27,1128502.66,
B_no_breakout,2026-08-28,1128502.66,
B_no_breakout,2026-08-31,1128502.66,
B_no_breakout,2026-09-01,1128502.66,
B_no_breakout,2026-09-02,1128502.66,
B_no_breakout,2026-09-03,1128502.66,
B_no_breakout,2026-09-04,1128502.66,
B_no_breakout,2026-09-07,1128502.66,
B_no_breakout,2026-09-08,1128502.66,
B_no_breakout,2026-09-09,1128502.66,
B_no_breakout,2026-09-10,1128502.66,
B_no_breakout,2026-09-11,1128502.66,
B_no_breakout,2026-09-14,1128502.66,
B_no_breakout,2026-09-15,1128502.66,
B_no_breakout,2026-09-16,1128502.66,
B_no_breakout,2026-09-17,1128502.66,
B_no_breakout,2026-09-18,1128502.66,
B_no_breakout,2026-09-21,1128502.66,
B_no_breakout,2026-09-22,1128502.66,
B_no_breakout,2026-09-23,1128502.66,
B_no_breakout,2026-09-28,1128502.66,
B_no_breakout,2026-09-29,1128502.66,
B_no_breakout,2026-09-30,1128502.66,
B_no_breakout,2026-10-01,1128502.66,
B_no_breakout,2026-10-02,1128502.66,
B_no_breakout,2026-10-06,1128502.66,
B_no_breakout,2026-10-07,1128502.66,
B_no_breakout,2026-10-08,1128502.66,
C_no_breakout_cooldown10,2025-10-10,1000000.0,
C_no_breakout_cooldown10,2025-10-13,1014954.94,143540
C_no_breakout_cooldown10,2025-10-14,1003095.73,143540
C_no_breakout_cooldown10,2025-10-15,1020225.7,143540
C_no_breakout_cooldown10,2025-10-16,1017590.32,143540
C_no_breakout_cooldown10,2025-10-17,956660.33,
C_no_breakout_cooldown10,2025-10-20,984417.06,187870
C_no_breakout_cooldown10,2025-10-21,992002.76,187870
C_no_breakout_cooldown10,2025-10-22,989027.98,187870
C_no_breakout_cooldown10,2025-10-23,973112.88,187870
C_no_breakout_cooldown10,2025-10-24,952586.86,187870
C_no_breakout_cooldown10,2025-10-27,915342.55,
C_no_breakout_cooldown10,2025-10-28,915342.55,
C_no_breakout_cooldown10,2025-10-29,905979.34,419050
C_no_breakout_cooldown10,2025-10-30,875709.2,
C_no_breakout_cooldown10,2025-10-31,875709.2,
C_no_breakout_cooldown10,2025-11-03,855312.59,243840
C_no_breakout_cooldown10,2025-11-04,942186.69,
C_no_breakout_cooldown10,2025-11-05,942186.69,
C_no_breakout_cooldown10,2025-11-06,929603.65,067080
C_no_breakout_cooldown10,2025-11-07,901866.28,
C_no_breakout_cooldown10,2025-11-10,901866.28,
C_no_breakout_cooldown10,2025-11-11,970492.23,
C_no_breakout_cooldown10,2025-11-12,970492.23,
C_no_breakout_cooldown10,2025-11-13,968361.46,143540
C_no_breakout_cooldown10,2025-11-14,959549.91,143540
C_no_breakout_cooldown10,2025-11-17,975914.22,143540
C_no_breakout_cooldown10,2025-11-18,967102.67,143540
C_no_breakout_cooldown10,2025-11-19,928432.54,
C_no_breakout_cooldown10,2025-11-20,928432.54,
C_no_breakout_cooldown10,2025-11-21,926669.86,147760
C_no_breakout_cooldown10,2025-11-24,888227.65,
C_no_breakout_cooldown10,2025-11-25,877024.08,045300
C_no_breakout_cooldown10,2025-11-26,900223.41,045300
C_no_breakout_cooldown10,2025-11-27,889322.52,045300
C_no_breakout_cooldown10,2025-11-28,900223.41,045300
C_no_breakout_cooldown10,2025-12-01,897428.31,045300
C_no_breakout_cooldown10,2025-12-02,889322.52,045300
C_no_breakout_cooldown10,2025-12-03,887924.97,
C_no_breakout_cooldown10,2025-12-04,887924.97,
C_no_breakout_cooldown10,2025-12-05,887924.97,
C_no_breakout_cooldown10,2025-12-08,880976.53,045300
C_no_breakout_cooldown10,2025-12-09,875466.19,045300
C_no_breakout_cooldown10,2025-12-10,874088.61,045300
C_no_breakout_cooldown10,2025-12-11,867476.2,045300
C_no_breakout_cooldown10,2025-12-12,849567.59,
C_no_breakout_cooldown10,2025-12-15,846601.89,143540
C_no_breakout_cooldown10,2025-12-16,833281.24,143540
C_no_breakout_cooldown10,2025-12-17,839941.56,143540
C_no_breakout_cooldown10,2025-12-18,834391.29,143540
C_no_breakout_cooldown10,2025-12-19,856592.37,143540
C_no_breakout_cooldown10,2025-12-22,876573.35,143540
C_no_breakout_cooldown10,2025-12-23,914270.78,
C_no_breakout_cooldown10,2025-12-24,906716.85,187870
C_no_breakout_cooldown10,2025-12-26,900505.73,187870
C_no_breakout_cooldown10,2025-12-29,874940.31,
C_no_breakout_cooldown10,2025-12-30,871389.19,067080
C_no_breakout_cooldown10,2026-01-02,892851.56,067080
C_no_breakout_cooldown10,2026-01-05,884865.56,067080
C_no_breakout_cooldown10,2026-01-06,851923.31,067080
C_no_breakout_cooldown10,2026-01-07,837069.35,
C_no_breakout_cooldown10,2026-01-08,814975.16,083500
C_no_breakout_cooldown10,2026-01-09,801359.03,
C_no_breakout_cooldown10,2026-01-12,801359.03,
C_no_breakout_cooldown10,2026-01-13,862347.31,
C_no_breakout_cooldown10,2026-01-14,862347.31,
C_no_breakout_cooldown10,2026-01-15,862347.31,
C_no_breakout_cooldown10,2026-01-16,854015.43,187870
C_no_breakout_cooldown10,2026-01-19,871153.39,187870
C_no_breakout_cooldown10,2026-01-20,871153.39,187870
C_no_breakout_cooldown10,2026-01-21,877753.82,187870
C_no_breakout_cooldown10,2026-01-22,874743.1,187870
C_no_breakout_cooldown10,2026-01-23,874743.1,187870
C_no_breakout_cooldown10,2026-01-26,884238.45,
C_no_breakout_cooldown10,2026-01-27,900149.24,187870
C_no_breakout_cooldown10,2026-01-28,917287.2,187870
C_no_breakout_cooldown10,2026-01-29,922034.88,187870
C_no_breakout_cooldown10,2026-01-30,919603.14,187870
C_no_breakout_cooldown10,2026-02-02,951433.42,
C_no_breakout_cooldown10,2026-02-03,951433.42,
C_no_breakout_cooldown10,2026-02-04,945879.19,046210
C_no_breakout_cooldown10,2026-02-05,910210.44,
C_no_breakout_cooldown10,2026-02-06,910210.44,
C_no_breakout_cooldown10,2026-02-09,910210.44,
C_no_breakout_cooldown10,2026-02-10,870869.38,
C_no_breakout_cooldown10,2026-02-11,870869.38,
C_no_breakout_cooldown10,2026-02-12,870869.38,
C_no_breakout_cooldown10,2026-02-13,870869.38,
C_no_breakout_cooldown10,2026-02-19,902327.89,083500
C_no_breakout_cooldown10,2026-02-20,886156.24,083500
C_no_breakout_cooldown10,2026-02-23,937215.53,
C_no_breakout_cooldown10,2026-02-24,937215.53,
C_no_breakout_cooldown10,2026-02-25,937215.53,
C_no_breakout_cooldown10,2026-02-26,974042.02,083500
C_no_breakout_cooldown10,2026-02-27,920785.38,083500
C_no_breakout_cooldown10,2026-03-03,884548.9,
C_no_breakout_cooldown10,2026-03-04,884548.9,
C_no_breakout_cooldown10,2026-03-05,884548.9,
C_no_breakout_cooldown10,2026-03-06,951655.6,
C_no_breakout_cooldown10,2026-03-09,951655.6,
C_no_breakout_cooldown10,2026-03-10,924024.44,046210
C_no_breakout_cooldown10,2026-03-11,987223.64,046210
C_no_breakout_cooldown10,2026-03-12,1024170.87,
C_no_breakout_cooldown10,2026-03-13,1029233.29,243840
C_no_breakout_cooldown10,2026-03-16,1003328.7,243840
C_no_breakout_cooldown10,2026-03-17,1102111.52,
C_no_breakout_cooldown10,2026-03-18,1102111.52,
C_no_breakout_cooldown10,2026-03-19,1084398.77,143540
C_no_breakout_cooldown10,2026-03-20,1086247.52,143540
C_no_breakout_cooldown10,2026-03-23,1097340.08,143540
C_no_breakout_cooldown10,2026-03-24,1186043.54,
C_no_breakout_cooldown10,2026-03-25,1134687.34,
C_no_breakout_cooldown10,2026-03-26,1085759.97,
C_no_breakout_cooldown10,2026-03-27,1085759.97,
C_no_breakout_cooldown10,2026-03-30,1085759.97,
C_no_breakout_cooldown10,2026-03-31,1108190.84,083500
C_no_breakout_cooldown10,2026-04-01,1167426.99,
C_no_breakout_cooldown10,2026-04-02,1167426.99,
C_no_breakout_cooldown10,2026-04-03,1167426.99,
C_no_breakout_cooldown10,2026-04-06,1124063.34,046210
C_no_breakout_cooldown10,2026-04-07,1116892.71,
C_no_breakout_cooldown10,2026-04-08,1116892.71,
C_no_breakout_cooldown10,2026-04-09,1107741.15,083500
C_no_breakout_cooldown10,2026-04-10,1149907.23,083500
C_no_breakout_cooldown10,2026-04-13,1155836.84,083500
C_no_breakout_cooldown10,2026-04-14,1201560.68,
C_no_breakout_cooldown10,2026-04-15,1201560.68,
C_no_breakout_cooldown10,2026-04-16,1201560.68,
C_no_breakout_cooldown10,2026-04-17,1201560.68,
C_no_breakout_cooldown10,2026-04-20,1201560.68,
C_no_breakout_cooldown10,2026-04-21,1188581.12,005160
C_no_breakout_cooldown10,2026-04-22,1193851.88,005160
C_no_breakout_cooldown10,2026-04-23,1204393.4,005160
C_no_breakout_cooldown10,2026-04-24,1228990.28,005160
C_no_breakout_cooldown10,2026-04-27,1293082.72,
C_no_breakout_cooldown10,2026-04-28,1237225.23,
C_no_breakout_cooldown10,2026-04-29,1237225.23,
C_no_breakout_cooldown10,2026-04-30,1237225.23,
C_no_breakout_cooldown10,2026-05-04,1237225.23,
C_no_breakout_cooldown10,2026-05-06,1237225.23,
C_no_breakout_cooldown10,2026-05-07,1225845.9,115450
C_no_breakout_cooldown10,2026-05-08,1183722.94,
C_no_breakout_cooldown10,2026-05-11,1132536.35,
C_no_breakout_cooldown10,2026-05-12,1083512.13,
C_no_breakout_cooldown10,2026-05-13,1083512.13,
C_no_breakout_cooldown10,2026-05-14,1083512.13,
C_no_breakout_cooldown10,2026-05-15,1036576.46,
C_no_breakout_cooldown10,2026-05-18,1036576.46,
C_no_breakout_cooldown10,2026-05-19,1036576.46,
C_no_breakout_cooldown10,2026-05-20,1036576.46,
C_no_breakout_cooldown10,2026-05-21,1036576.46,
C_no_breakout_cooldown10,2026-05-22,1036576.46,
C_no_breakout_cooldown10,2026-05-26,1036576.46,
C_no_breakout_cooldown10,2026-05-27,1114692.74,
C_no_breakout_cooldown10,2026-05-28,1114692.74,
C_no_breakout_cooldown10,2026-05-29,1114692.74,
C_no_breakout_cooldown10,2026-06-01,1114692.74,
C_no_breakout_cooldown10,2026-06-02,1114692.74,
C_no_breakout_cooldown10,2026-06-04,1114692.74,
C_no_breakout_cooldown10,2026-06-05,1067132.54,
C_no_breakout_cooldown10,2026-06-08,1067132.54,
C_no_breakout_cooldown10,2026-06-09,1067132.54,
C_no_breakout_cooldown10,2026-06-10,1067132.54,
C_no_breakout_cooldown10,2026-06-11,1067132.54,
C_no_breakout_cooldown10,2026-06-12,1067132.54,
C_no_breakout_cooldown10,2026-06-15,1067132.54,
C_no_breakout_cooldown10,2026-06-16,1067132.54,
C_no_breakout_cooldown10,2026-06-17,1067132.54,
C_no_breakout_cooldown10,2026-06-18,1067132.54,
C_no_breakout_cooldown10,2026-06-19,1067132.54,
C_no_breakout_cooldown10,2026-06-22,1067132.54,
C_no_breakout_cooldown10,2026-06-23,1067132.54,
C_no_breakout_cooldown10,2026-06-24,1067132.54,
C_no_breakout_cooldown10,2026-06-25,1067132.54,
C_no_breakout_cooldown10,2026-06-26,1067132.54,
C_no_breakout_cooldown10,2026-06-29,1067132.54,
C_no_breakout_cooldown10,2026-06-30,1067132.54,
C_no_breakout_cooldown10,2026-07-01,1067132.54,
C_no_breakout_cooldown10,2026-07-02,1067132.54,
C_no_breakout_cooldown10,2026-07-03,1067132.54,
C_no_breakout_cooldown10,2026-07-06,1067132.54,
C_no_breakout_cooldown10,2026-07-07,1067132.54,
C_no_breakout_cooldown10,2026-07-08,1067132.54,
C_no_breakout_cooldown10,2026-07-09,1067132.54,
C_no_breakout_cooldown10,2026-07-10,1067132.54,
C_no_breakout_cooldown10,2026-07-13,1067132.54,
C_no_breakout_cooldown10,2026-07-14,1067132.54,
C_no_breakout_cooldown10,2026-07-15,1067132.54,
C_no_breakout_cooldown10,2026-07-16,1067132.54,
C_no_breakout_cooldown10,2026-07-20,1067132.54,
C_no_breakout_cooldown10,2026-07-21,1067132.54,
C_no_breakout_cooldown10,2026-07-22,1067132.54,
C_no_breakout_cooldown10,2026-07-23,1067132.54,
C_no_breakout_cooldown10,2026-07-24,1067132.54,
C_no_breakout_cooldown10,2026-07-27,1067132.54,
C_no_breakout_cooldown10,2026-07-28,1067132.54,
C_no_breakout_cooldown10,2026-07-29,1067132.54,
C_no_breakout_cooldown10,2026-07-30,1067132.54,
C_no_breakout_cooldown10,2026-07-31,1067132.54,
C_no_breakout_cooldown10,2026-08-03,1067132.54,
C_no_breakout_cooldown10,2026-08-04,1067132.54,
C_no_breakout_cooldown10,2026-08-05,1067132.54,
C_no_breakout_cooldown10,2026-08-06,1067132.54,
C_no_breakout_cooldown10,2026-08-07,1067132.54,
C_no_breakout_cooldown10,2026-08-10,1067132.54,
C_no_breakout_cooldown10,2026-08-11,1067132.54,
C_no_breakout_cooldown10,2026-08-12,1067132.54,
C_no_breakout_cooldown10,2026-08-13,1067132.54,
C_no_breakout_cooldown10,2026-08-14,1067132.54,
C_no_breakout_cooldown10,2026-08-18,1067132.54,
C_no_breakout_cooldown10,2026-08-19,1067132.54,
C_no_breakout_cooldown10,2026-08-20,1067132.54,
C_no_breakout_cooldown10,2026-08-21,1067132.54,
C_no_breakout_cooldown10,2026-08-24,1067132.54,
C_no_breakout_cooldown10,2026-08-25,1067132.54,
C_no_breakout_cooldown10,2026-08-26,1067132.54,
C_no_breakout_cooldown10,2026-08-27,1067132.54,
C_no_breakout_cooldown10,2026-08-28,1067132.54,
C_no_breakout_cooldown10,2026-08-31,1067132.54,
C_no_breakout_cooldown10,2026-09-01,1067132.54,
C_no_breakout_cooldown10,2026-09-02,1067132.54,
C_no_breakout_cooldown10,2026-09-03,1067132.54,
C_no_breakout_cooldown10,2026-09-04,1067132.54,
C_no_breakout_cooldown10,2026-09-07,1067132.54,
C_no_breakout_cooldown10,2026-09-08,1067132.54,
C_no_breakout_cooldown10,2026-09-09,1067132.54,
C_no_breakout_cooldown10,2026-09-10,1067132.54,
C_no_breakout_cooldown10,2026-09-11,1067132.54,
C_no_breakout_cooldown10,2026-09-14,1067132.54,
C_no_breakout_cooldown10,2026-09-15,1067132.54,
C_no_breakout_cooldown10,2026-09-16,1067132.54,
C_no_breakout_cooldown10,2026-09-17,1067132.54,
C_no_breakout_cooldown10,2026-09-18,1067132.54,
C_no_breakout_cooldown10,2026-09-21,1067132.54,
C_no_breakout_cooldown10,2026-09-22,1067132.54,
C_no_breakout_cooldown10,2026-09-23,1067132.54,
C_no_breakout_cooldown10,2026-09-28,1067132.54,
C_no_breakout_cooldown10,2026-09-29,1067132.54,
C_no_breakout_cooldown10,2026-09-30,1067132.54,
C_no_breakout_cooldown10,2026-10-01,1067132.54,
C_no_breakout_cooldown10,2026-10-02,1067132.54,
C_no_breakout_cooldown10,2026-10-06,1067132.54,
C_no_breakout_cooldown10,2026-10-07,1067132.54,
C_no_breakout_cooldown10,2026-10-08,1067132.54,
D_no_breakout_cooldown10_risk1,2025-10-10,1000000.0,
D_no_breakout_cooldown10_risk1,2025-10-13,1003444.17,143540
D_no_breakout_cooldown10_risk1,2025-10-14,1000712.96,143540
D_no_breakout_cooldown10_risk1,2025-10-15,1004658.04,143540
D_no_breakout_cooldown10_risk1,2025-10-16,1004051.1,143540
D_no_breakout_cooldown10_risk1,2025-10-17,990018.74,
D_no_breakout_cooldown10_risk1,2025-10-20,996538.78,187870
D_no_breakout_cooldown10_risk1,2025-10-21,998320.66,187870
D_no_breakout_cooldown10_risk1,2025-10-22,997621.88,187870
D_no_breakout_cooldown10_risk1,2025-10-23,993883.43,187870
D_no_breakout_cooldown10_risk1,2025-10-24,989061.89,187870
D_no_breakout_cooldown10_risk1,2025-10-27,980313.22,
D_no_breakout_cooldown10_risk1,2025-10-28,980313.22,
D_no_breakout_cooldown10_risk1,2025-10-29,978017.87,419050
D_no_breakout_cooldown10_risk1,2025-10-30,970597.28,
D_no_breakout_cooldown10_risk1,2025-10-31,970597.28,
D_no_breakout_cooldown10_risk1,2025-11-03,965433.58,243840
D_no_breakout_cooldown10_risk1,2025-11-04,987427.03,
D_no_breakout_cooldown10_risk1,2025-11-05,987427.03,
D_no_breakout_cooldown10_risk1,2025-11-06,984452.85,067080
D_no_breakout_cooldown10_risk1,2025-11-07,977896.75,
D_no_breakout_cooldown10_risk1,2025-11-10,977896.75,
D_no_breakout_cooldown10_risk1,2025-11-11,995053.24,
D_no_breakout_cooldown10_risk1,2025-11-12,995053.24,
D_no_breakout_cooldown10_risk1,2025-11-13,994549.69,143540
D_no_breakout_cooldown10_risk1,2025-11-14,992467.34,143540
D_no_breakout_cooldown10_risk1,2025-11-17,996334.56,143540
D_no_breakout_cooldown10_risk1,2025-11-18,994252.21,143540
D_no_breakout_cooldown10_risk1,2025-11-19,985113.67,
D_no_breakout_cooldown10_risk1,2025-11-20,985113.67,
D_no_breakout_cooldown10_risk1,2025-11-21,984684.91,147760
D_no_breakout_cooldown10_risk1,2025-11-24,975334.1,
D_no_breakout_cooldown10_risk1,2025-11-25,972493.2,045300
D_no_breakout_cooldown10_risk1,2025-11-26,978375.89,045300
D_no_breakout_cooldown10_risk1,2025-11-27,975611.73,045300
D_no_breakout_cooldown10_risk1,2025-11-28,978375.89,045300
D_no_breakout_cooldown10_risk1,2025-12-01,977667.13,045300
D_no_breakout_cooldown10_risk1,2025-12-02,975611.73,045300
D_no_breakout_cooldown10_risk1,2025-12-03,975257.35,
D_no_breakout_cooldown10_risk1,2025-12-04,975257.35,
D_no_breakout_cooldown10_risk1,2025-12-05,975257.35,
D_no_breakout_cooldown10_risk1,2025-12-08,973495.07,045300
D_no_breakout_cooldown10_risk1,2025-12-09,972097.52,045300
D_no_breakout_cooldown10_risk1,2025-12-10,971748.13,045300
D_no_breakout_cooldown10_risk1,2025-12-11,970071.07,045300
D_no_breakout_cooldown10_risk1,2025-12-12,965529.03,
D_no_breakout_cooldown10_risk1,2025-12-15,964752.94,143540
D_no_breakout_cooldown10_risk1,2025-12-16,961267.05,143540
D_no_breakout_cooldown10_risk1,2025-12-17,963009.99,143540
D_no_breakout_cooldown10_risk1,2025-12-18,961557.54,143540
D_no_breakout_cooldown10_risk1,2025-12-19,967367.35,143540
D_no_breakout_cooldown10_risk1,2025-12-22,972596.19,143540
D_no_breakout_cooldown10_risk1,2025-12-23,982461.25,
D_no_breakout_cooldown10_risk1,2025-12-24,980603.73,187870
D_no_breakout_cooldown10_risk1,2025-12-26,979076.4,187870
D_no_breakout_cooldown10_risk1,2025-12-29,972789.83,
D_no_breakout_cooldown10_risk1,2025-12-30,971937.56,067080
D_no_breakout_cooldown10_risk1,2026-01-02,977088.53,067080
D_no_breakout_cooldown10_risk1,2026-01-05,975171.89,067080
D_no_breakout_cooldown10_risk1,2026-01-06,967265.75,067080
D_no_breakout_cooldown10_risk1,2026-01-07,963700.8,
D_no_breakout_cooldown10_risk1,2026-01-08,958076.82,083500
D_no_breakout_cooldown10_risk1,2026-01-09,954610.9,
D_no_breakout_cooldown10_risk1,2026-01-12,954610.9,
D_no_breakout_cooldown10_risk1,2026-01-13,971391.69,
D_no_breakout_cooldown10_risk1,2026-01-14,971391.69,
D_no_breakout_cooldown10_risk1,2026-01-15,971391.69,
D_no_breakout_cooldown10_risk1,2026-01-16,969236.9,187870
D_no_breakout_cooldown10_risk1,2026-01-19,973669.13,187870
D_no_breakout_cooldown10_risk1,2026-01-20,973669.13,187870
D_no_breakout_cooldown10_risk1,2026-01-21,975376.14,187870
D_no_breakout_cooldown10_risk1,2026-01-22,974597.5,187870
D_no_breakout_cooldown10_risk1,2026-01-23,974597.5,187870
D_no_breakout_cooldown10_risk1,2026-01-26,977053.2,
D_no_breakout_cooldown10_risk1,2026-01-27,981030.89,187870
D_no_breakout_cooldown10_risk1,2026-01-28,985315.38,187870
D_no_breakout_cooldown10_risk1,2026-01-29,986502.3,187870
D_no_breakout_cooldown10_risk1,2026-01-30,985894.37,187870
D_no_breakout_cooldown10_risk1,2026-02-02,993851.94,
D_no_breakout_cooldown10_risk1,2026-02-03,993851.94,
D_no_breakout_cooldown10_risk1,2026-02-04,992520.51,046210
D_no_breakout_cooldown10_risk1,2026-02-05,983970.22,
D_no_breakout_cooldown10_risk1,2026-02-06,983970.22,
D_no_breakout_cooldown10_risk1,2026-02-09,983970.22,
D_no_breakout_cooldown10_risk1,2026-02-10,974353.52,
D_no_breakout_cooldown10_risk1,2026-02-11,974353.52,
D_no_breakout_cooldown10_risk1,2026-02-12,974353.52,
D_no_breakout_cooldown10_risk1,2026-02-13,974353.52,
D_no_breakout_cooldown10_risk1,2026-02-19,981926.86,083500
D_no_breakout_cooldown10_risk1,2026-02-20,978033.69,083500
D_no_breakout_cooldown10_risk1,2026-02-23,990325.74,
D_no_breakout_cooldown10_risk1,2026-02-24,990325.74,
D_no_breakout_cooldown10_risk1,2026-02-25,990325.74,
D_no_breakout_cooldown10_risk1,2026-02-26,999030.18,083500
D_no_breakout_cooldown10_risk1,2026-02-27,986442.25,083500
D_no_breakout_cooldown10_risk1,2026-03-03,977877.26,
D_no_breakout_cooldown10_risk1,2026-03-04,977877.26,
D_no_breakout_cooldown10_risk1,2026-03-05,977877.26,
D_no_breakout_cooldown10_risk1,2026-03-06,994765.04,
D_no_breakout_cooldown10_risk1,2026-03-09,994765.04,
D_no_breakout_cooldown10_risk1,2026-03-10,988126.75,046210
D_no_breakout_cooldown10_risk1,2026-03-11,1003310.14,046210
D_no_breakout_cooldown10_risk1,2026-03-12,1012186.58,
D_no_breakout_cooldown10_risk1,2026-03-13,1013327.81,243840
D_no_breakout_cooldown10_risk1,2026-03-16,1007488.05,243840
D_no_breakout_cooldown10_risk1,2026-03-17,1029757.01,
D_no_breakout_cooldown10_risk1,2026-03-18,1029757.01,
D_no_breakout_cooldown10_risk1,2026-03-19,1025950.49,143540
D_no_breakout_cooldown10_risk1,2026-03-20,1026347.79,143540
D_no_breakout_cooldown10_risk1,2026-03-23,1028731.61,143540
D_no_breakout_cooldown10_risk1,2026-03-24,1047794.24,
D_no_breakout_cooldown10_risk1,2026-03-25,1037378.33,
D_no_breakout_cooldown10_risk1,2026-03-26,1027162.73,
D_no_breakout_cooldown10_risk1,2026-03-27,1027162.73,
D_no_breakout_cooldown10_risk1,2026-03-30,1027162.73,
D_no_breakout_cooldown10_risk1,2026-03-31,1032039.0,083500
D_no_breakout_cooldown10_risk1,2026-04-01,1044916.43,
D_no_breakout_cooldown10_risk1,2026-04-02,1044916.43,
D_no_breakout_cooldown10_risk1,2026-04-03,1044916.43,
D_no_breakout_cooldown10_risk1,2026-04-06,1036014.54,046210
D_no_breakout_cooldown10_risk1,2026-04-07,1034542.52,
D_no_breakout_cooldown10_risk1,2026-04-08,1034542.52,
D_no_breakout_cooldown10_risk1,2026-04-09,1032601.28,083500
D_no_breakout_cooldown10_risk1,2026-04-10,1041545.6,083500
D_no_breakout_cooldown10_risk1,2026-04-13,1042803.4,083500
D_no_breakout_cooldown10_risk1,2026-04-14,1052502.39,
D_no_breakout_cooldown10_risk1,2026-04-15,1052502.39,
D_no_breakout_cooldown10_risk1,2026-04-16,1052502.39,
D_no_breakout_cooldown10_risk1,2026-04-17,1052502.39,
D_no_breakout_cooldown10_risk1,2026-04-20,1052502.39,
D_no_breakout_cooldown10_risk1,2026-04-21,1049884.36,005160
D_no_breakout_cooldown10_risk1,2026-04-22,1050947.49,005160
D_no_breakout_cooldown10_risk1,2026-04-23,1053073.77,005160
D_no_breakout_cooldown10_risk1,2026-04-24,1058035.07,005160
D_no_breakout_cooldown10_risk1,2026-04-27,1070962.81,
D_no_breakout_cooldown10_risk1,2026-04-28,1060561.75,
D_no_breakout_cooldown10_risk1,2026-04-29,1060561.75,
D_no_breakout_cooldown10_risk1,2026-04-30,1060561.75,
D_no_breakout_cooldown10_risk1,2026-05-04,1060561.75,
D_no_breakout_cooldown10_risk1,2026-05-06,1060561.75,
D_no_breakout_cooldown10_risk1,2026-05-07,1058311.6,115450
D_no_breakout_cooldown10_risk1,2026-05-08,1049982.21,
D_no_breakout_cooldown10_risk1,2026-05-11,1039498.2,
D_no_breakout_cooldown10_risk1,2026-05-12,1029170.77,
D_no_breakout_cooldown10_risk1,2026-05-13,1029170.77,
D_no_breakout_cooldown10_risk1,2026-05-14,1029170.77,
D_no_breakout_cooldown10_risk1,2026-05-15,1018919.03,
D_no_breakout_cooldown10_risk1,2026-05-18,1018919.03,
D_no_breakout_cooldown10_risk1,2026-05-19,1018919.03,
D_no_breakout_cooldown10_risk1,2026-05-20,1018919.03,
D_no_breakout_cooldown10_risk1,2026-05-21,1018919.03,
D_no_breakout_cooldown10_risk1,2026-05-22,1018919.03,
D_no_breakout_cooldown10_risk1,2026-05-26,1018919.03,
D_no_breakout_cooldown10_risk1,2026-05-27,1036672.73,
D_no_breakout_cooldown10_risk1,2026-05-28,1036672.73,
D_no_breakout_cooldown10_risk1,2026-05-29,1036672.73,
D_no_breakout_cooldown10_risk1,2026-06-01,1036672.73,
D_no_breakout_cooldown10_risk1,2026-06-02,1036672.73,
D_no_breakout_cooldown10_risk1,2026-06-04,1036672.73,
D_no_breakout_cooldown10_risk1,2026-06-05,1026553.54,
D_no_breakout_cooldown10_risk1,2026-06-08,1026553.54,
D_no_breakout_cooldown10_risk1,2026-06-09,1026553.54,
D_no_breakout_cooldown10_risk1,2026-06-10,1026553.54,
D_no_breakout_cooldown10_risk1,2026-06-11,1026553.54,
D_no_breakout_cooldown10_risk1,2026-06-12,1026553.54,
D_no_breakout_cooldown10_risk1,2026-06-15,1026553.54,
D_no_breakout_cooldown10_risk1,2026-06-16,1026553.54,
D_no_breakout_cooldown10_risk1,2026-06-17,1026553.54,
D_no_breakout_cooldown10_risk1,2026-06-18,1026553.54,
D_no_breakout_cooldown10_risk1,2026-06-19,1026553.54,
D_no_breakout_cooldown10_risk1,2026-06-22,1026553.54,
D_no_breakout_cooldown10_risk1,2026-06-23,1026553.54,
D_no_breakout_cooldown10_risk1,2026-06-24,1026553.54,
D_no_breakout_cooldown10_risk1,2026-06-25,1026553.54,
D_no_breakout_cooldown10_risk1,2026-06-26,1026553.54,
D_no_breakout_cooldown10_risk1,2026-06-29,1026553.54,
D_no_breakout_cooldown10_risk1,2026-06-30,1026553.54,
D_no_breakout_cooldown10_risk1,2026-07-01,1026553.54,
D_no_breakout_cooldown10_risk1,2026-07-02,1026553.54,
D_no_breakout_cooldown10_risk1,2026-07-03,1026553.54,
D_no_breakout_cooldown10_risk1,2026-07-06,1026553.54,
D_no_breakout_cooldown10_risk1,2026-07-07,1026553.54,
D_no_breakout_cooldown10_risk1,2026-07-08,1026553.54,
D_no_breakout_cooldown10_risk1,2026-07-09,1026553.54,
D_no_breakout_cooldown10_risk1,2026-07-10,1026553.54,
D_no_breakout_cooldown10_risk1,2026-07-13,1026553.54,
D_no_breakout_cooldown10_risk1,2026-07-14,1026553.54,
D_no_breakout_cooldown10_risk1,2026-07-15,1026553.54,
D_no_breakout_cooldown10_risk1,2026-07-16,1026553.54,
D_no_breakout_cooldown10_risk1,2026-07-20,1026553.54,
D_no_breakout_cooldown10_risk1,2026-07-21,1026553.54,
D_no_breakout_cooldown10_risk1,2026-07-22,1026553.54,
D_no_breakout_cooldown10_risk1,2026-07-23,1026553.54,
D_no_breakout_cooldown10_risk1,2026-07-24,1026553.54,
D_no_breakout_cooldown10_risk1,2026-07-27,1026553.54,
D_no_breakout_cooldown10_risk1,2026-07-28,1026553.54,
D_no_breakout_cooldown10_risk1,2026-07-29,1026553.54,
D_no_breakout_cooldown10_risk1,2026-07-30,1026553.54,
D_no_breakout_cooldown10_risk1,2026-07-31,1026553.54,
D_no_breakout_cooldown10_risk1,2026-08-03,1026553.54,
D_no_breakout_cooldown10_risk1,2026-08-04,1026553.54,
D_no_breakout_cooldown10_risk1,2026-08-05,1026553.54,
D_no_breakout_cooldown10_risk1,2026-08-06,1026553.54,
D_no_breakout_cooldown10_risk1,2026-08-07,1026553.54,
D_no_breakout_cooldown10_risk1,2026-08-10,1026553.54,
D_no_breakout_cooldown10_risk1,2026-08-11,1026553.54,
D_no_breakout_cooldown10_risk1,2026-08-12,1026553.54,
D_no_breakout_cooldown10_risk1,2026-08-13,1026553.54,
D_no_breakout_cooldown10_risk1,2026-08-14,1026553.54,
D_no_breakout_cooldown10_risk1,2026-08-18,1026553.54,
D_no_breakout_cooldown10_risk1,2026-08-19,1026553.54,
D_no_breakout_cooldown10_risk1,2026-08-20,1026553.54,
D_no_breakout_cooldown10_risk1,2026-08-21,1026553.54,
D_no_breakout_cooldown10_risk1,2026-08-24,1026553.54,
D_no_breakout_cooldown10_risk1,2026-08-25,1026553.54,
D_no_breakout_cooldown10_risk1,2026-08-26,1026553.54,
D_no_breakout_cooldown10_risk1,2026-08-27,1026553.54,
D_no_breakout_cooldown10_risk1,2026-08-28,1026553.54,
D_no_breakout_cooldown10_risk1,2026-08-31,1026553.54,
D_no_breakout_cooldown10_risk1,2026-09-01,1026553.54,
D_no_breakout_cooldown10_risk1,2026-09-02,1026553.54,
D_no_breakout_cooldown10_risk1,2026-09-03,1026553.54,
D_no_breakout_cooldown10_risk1,2026-09-04,1026553.54,
D_no_breakout_cooldown10_risk1,2026-09-07,1026553.54,
D_no_breakout_cooldown10_risk1,2026-09-08,1026553.54,
D_no_breakout_cooldown10_risk1,2026-09-09,1026553.54,
D_no_breakout_cooldown10_risk1,2026-09-10,1026553.54,
D_no_breakout_cooldown10_risk1,2026-09-11,1026553.54,
D_no_breakout_cooldown10_risk1,2026-09-14,1026553.54,
D_no_breakout_cooldown10_risk1,2026-09-15,1026553.54,
D_no_breakout_cooldown10_risk1,2026-09-16,1026553.54,
D_no_breakout_cooldown10_risk1,2026-09-17,1026553.54,
D_no_breakout_cooldown10_risk1,2026-09-18,1026553.54,
D_no_breakout_cooldown10_risk1,2026-09-21,1026553.54,
D_no_breakout_cooldown10_risk1,2026-09-22,1026553.54,
D_no_breakout_cooldown10_risk1,2026-09-23,1026553.54,
D_no_breakout_cooldown10_risk1,2026-09-28,1026553.54,
D_no_breakout_cooldown10_risk1,2026-09-29,1026553.54,
D_no_breakout_cooldown10_risk1,2026-09-30,1026553.54,
D_no_breakout_cooldown10_risk1,2026-10-01,1026553.54,
D_no_breakout_cooldown10_risk1,2026-10-02,1026553.54,
D_no_breakout_cooldown10_risk1,2026-10-06,1026553.54,
D_no_breakout_cooldown10_risk1,2026-10-07,1026553.54,
D_no_breakout_cooldown10_risk1,2026-10-08,1026553.54,
