setup,holding_days,signals,distinct_tickers,win_rate_pct,mean_net_return_pct,median_net_return_pct,profit_factor,note
BREAKOUT,1,42,10,42.86,-0.504,-0.913,0.817,Overlapping hypothetical signals; not a portfolio equity curve
BREAKOUT,3,41,10,34.15,-2.04,-2.774,0.591,Overlapping hypothetical signals; not a portfolio equity curve
BREAKOUT,5,41,10,43.9,-1.277,-4.105,0.796,Overlapping hypothetical signals; not a portfolio equity curve
PULLBACK_PROXY,1,160,15,36.25,-0.605,-0.88,0.634,Overlapping hypothetical signals; not a portfolio equity curve
PULLBACK_PROXY,3,160,15,41.25,-1.067,-1.466,0.64,Overlapping hypothetical signals; not a portfolio equity curve
PULLBACK_PROXY,5,160,15,39.38,-1.342,-2.026,0.662,Overlapping hypothetical signals; not a portfolio equity curve
REVERSAL_PROXY,1,11,7,45.45,1.046,-0.407,2.083,Overlapping hypothetical signals; not a portfolio equity curve
REVERSAL_PROXY,3,11,7,54.55,0.333,0.178,1.194,Overlapping hypothetical signals; not a portfolio equity curve
REVERSAL_PROXY,5,11,7,54.55,1.314,0.342,1.696,Overlapping hypothetical signals; not a portfolio equity curve
