scenario,date,equity_krw,holding_ticker
tight,2025-10-10,1000000.0,
tight,2025-10-13,1014954.94,143540
tight,2025-10-14,1003095.73,143540
tight,2025-10-15,1036354.23,
tight,2025-10-16,1030067.68,143540
tight,2025-10-17,1012089.91,
tight,2025-10-20,1041523.22,187870
tight,2025-10-21,1048841.59,
tight,2025-10-22,1024324.65,
tight,2025-10-23,1000396.34,
tight,2025-10-24,976995.77,
tight,2025-10-27,954121.29,
tight,2025-10-28,952285.44,187870
tight,2025-10-29,939258.28,187870
tight,2025-10-30,931774.4,
tight,2025-10-31,909961.43,
tight,2025-11-03,888757.52,
tight,2025-11-04,867943.12,
tight,2025-11-05,867943.12,
tight,2025-11-06,847742.58,
tight,2025-11-07,828036.9,
tight,2025-11-10,828036.9,
tight,2025-11-11,858078.76,
tight,2025-11-12,858078.76,
tight,2025-11-13,889106.19,
tight,2025-11-14,868337.79,
tight,2025-11-17,871980.59,067080
tight,2025-11-18,848388.55,
tight,2025-11-19,828562.97,
tight,2025-11-20,828562.97,
tight,2025-11-21,831273.24,067080
tight,2025-11-24,833309.67,067080
tight,2025-11-25,858642.85,
tight,2025-11-26,838573.1,
tight,2025-11-27,825525.19,045300
tight,2025-11-28,818958.71,
tight,2025-12-01,821972.94,243840
tight,2025-12-02,820505.51,243840
tight,2025-12-03,833712.36,
tight,2025-12-04,833712.36,
tight,2025-12-05,833712.36,
tight,2025-12-08,827166.73,045300
tight,2025-12-09,821975.83,045300
tight,2025-12-10,814189.48,
tight,2025-12-11,795122.38,
tight,2025-12-12,791310.59,143540
tight,2025-12-15,790274.41,143540
tight,2025-12-16,776513.89,
tight,2025-12-17,777894.56,067080
tight,2025-12-18,748835.51,
tight,2025-12-19,749556.73,084990
tight,2025-12-22,751772.84,084990
tight,2025-12-23,735151.98,
tight,2025-12-24,729084.07,187870
tight,2025-12-26,718082.27,
tight,2025-12-29,718082.27,
tight,2025-12-30,715170.35,067080
tight,2026-01-02,756917.17,
tight,2026-01-05,774159.44,187870
tight,2026-01-06,775257.52,187870
tight,2026-01-07,758886.22,
tight,2026-01-08,741346.13,
tight,2026-01-09,741346.13,
tight,2026-01-12,741346.13,
tight,2026-01-13,768290.45,
tight,2026-01-14,768290.45,
tight,2026-01-15,768290.45,
tight,2026-01-16,760892.32,187870
tight,2026-01-19,750400.59,
tight,2026-01-20,732968.54,
tight,2026-01-21,715852.84,
tight,2026-01-22,699100.7,
tight,2026-01-23,682779.69,
tight,2026-01-26,687773.25,187870
tight,2026-01-27,699722.31,187870
tight,2026-01-28,709335.45,
tight,2026-01-29,692738.75,
tight,2026-01-30,692738.75,
tight,2026-02-02,692738.75,
tight,2026-02-03,692738.75,
tight,2026-02-04,676522.42,
tight,2026-02-05,660704.2,
tight,2026-02-06,684508.36,
tight,2026-02-09,709101.09,
tight,2026-02-10,692568.82,
tight,2026-02-11,676446.96,
tight,2026-02-12,660603.08,
tight,2026-02-13,660603.08,
tight,2026-02-19,684049.43,
tight,2026-02-20,684049.43,
tight,2026-02-23,684049.43,
tight,2026-02-24,668222.29,
tight,2026-02-25,652615.13,
tight,2026-02-26,676010.48,
tight,2026-02-27,660196.94,
tight,2026-03-03,644803.9,
tight,2026-03-04,644803.9,
tight,2026-03-05,644803.9,
tight,2026-03-06,668126.39,
tight,2026-03-09,668126.39,
tight,2026-03-10,652477.58,
tight,2026-03-11,676202.26,
tight,2026-03-12,676202.26,
tight,2026-03-13,679538.18,243840
tight,2026-03-16,660419.7,
tight,2026-03-17,660419.7,
tight,2026-03-18,683989.18,
tight,2026-03-19,667973.73,
tight,2026-03-20,652362.93,
tight,2026-03-23,652362.93,
tight,2026-03-24,676057.44,
tight,2026-03-25,660268.74,
tight,2026-03-26,644872.41,
tight,2026-03-27,629962.4,
tight,2026-03-30,629962.4,
tight,2026-03-31,615414.1,
tight,2026-04-01,615414.1,
tight,2026-04-02,615414.1,
tight,2026-04-03,615414.1,
tight,2026-04-06,601040.96,
tight,2026-04-07,601040.96,
tight,2026-04-08,601040.96,
tight,2026-04-09,596187.86,083500
tight,2026-04-10,622461.8,
tight,2026-04-13,645077.55,
tight,2026-04-14,650611.65,005160
tight,2026-04-15,660344.59,005160
tight,2026-04-16,668520.25,
tight,2026-04-17,668520.25,
tight,2026-04-20,653266.92,
tight,2026-04-21,638006.34,
tight,2026-04-22,661117.54,
tight,2026-04-23,645686.48,
tight,2026-04-24,645686.48,
tight,2026-04-27,645686.48,
tight,2026-04-28,630700.79,
tight,2026-04-29,616056.52,
tight,2026-04-30,601797.08,
tight,2026-05-04,601797.08,
tight,2026-05-06,601797.08,
tight,2026-05-07,623602.62,
tight,2026-05-08,623602.62,
tight,2026-05-11,609024.99,
tight,2026-05-12,594772.81,
tight,2026-05-13,594772.81,
tight,2026-05-14,581024.67,
tight,2026-05-15,567459.67,
tight,2026-05-18,554174.23,
tight,2026-05-19,574311.06,
tight,2026-05-20,574311.06,
tight,2026-05-21,574311.06,
tight,2026-05-22,574311.06,
tight,2026-05-26,574311.06,
tight,2026-05-27,594639.0,
tight,2026-05-28,580733.1,
tight,2026-05-29,580733.1,
tight,2026-06-01,580733.1,
tight,2026-06-02,580733.1,
tight,2026-06-04,580733.1,
tight,2026-06-05,567611.48,
tight,2026-06-08,567611.48,
tight,2026-06-09,567611.48,
tight,2026-06-10,567611.48,
tight,2026-06-11,567611.48,
tight,2026-06-12,567611.48,
tight,2026-06-15,567611.48,
tight,2026-06-16,554658.8,
tight,2026-06-17,554658.8,
tight,2026-06-18,554658.8,
tight,2026-06-19,554658.8,
tight,2026-06-22,554658.8,
tight,2026-06-23,554658.8,
tight,2026-06-24,554658.8,
tight,2026-06-25,554658.8,
tight,2026-06-26,554658.8,
tight,2026-06-29,554658.8,
tight,2026-06-30,554658.8,
tight,2026-07-01,554658.8,
tight,2026-07-02,554658.8,
tight,2026-07-03,554658.8,
tight,2026-07-06,554658.8,
tight,2026-07-07,554658.8,
tight,2026-07-08,554658.8,
tight,2026-07-09,554658.8,
tight,2026-07-10,554658.8,
tight,2026-07-13,554658.8,
tight,2026-07-14,554658.8,
tight,2026-07-15,554658.8,
tight,2026-07-16,554658.8,
tight,2026-07-20,554658.8,
tight,2026-07-21,554658.8,
tight,2026-07-22,554658.8,
tight,2026-07-23,554658.8,
tight,2026-07-24,554658.8,
tight,2026-07-27,554658.8,
tight,2026-07-28,554658.8,
tight,2026-07-29,554658.8,
tight,2026-07-30,554658.8,
tight,2026-07-31,554658.8,
tight,2026-08-03,554658.8,
tight,2026-08-04,554658.8,
tight,2026-08-05,554658.8,
tight,2026-08-06,554658.8,
tight,2026-08-07,554658.8,
tight,2026-08-10,554658.8,
tight,2026-08-11,554658.8,
tight,2026-08-12,554658.8,
tight,2026-08-13,554658.8,
tight,2026-08-14,554658.8,
tight,2026-08-18,554658.8,
tight,2026-08-19,554658.8,
tight,2026-08-20,554658.8,
tight,2026-08-21,554658.8,
tight,2026-08-24,554658.8,
tight,2026-08-25,554658.8,
tight,2026-08-26,554658.8,
tight,2026-08-27,554658.8,
tight,2026-08-28,554658.8,
tight,2026-08-31,554658.8,
tight,2026-09-01,554658.8,
tight,2026-09-02,554658.8,
tight,2026-09-03,554658.8,
tight,2026-09-04,554658.8,
tight,2026-09-07,554658.8,
tight,2026-09-08,554658.8,
tight,2026-09-09,554658.8,
tight,2026-09-10,554658.8,
tight,2026-09-11,554658.8,
tight,2026-09-14,554658.8,
tight,2026-09-15,554658.8,
tight,2026-09-16,554658.8,
tight,2026-09-17,554658.8,
tight,2026-09-18,554658.8,
tight,2026-09-21,554658.8,
tight,2026-09-22,554658.8,
tight,2026-09-23,554658.8,
tight,2026-09-28,554658.8,
tight,2026-09-29,554658.8,
tight,2026-09-30,554658.8,
tight,2026-10-01,554658.8,
tight,2026-10-02,554658.8,
tight,2026-10-06,554658.8,
tight,2026-10-07,554658.8,
tight,2026-10-08,574615.15,
balanced,2025-10-10,1000000.0,
balanced,2025-10-13,1014954.94,143540
balanced,2025-10-14,1003095.73,143540
balanced,2025-10-15,1020225.7,143540
balanced,2025-10-16,1017590.32,143540
balanced,2025-10-17,966622.07,
balanced,2025-10-20,994751.37,187870
balanced,2025-10-21,1002438.89,187870
balanced,2025-10-22,1031832.36,
balanced,2025-10-23,1018740.88,187870
balanced,2025-10-24,997504.39,
balanced,2025-10-27,964222.06,
balanced,2025-10-28,962373.97,187870
balanced,2025-10-29,949259.96,187870
balanced,2025-10-30,932155.97,
balanced,2025-10-31,916631.24,143540
balanced,2025-11-03,901037.99,
balanced,2025-11-04,871368.72,
balanced,2025-11-05,871368.72,
balanced,2025-11-06,859700.81,067080
balanced,2025-11-07,842574.44,
balanced,2025-11-10,842574.44,
balanced,2025-11-11,889915.78,
balanced,2025-11-12,889915.78,
balanced,2025-11-13,902690.11,067080
balanced,2025-11-14,883643.5,067080
balanced,2025-11-17,892108.66,067080
balanced,2025-11-18,860311.4,
balanced,2025-11-19,831636.02,
balanced,2025-11-20,831636.02,
balanced,2025-11-21,834346.29,067080
balanced,2025-11-24,836382.72,067080
balanced,2025-11-25,878200.81,
balanced,2025-11-26,848913.84,
balanced,2025-11-27,835715.39,045300
balanced,2025-11-28,845954.44,045300
balanced,2025-12-01,843329.04,045300
balanced,2025-12-02,835715.39,045300
balanced,2025-12-03,834402.69,
balanced,2025-12-04,834402.69,
balanced,2025-12-05,834402.69,
balanced,2025-12-08,827857.06,045300
balanced,2025-12-09,822666.16,045300
balanced,2025-12-10,821368.43,045300
balanced,2025-12-11,815139.35,045300
balanced,2025-12-12,806574.37,
balanced,2025-12-15,803758.02,143540
balanced,2025-12-16,791108.19,143540
balanced,2025-12-17,797433.1,143540
balanced,2025-12-18,779660.1,
balanced,2025-12-19,780413.81,084990
balanced,2025-12-22,782729.75,084990
balanced,2025-12-23,765360.2,084990
balanced,2025-12-24,753664.7,
balanced,2025-12-26,753191.5,187870
balanced,2025-12-29,728708.52,
balanced,2025-12-30,725796.6,067080
balanced,2026-01-02,769033.2,
balanced,2026-01-05,786620.32,187870
balanced,2026-01-06,787740.36,187870
balanced,2026-01-07,771041.63,187870
balanced,2026-01-08,743466.33,
balanced,2026-01-09,743466.33,
balanced,2026-01-12,743466.33,
balanced,2026-01-13,785310.41,
balanced,2026-01-14,785310.41,
balanced,2026-01-15,785310.41,
balanced,2026-01-16,777768.63,187870
balanced,2026-01-19,759314.68,
balanced,2026-01-20,733964.68,
balanced,2026-01-21,709567.61,
balanced,2026-01-22,685948.32,
balanced,2026-01-23,688653.34,187870
balanced,2026-01-26,696102.28,187870
balanced,2026-01-27,708184.1,187870
balanced,2026-01-28,724330.14,
balanced,2026-01-29,700158.57,
balanced,2026-01-30,700158.57,
balanced,2026-02-02,700158.57,
balanced,2026-02-03,700158.57,
balanced,2026-02-04,696074.87,046210
balanced,2026-02-05,676816.29,
balanced,2026-02-06,714623.16,
balanced,2026-02-09,754838.44,
balanced,2026-02-10,729701.97,
balanced,2026-02-11,705572.51,
balanced,2026-02-12,682049.02,
balanced,2026-02-13,682049.02,
balanced,2026-02-19,706516.75,083500
balanced,2026-02-20,693938.8,083500
balanced,2026-02-23,720159.63,
balanced,2026-02-24,696411.9,
balanced,2026-02-25,735599.38,
balanced,2026-02-26,776581.63,
balanced,2026-02-27,750789.59,
balanced,2026-03-03,726172.23,
balanced,2026-03-04,726172.23,
balanced,2026-03-05,726172.23,
balanced,2026-03-06,766871.37,
balanced,2026-03-09,766871.37,
balanced,2026-03-10,741304.11,
balanced,2026-03-11,782964.22,
balanced,2026-03-12,782964.22,
balanced,2026-03-13,786826.87,243840
balanced,2026-03-16,767061.52,243840
balanced,2026-03-17,826884.65,
balanced,2026-03-18,873160.13,
balanced,2026-03-19,844018.73,
balanced,2026-03-20,815850.58,
balanced,2026-03-23,815850.58,
balanced,2026-03-24,861734.9,
balanced,2026-03-25,832990.19,
balanced,2026-03-26,805246.83,
balanced,2026-03-27,778583.92,
balanced,2026-03-30,778583.92,
balanced,2026-03-31,822290.04,
balanced,2026-04-01,822290.04,
balanced,2026-04-02,822290.04,
balanced,2026-04-03,822290.04,
balanced,2026-04-06,794841.18,
balanced,2026-04-07,794841.18,
balanced,2026-04-08,794841.18,
balanced,2026-04-09,788324.16,083500
balanced,2026-04-10,839370.68,
balanced,2026-04-13,886552.14,
balanced,2026-04-14,894157.98,005160
balanced,2026-04-15,907534.53,005160
balanced,2026-04-16,916898.12,005160
balanced,2026-04-17,902183.91,005160
balanced,2026-04-20,891482.67,
balanced,2026-04-21,881858.62,005160
balanced,2026-04-22,885766.77,005160
balanced,2026-04-23,893583.07,005160
balanced,2026-04-24,911821.1,005160
balanced,2026-04-27,941601.19,
balanced,2026-04-28,910449.86,
balanced,2026-04-29,922704.03,084990
balanced,2026-04-30,889801.71,084990
balanced,2026-05-04,880167.5,
balanced,2026-05-06,880167.5,
balanced,2026-05-07,872066.96,115450
balanced,2026-05-08,850835.38,
balanced,2026-05-11,822456.85,
balanced,2026-05-12,795050.3,
balanced,2026-05-13,795050.3,
balanced,2026-05-14,768921.11,
balanced,2026-05-15,743269.56,
balanced,2026-05-18,718494.39,
balanced,2026-05-19,758888.16,
balanced,2026-05-20,758888.16,
balanced,2026-05-21,758888.16,
balanced,2026-05-22,758888.16,
balanced,2026-05-26,758888.16,
balanced,2026-05-27,800846.04,
balanced,2026-05-28,774135.87,
balanced,2026-05-29,774135.87,
balanced,2026-06-01,774135.87,
balanced,2026-06-02,774135.87,
balanced,2026-06-04,774135.87,
balanced,2026-06-05,748418.08,
balanced,2026-06-08,748418.08,
balanced,2026-06-09,748418.08,
balanced,2026-06-10,748418.08,
balanced,2026-06-11,748418.08,
balanced,2026-06-12,748418.08,
balanced,2026-06-15,748418.08,
balanced,2026-06-16,723533.14,
balanced,2026-06-17,723533.14,
balanced,2026-06-18,723533.14,
balanced,2026-06-19,723533.14,
balanced,2026-06-22,723533.14,
balanced,2026-06-23,723533.14,
balanced,2026-06-24,723533.14,
balanced,2026-06-25,723533.14,
balanced,2026-06-26,723533.14,
balanced,2026-06-29,723533.14,
balanced,2026-06-30,723533.14,
balanced,2026-07-01,723533.14,
balanced,2026-07-02,723533.14,
balanced,2026-07-03,723533.14,
balanced,2026-07-06,723533.14,
balanced,2026-07-07,723533.14,
balanced,2026-07-08,723533.14,
balanced,2026-07-09,723533.14,
balanced,2026-07-10,723533.14,
balanced,2026-07-13,723533.14,
balanced,2026-07-14,723533.14,
balanced,2026-07-15,723533.14,
balanced,2026-07-16,723533.14,
balanced,2026-07-20,723533.14,
balanced,2026-07-21,723533.14,
balanced,2026-07-22,723533.14,
balanced,2026-07-23,723533.14,
balanced,2026-07-24,723533.14,
balanced,2026-07-27,723533.14,
balanced,2026-07-28,723533.14,
balanced,2026-07-29,723533.14,
balanced,2026-07-30,723533.14,
balanced,2026-07-31,723533.14,
balanced,2026-08-03,723533.14,
balanced,2026-08-04,723533.14,
balanced,2026-08-05,723533.14,
balanced,2026-08-06,723533.14,
balanced,2026-08-07,723533.14,
balanced,2026-08-10,723533.14,
balanced,2026-08-11,723533.14,
balanced,2026-08-12,723533.14,
balanced,2026-08-13,723533.14,
balanced,2026-08-14,723533.14,
balanced,2026-08-18,723533.14,
balanced,2026-08-19,723533.14,
balanced,2026-08-20,723533.14,
balanced,2026-08-21,723533.14,
balanced,2026-08-24,723533.14,
balanced,2026-08-25,723533.14,
balanced,2026-08-26,723533.14,
balanced,2026-08-27,723533.14,
balanced,2026-08-28,723533.14,
balanced,2026-08-31,723533.14,
balanced,2026-09-01,723533.14,
balanced,2026-09-02,723533.14,
balanced,2026-09-03,723533.14,
balanced,2026-09-04,723533.14,
balanced,2026-09-07,723533.14,
balanced,2026-09-08,723533.14,
balanced,2026-09-09,723533.14,
balanced,2026-09-10,723533.14,
balanced,2026-09-11,723533.14,
balanced,2026-09-14,723533.14,
balanced,2026-09-15,723533.14,
balanced,2026-09-16,723533.14,
balanced,2026-09-17,723533.14,
balanced,2026-09-18,723533.14,
balanced,2026-09-21,723533.14,
balanced,2026-09-22,723533.14,
balanced,2026-09-23,723533.14,
balanced,2026-09-28,723533.14,
balanced,2026-09-29,723533.14,
balanced,2026-09-30,723533.14,
balanced,2026-10-01,723533.14,
balanced,2026-10-02,723533.14,
balanced,2026-10-06,723533.14,
balanced,2026-10-07,723533.14,
balanced,2026-10-08,764209.17,
wide,2025-10-10,1000000.0,
wide,2025-10-13,1014954.94,143540
wide,2025-10-14,1003095.73,143540
wide,2025-10-15,1020225.7,143540
wide,2025-10-16,1017590.32,143540
wide,2025-10-17,956660.33,
wide,2025-10-20,984417.06,187870
wide,2025-10-21,992002.76,187870
wide,2025-10-22,989027.98,187870
wide,2025-10-23,973112.88,187870
wide,2025-10-24,952586.86,187870
wide,2025-10-27,915342.55,
wide,2025-10-28,913592.38,187870
wide,2025-10-29,901173.15,187870
wide,2025-10-30,875912.15,
wide,2025-10-31,861322.19,143540
wide,2025-11-03,844027.51,143540
wide,2025-11-04,837939.78,
wide,2025-11-05,837939.78,
wide,2025-11-06,826729.44,067080
wide,2025-11-07,802017.96,
wide,2025-11-10,802017.96,
wide,2025-11-11,863102.6,
wide,2025-11-12,863102.6,
wide,2025-11-13,875394.88,067080
wide,2025-11-14,857067.01,067080
wide,2025-11-17,865212.73,067080
wide,2025-11-18,835175.38,067080
wide,2025-11-19,826113.27,
wide,2025-11-20,826113.27,
wide,2025-11-21,828770.39,067080
wide,2025-11-24,830766.89,067080
wide,2025-11-25,847238.02,067080
wide,2025-11-26,869199.52,067080
wide,2025-11-27,888665.39,
wide,2025-11-28,896425.99,045300
wide,2025-12-01,893640.87,045300
wide,2025-12-02,885564.03,045300
wide,2025-12-03,884171.47,045300
wide,2025-12-04,879993.8,045300
wide,2025-12-05,897818.55,045300
wide,2025-12-08,888349.15,
wide,2025-12-09,873527.4,143540
wide,2025-12-10,888762.69,143540
wide,2025-12-11,895794.36,143540
wide,2025-12-12,894622.42,143540
wide,2025-12-15,893450.47,143540
wide,2025-12-16,879387.13,143540
wide,2025-12-17,886418.8,
wide,2025-12-18,880976.2,143540
wide,2025-12-19,904435.07,143540
wide,2025-12-22,925548.06,143540
wide,2025-12-23,953980.22,
wide,2025-12-24,946054.78,187870
wide,2025-12-26,939538.2,187870
wide,2025-12-29,912715.46,
wide,2025-12-30,909022.29,067080
wide,2026-01-02,931343.16,067080
wide,2026-01-05,923037.72,067080
wide,2026-01-06,888777.78,067080
wide,2026-01-07,873329.67,
wide,2026-01-08,850030.34,083500
wide,2026-01-09,835671.51,
wide,2026-01-12,835671.51,
wide,2026-01-13,899366.37,
wide,2026-01-14,899366.37,
wide,2026-01-15,899366.37,
wide,2026-01-16,890675.36,187870
wide,2026-01-19,908552.02,187870
wide,2026-01-20,908552.02,187870
wide,2026-01-21,915436.95,187870
wide,2026-01-22,912296.46,187870
wide,2026-01-23,912296.46,187870
wide,2026-01-26,922201.09,
wide,2026-01-27,938797.7,187870
wide,2026-01-28,956674.36,187870
wide,2026-01-29,961626.67,187870
wide,2026-01-30,959090.12,187870
wide,2026-02-02,992292.4,
wide,2026-02-03,992292.4,
wide,2026-02-04,986499.71,046210
wide,2026-02-05,949299.56,
wide,2026-02-06,1021226.56,
wide,2026-02-09,1098911.86,
wide,2026-02-10,1051411.17,
wide,2026-02-11,1006155.33,
wide,2026-02-12,962566.29,
wide,2026-02-13,962566.29,
wide,2026-02-19,996937.62,083500
wide,2026-02-20,979268.6,083500
wide,2026-02-23,1035055.6,
wide,2026-02-24,1009450.92,083500
wide,2026-02-25,990344.41,
wide,2026-02-26,1029179.62,083500
wide,2026-02-27,973018.07,083500
wide,2026-03-03,934805.06,
wide,2026-03-04,934805.06,
wide,2026-03-05,934805.06,
wide,2026-03-06,1005911.5,
wide,2026-03-09,1005911.5,
wide,2026-03-10,976748.42,046210
wide,2026-03-11,1043451.49,046210
wide,2026-03-12,1082447.12,
wide,2026-03-13,1087802.16,243840
wide,2026-03-16,1060400.2,243840
wide,2026-03-17,1164893.02,
wide,2026-03-18,1252855.15,
wide,2026-03-19,1232713.11,143540
wide,2026-03-20,1234815.42,143540
wide,2026-03-23,1247429.31,143540
wide,2026-03-24,1348298.36,
wide,2026-03-25,1289853.57,
wide,2026-03-26,1233936.57,
wide,2026-03-27,1305413.59,187870
wide,2026-03-30,1180751.41,
wide,2026-03-31,1205457.87,083500
wide,2026-04-01,1270703.49,
wide,2026-04-02,1270703.49,
wide,2026-04-03,1270703.49,
wide,2026-04-06,1223461.79,046210
wide,2026-04-07,1215649.89,
wide,2026-04-08,1215649.89,
wide,2026-04-09,1205666.37,083500
wide,2026-04-10,1251665.73,083500
wide,2026-04-13,1258134.39,083500
wide,2026-04-14,1308014.94,
wide,2026-04-15,1308014.94,
wide,2026-04-16,1308014.94,
wide,2026-04-17,1308014.94,
wide,2026-04-20,1251551.95,
wide,2026-04-21,1238056.15,005160
wide,2026-04-22,1243536.55,005160
wide,2026-04-23,1254497.33,005160
wide,2026-04-24,1280072.5,005160
wide,2026-04-27,1346714.07,
wide,2026-04-28,1288545.23,
wide,2026-04-29,1305915.22,084990
wide,2026-04-30,1259276.98,084990
wide,2026-05-04,1275308.87,084990
wide,2026-05-06,1232809.77,
wide,2026-05-07,1221462.59,115450
wide,2026-05-08,1179458.63,
wide,2026-05-11,1128426.2,
wide,2026-05-12,1079526.41,
wide,2026-05-13,1079526.41,
wide,2026-05-14,1033481.93,
wide,2026-05-15,988693.65,
wide,2026-05-18,1004667.88,143540
wide,2026-05-19,1064000.27,
wide,2026-05-20,1064000.27,
wide,2026-05-21,1064000.27,
wide,2026-05-22,1064000.27,
wide,2026-05-26,1064000.27,
wide,2026-05-27,1143891.92,
wide,2026-05-28,1094302.89,
wide,2026-05-29,1094302.89,
wide,2026-06-01,1094302.89,
wide,2026-06-02,1094302.89,
wide,2026-06-04,1094302.89,
wide,2026-06-05,1047754.62,
wide,2026-06-08,1047754.62,
wide,2026-06-09,1047754.62,
wide,2026-06-10,1047754.62,
wide,2026-06-11,1047754.62,
wide,2026-06-12,1047754.62,
wide,2026-06-15,1047754.62,
wide,2026-06-16,1002934.86,
wide,2026-06-17,1002934.86,
wide,2026-06-18,1002934.86,
wide,2026-06-19,1002934.86,
wide,2026-06-22,1002934.86,
wide,2026-06-23,1002934.86,
wide,2026-06-24,1002934.86,
wide,2026-06-25,1002934.86,
wide,2026-06-26,1002934.86,
wide,2026-06-29,1002934.86,
wide,2026-06-30,1002934.86,
wide,2026-07-01,1002934.86,
wide,2026-07-02,1002934.86,
wide,2026-07-03,1002934.86,
wide,2026-07-06,1002934.86,
wide,2026-07-07,1002934.86,
wide,2026-07-08,1002934.86,
wide,2026-07-09,1002934.86,
wide,2026-07-10,1002934.86,
wide,2026-07-13,1002934.86,
wide,2026-07-14,1002934.86,
wide,2026-07-15,1002934.86,
wide,2026-07-16,1002934.86,
wide,2026-07-20,1002934.86,
wide,2026-07-21,1002934.86,
wide,2026-07-22,1002934.86,
wide,2026-07-23,1002934.86,
wide,2026-07-24,1002934.86,
wide,2026-07-27,1002934.86,
wide,2026-07-28,1002934.86,
wide,2026-07-29,1002934.86,
wide,2026-07-30,1002934.86,
wide,2026-07-31,1002934.86,
wide,2026-08-03,1002934.86,
wide,2026-08-04,1002934.86,
wide,2026-08-05,1002934.86,
wide,2026-08-06,1002934.86,
wide,2026-08-07,1002934.86,
wide,2026-08-10,1002934.86,
wide,2026-08-11,1002934.86,
wide,2026-08-12,1002934.86,
wide,2026-08-13,1002934.86,
wide,2026-08-14,1002934.86,
wide,2026-08-18,1002934.86,
wide,2026-08-19,1002934.86,
wide,2026-08-20,1002934.86,
wide,2026-08-21,1002934.86,
wide,2026-08-24,1002934.86,
wide,2026-08-25,1002934.86,
wide,2026-08-26,1002934.86,
wide,2026-08-27,1002934.86,
wide,2026-08-28,1002934.86,
wide,2026-08-31,1002934.86,
wide,2026-09-01,1002934.86,
wide,2026-09-02,1002934.86,
wide,2026-09-03,1002934.86,
wide,2026-09-04,1002934.86,
wide,2026-09-07,1002934.86,
wide,2026-09-08,1002934.86,
wide,2026-09-09,1002934.86,
wide,2026-09-10,1002934.86,
wide,2026-09-11,1002934.86,
wide,2026-09-14,1002934.86,
wide,2026-09-15,1002934.86,
wide,2026-09-16,1002934.86,
wide,2026-09-17,1002934.86,
wide,2026-09-18,1002934.86,
wide,2026-09-21,1002934.86,
wide,2026-09-22,1002934.86,
wide,2026-09-23,1002934.86,
wide,2026-09-28,1002934.86,
wide,2026-09-29,1002934.86,
wide,2026-09-30,1002934.86,
wide,2026-10-01,1002934.86,
wide,2026-10-02,1002934.86,
wide,2026-10-06,1002934.86,
wide,2026-10-07,1002934.86,
wide,2026-10-08,1078926.04,
legacy_comparison,2025-10-10,1000000.0,
legacy_comparison,2025-10-13,1014954.94,143540
legacy_comparison,2025-10-14,1003095.73,143540
legacy_comparison,2025-10-15,1029381.01,
legacy_comparison,2025-10-16,1023136.81,143540
legacy_comparison,2025-10-17,995027.15,
legacy_comparison,2025-10-20,1024165.41,
legacy_comparison,2025-10-21,1017433.03,045300
legacy_comparison,2025-10-22,989973.37,
legacy_comparison,2025-10-23,977385.4,187870
legacy_comparison,2025-10-24,956965.7,
legacy_comparison,2025-10-27,925036.52,
legacy_comparison,2025-10-28,952141.2,
legacy_comparison,2025-10-29,942391.64,419050
legacy_comparison,2025-10-30,920358.22,
legacy_comparison,2025-10-31,905035.6,143540
legacy_comparison,2025-11-03,889645.35,
legacy_comparison,2025-11-04,859976.08,
legacy_comparison,2025-11-05,859976.08,
legacy_comparison,2025-11-06,848536.95,067080
legacy_comparison,2025-11-07,831746.39,
legacy_comparison,2025-11-10,831746.39,
legacy_comparison,2025-11-11,856171.21,
legacy_comparison,2025-11-12,856171.21,
legacy_comparison,2025-11-13,881247.17,
legacy_comparison,2025-11-14,883721.79,045300
legacy_comparison,2025-11-17,867348.49,045300
legacy_comparison,2025-11-18,851854.91,
legacy_comparison,2025-11-19,823428.89,
legacy_comparison,2025-11-20,823428.89,
legacy_comparison,2025-11-21,826086.01,067080
legacy_comparison,2025-11-24,828082.51,067080
legacy_comparison,2025-11-25,847262.39,
legacy_comparison,2025-11-26,818994.1,
legacy_comparison,2025-11-27,806247.3,045300
legacy_comparison,2025-11-28,816135.97,045300
legacy_comparison,2025-12-01,813600.41,045300
legacy_comparison,2025-12-02,806247.3,045300
legacy_comparison,2025-12-03,804979.52,
legacy_comparison,2025-12-04,804979.52,
legacy_comparison,2025-12-05,804979.52,
legacy_comparison,2025-12-08,798660.47,045300
legacy_comparison,2025-12-09,793649.26,045300
legacy_comparison,2025-12-10,792396.45,045300
legacy_comparison,2025-12-11,786383.0,045300
legacy_comparison,2025-12-12,778114.49,
legacy_comparison,2025-12-15,775396.82,143540
legacy_comparison,2025-12-16,763190.22,143540
legacy_comparison,2025-12-17,769293.52,143540
legacy_comparison,2025-12-18,752143.24,
legacy_comparison,2025-12-19,752870.96,084990
legacy_comparison,2025-12-22,755107.04,084990
legacy_comparison,2025-12-23,738336.44,084990
legacy_comparison,2025-12-24,727044.24,
legacy_comparison,2025-12-26,726584.95,187870
legacy_comparison,2025-12-29,702822.06,
legacy_comparison,2025-12-30,699981.16,067080
legacy_comparison,2026-01-02,740709.76,
legacy_comparison,2026-01-05,762332.5,
legacy_comparison,2026-01-06,762332.5,
legacy_comparison,2026-01-07,762332.5,
legacy_comparison,2026-01-08,742246.88,083500
legacy_comparison,2026-01-09,737330.5,
legacy_comparison,2026-01-12,737330.5,
legacy_comparison,2026-01-13,758967.4,
legacy_comparison,2026-01-14,758967.4,
legacy_comparison,2026-01-15,758967.4,
legacy_comparison,2026-01-16,751641.1,187870
legacy_comparison,2026-01-19,733714.4,
legacy_comparison,2026-01-20,709368.37,
legacy_comparison,2026-01-21,685718.15,
legacy_comparison,2026-01-22,662877.52,
legacy_comparison,2026-01-23,665493.36,187870
legacy_comparison,2026-01-26,672696.73,187870
legacy_comparison,2026-01-27,682254.99,
legacy_comparison,2026-01-28,682254.99,
legacy_comparison,2026-01-29,659497.71,
legacy_comparison,2026-01-30,659497.71,
legacy_comparison,2026-02-02,659497.71,
legacy_comparison,2026-02-03,659497.71,
legacy_comparison,2026-02-04,655652.48,046210
legacy_comparison,2026-02-05,637518.49,
legacy_comparison,2026-02-06,656007.17,
legacy_comparison,2026-02-09,675042.88,
legacy_comparison,2026-02-10,652599.6,
legacy_comparison,2026-02-11,631151.19,
legacy_comparison,2026-02-12,610078.06,
legacy_comparison,2026-02-13,610078.06,
legacy_comparison,2026-02-19,627605.92,
legacy_comparison,2026-02-20,627605.92,
legacy_comparison,2026-02-23,627605.92,
legacy_comparison,2026-02-24,606826.66,
legacy_comparison,2026-02-25,624657.62,
legacy_comparison,2026-02-26,642570.29,
legacy_comparison,2026-02-27,621329.79,
legacy_comparison,2026-03-03,600993.71,
legacy_comparison,2026-03-04,600993.71,
legacy_comparison,2026-03-05,600993.71,
legacy_comparison,2026-03-06,618643.16,
legacy_comparison,2026-03-09,618643.16,
legacy_comparison,2026-03-10,598032.81,
legacy_comparison,2026-03-11,615604.18,
legacy_comparison,2026-03-12,615604.18,
legacy_comparison,2026-03-13,618647.48,243840
legacy_comparison,2026-03-16,633669.94,
legacy_comparison,2026-03-17,633669.94,
legacy_comparison,2026-03-18,652253.89,
legacy_comparison,2026-03-19,630497.1,
legacy_comparison,2026-03-20,609481.36,
legacy_comparison,2026-03-23,609481.36,
legacy_comparison,2026-03-24,627375.83,
legacy_comparison,2026-03-25,606430.07,
legacy_comparison,2026-03-26,586347.19,
legacy_comparison,2026-03-27,567026.24,
legacy_comparison,2026-03-30,567026.24,
legacy_comparison,2026-03-31,583455.02,
legacy_comparison,2026-04-01,583455.02,
legacy_comparison,2026-04-02,583455.02,
legacy_comparison,2026-04-03,583455.02,
legacy_comparison,2026-04-06,563995.59,
legacy_comparison,2026-04-07,563995.59,
legacy_comparison,2026-04-08,563995.59,
legacy_comparison,2026-04-09,559419.81,083500
legacy_comparison,2026-04-10,580318.38,
legacy_comparison,2026-04-13,597310.97,
legacy_comparison,2026-04-14,602419.37,005160
legacy_comparison,2026-04-15,611403.62,005160
legacy_comparison,2026-04-16,614799.67,
legacy_comparison,2026-04-17,614799.67,
legacy_comparison,2026-04-20,594336.22,
legacy_comparison,2026-04-21,587920.19,005160
legacy_comparison,2026-04-22,590525.62,005160
legacy_comparison,2026-04-23,595736.49,005160
legacy_comparison,2026-04-24,611779.87,
legacy_comparison,2026-04-27,611779.87,
legacy_comparison,2026-04-28,591605.68,
legacy_comparison,2026-04-29,608945.1,
legacy_comparison,2026-04-30,588619.39,
legacy_comparison,2026-05-04,588619.39,
legacy_comparison,2026-05-06,588619.39,
legacy_comparison,2026-05-07,605832.51,
legacy_comparison,2026-05-08,605832.51,
legacy_comparison,2026-05-11,585646.94,
legacy_comparison,2026-05-12,566098.21,
legacy_comparison,2026-05-13,566098.21,
legacy_comparison,2026-05-14,547434.51,
legacy_comparison,2026-05-15,529167.49,
legacy_comparison,2026-05-18,511511.63,
legacy_comparison,2026-05-19,526507.86,
legacy_comparison,2026-05-20,526507.86,
legacy_comparison,2026-05-21,526507.86,
legacy_comparison,2026-05-22,526507.86,
legacy_comparison,2026-05-26,526507.86,
legacy_comparison,2026-05-27,541567.57,
legacy_comparison,2026-05-28,523526.49,
legacy_comparison,2026-05-29,523526.49,
legacy_comparison,2026-06-01,523526.49,
legacy_comparison,2026-06-02,523526.49,
legacy_comparison,2026-06-04,523526.49,
legacy_comparison,2026-06-05,506381.3,
legacy_comparison,2026-06-08,506381.3,
legacy_comparison,2026-06-09,506381.3,
legacy_comparison,2026-06-10,506381.3,
legacy_comparison,2026-06-11,506381.3,
legacy_comparison,2026-06-12,506381.3,
legacy_comparison,2026-06-15,506381.3,
legacy_comparison,2026-06-16,489523.76,
legacy_comparison,2026-06-17,489523.76,
legacy_comparison,2026-06-18,489523.76,
legacy_comparison,2026-06-19,489523.76,
legacy_comparison,2026-06-22,489523.76,
legacy_comparison,2026-06-23,489523.76,
legacy_comparison,2026-06-24,489523.76,
legacy_comparison,2026-06-25,489523.76,
legacy_comparison,2026-06-26,489523.76,
legacy_comparison,2026-06-29,489523.76,
legacy_comparison,2026-06-30,489523.76,
legacy_comparison,2026-07-01,489523.76,
legacy_comparison,2026-07-02,489523.76,
legacy_comparison,2026-07-03,489523.76,
legacy_comparison,2026-07-06,489523.76,
legacy_comparison,2026-07-07,489523.76,
legacy_comparison,2026-07-08,489523.76,
legacy_comparison,2026-07-09,489523.76,
legacy_comparison,2026-07-10,489523.76,
legacy_comparison,2026-07-13,489523.76,
legacy_comparison,2026-07-14,489523.76,
legacy_comparison,2026-07-15,489523.76,
legacy_comparison,2026-07-16,489523.76,
legacy_comparison,2026-07-20,489523.76,
legacy_comparison,2026-07-21,489523.76,
legacy_comparison,2026-07-22,489523.76,
legacy_comparison,2026-07-23,489523.76,
legacy_comparison,2026-07-24,489523.76,
legacy_comparison,2026-07-27,489523.76,
legacy_comparison,2026-07-28,489523.76,
legacy_comparison,2026-07-29,489523.76,
legacy_comparison,2026-07-30,489523.76,
legacy_comparison,2026-07-31,489523.76,
legacy_comparison,2026-08-03,489523.76,
legacy_comparison,2026-08-04,489523.76,
legacy_comparison,2026-08-05,489523.76,
legacy_comparison,2026-08-06,489523.76,
legacy_comparison,2026-08-07,489523.76,
legacy_comparison,2026-08-10,489523.76,
legacy_comparison,2026-08-11,489523.76,
legacy_comparison,2026-08-12,489523.76,
legacy_comparison,2026-08-13,489523.76,
legacy_comparison,2026-08-14,489523.76,
legacy_comparison,2026-08-18,489523.76,
legacy_comparison,2026-08-19,489523.76,
legacy_comparison,2026-08-20,489523.76,
legacy_comparison,2026-08-21,489523.76,
legacy_comparison,2026-08-24,489523.76,
legacy_comparison,2026-08-25,489523.76,
legacy_comparison,2026-08-26,489523.76,
legacy_comparison,2026-08-27,489523.76,
legacy_comparison,2026-08-28,489523.76,
legacy_comparison,2026-08-31,489523.76,
legacy_comparison,2026-09-01,489523.76,
legacy_comparison,2026-09-02,489523.76,
legacy_comparison,2026-09-03,489523.76,
legacy_comparison,2026-09-04,489523.76,
legacy_comparison,2026-09-07,489523.76,
legacy_comparison,2026-09-08,489523.76,
legacy_comparison,2026-09-09,489523.76,
legacy_comparison,2026-09-10,489523.76,
legacy_comparison,2026-09-11,489523.76,
legacy_comparison,2026-09-14,489523.76,
legacy_comparison,2026-09-15,489523.76,
legacy_comparison,2026-09-16,489523.76,
legacy_comparison,2026-09-17,489523.76,
legacy_comparison,2026-09-18,489523.76,
legacy_comparison,2026-09-21,489523.76,
legacy_comparison,2026-09-22,489523.76,
legacy_comparison,2026-09-23,489523.76,
legacy_comparison,2026-09-28,489523.76,
legacy_comparison,2026-09-29,489523.76,
legacy_comparison,2026-09-30,489523.76,
legacy_comparison,2026-10-01,489523.76,
legacy_comparison,2026-10-02,489523.76,
legacy_comparison,2026-10-06,489523.76,
legacy_comparison,2026-10-07,489523.76,
legacy_comparison,2026-10-08,503770.57,
