policy,ticker,setup,signal_date,entry_date,exit_date,entry_price,exit_price,shares,entry_amount,exit_reason,gross_return_pct,net_return_pct,net_profit_krw,capital_after
B_no_breakout,143540,PULLBACK_PROXY,2025-10-10,2025-10-13,2025-10-17,756.0,725.76,1320,997920.0,STOP_FIRST_ASSUMPTION,-4.0,-4.343,-43339.67,956660.33
B_no_breakout,187870,PULLBACK_PROXY,2025-10-17,2025-10-20,2025-10-27,6385.0,6129.6,149,951365.0,STOP_FIRST_ASSUMPTION,-4.0,-4.343,-41317.78,915342.55
B_no_breakout,187870,PULLBACK_PROXY,2025-10-27,2025-10-28,2025-10-30,6349.0,6095.04,143,907907.0,STOP_FIRST_ASSUMPTION,-4.0,-4.343,-39430.4,875912.15
B_no_breakout,143540,PULLBACK_PROXY,2025-10-30,2025-10-31,2025-11-04,757.0,726.72,1155,874335.0,STOP_FIRST_ASSUMPTION,-4.0,-4.343,-37972.37,837939.78
B_no_breakout,067080,PULLBACK_PROXY,2025-11-05,2025-11-06,2025-11-07,16880.0,16204.8,49,827120.0,STOP_FIRST_ASSUMPTION,-4.0,-4.343,-35921.82,802017.96
B_no_breakout,147760,PULLBACK_PROXY,2025-11-10,2025-11-11,2025-11-11,2469.0,2666.52,324,799956.0,TARGET,8.0,7.636,61084.64,863102.6
B_no_breakout,067080,PULLBACK_PROXY,2025-11-12,2025-11-13,2025-11-19,16700.0,16032.0,51,851700.0,STOP_FIRST_ASSUMPTION,-4.0,-4.343,-36989.33,826113.27
B_no_breakout,067080,PULLBACK_PROXY,2025-11-20,2025-11-21,2025-11-27,16190.0,17500.0,50,809500.0,GAP_TARGET,8.0914,7.7273,62552.12,888665.39
B_no_breakout,045300,PULLBACK_PROXY,2025-11-27,2025-11-28,2025-12-08,3176.0,3186.0,279,886104.0,TIME_EXIT,0.3149,-0.0357,-316.25,888349.15
B_no_breakout,143540,PULLBACK_PROXY,2025-12-08,2025-12-09,2025-12-17,755.0,756.0,1174,886370.0,TIME_EXIT,0.1325,-0.2178,-1930.35,886418.8
B_no_breakout,143540,PULLBACK_PROXY,2025-12-17,2025-12-18,2025-12-23,753.0,813.24,1175,884775.0,TARGET,8.0,7.636,67561.42,953980.22
B_no_breakout,187870,PULLBACK_PROXY,2025-12-23,2025-12-24,2025-12-29,7423.0,7126.08,128,950144.0,STOP_FIRST_ASSUMPTION,-4.0,-4.343,-41264.75,912715.46
B_no_breakout,067080,REVERSAL_PROXY,2025-12-29,2025-12-30,2026-01-07,17440.0,16742.4,52,906880.0,STOP_FIRST_ASSUMPTION,-4.0,-4.343,-39385.8,873329.67
B_no_breakout,083500,PULLBACK_PROXY,2026-01-07,2026-01-08,2026-01-09,14950.0,14352.0,58,867100.0,STOP_FIRST_ASSUMPTION,-4.0,-4.343,-37658.15,835671.51
B_no_breakout,147760,REVERSAL_PROXY,2026-01-12,2026-01-13,2026-01-13,2363.0,2552.04,353,834139.0,TARGET,8.0,7.636,63694.85,899366.37
B_no_breakout,187870,PULLBACK_PROXY,2026-01-15,2026-01-16,2026-01-26,7402.0,7617.0,121,895642.0,TIME_EXIT,2.9046,2.5495,22834.73,922201.09
B_no_breakout,187870,PULLBACK_PROXY,2026-01-26,2026-01-27,2026-02-02,7586.0,8192.88,121,917906.0,TARGET,8.0,7.636,70091.3,992292.4
B_no_breakout,046210,REVERSAL_PROXY,2026-02-03,2026-02-04,2026-02-05,1698.0,1630.08,583,989934.0,STOP_FIRST_ASSUMPTION,-4.0,-4.343,-42992.83,949299.56
B_no_breakout,084990,REVERSAL_PROXY,2026-02-09,2026-02-10,2026-02-10,6710.0,6441.6,141,946110.0,STOP_FIRST_ASSUMPTION,-4.0,-4.343,-41089.56,908210.0
B_no_breakout,083500,PULLBACK_PROXY,2026-02-13,2026-02-19,2026-02-23,16090.0,17377.2,56,901040.0,TARGET,8.0,7.636,68803.41,977013.42
B_no_breakout,083500,PULLBACK_PROXY,2026-02-25,2026-02-26,2026-03-03,16900.0,16000.0,57,963300.0,GAP_STOP,-5.3254,-5.6661,-54581.78,922431.64
B_no_breakout,217190,REVERSAL_PROXY,2026-03-05,2026-03-06,2026-03-06,5820.0,6285.6,158,919560.0,TARGET,8.0,7.636,70217.6,992649.25
B_no_breakout,046210,PULLBACK_PROXY,2026-03-09,2026-03-10,2026-03-12,1950.0,2106.0,508,990600.0,TARGET,8.0,7.636,75642.22,1068291.46
B_no_breakout,243840,PULLBACK_PROXY,2026-03-12,2026-03-13,2026-03-17,5900.0,6372.0,180,1062000.0,TARGET,8.0,7.636,81094.32,1149385.78
B_no_breakout,083500,PULLBACK_PROXY,2026-03-17,2026-03-18,2026-03-18,15780.0,17042.4,72,1136160.0,TARGET,8.0,7.636,86757.18,1236142.96
B_no_breakout,143540,PULLBACK_PROXY,2026-03-18,2026-03-19,2026-03-24,1187.0,1281.96,1039,1233293.0,TARGET,8.0,7.636,94174.25,1330317.21
B_no_breakout,147760,PULLBACK_PROXY,2026-03-24,2026-03-25,2026-03-25,3331.0,3197.76,398,1325738.0,STOP_FIRST_ASSUMPTION,-4.0,-4.343,-57576.8,1272740.41
B_no_breakout,217190,PULLBACK_PROXY,2026-03-25,2026-03-26,2026-03-26,6190.0,5942.4,205,1268950.0,STOP_FIRST_ASSUMPTION,-4.0,-4.343,-55110.5,1217629.91
B_no_breakout,083500,PULLBACK_PROXY,2026-03-30,2026-03-31,2026-04-01,15500.0,16740.0,78,1209000.0,TARGET,8.0,7.636,92319.24,1309949.15
B_no_breakout,046210,PULLBACK_PROXY,2026-04-03,2026-04-06,2026-04-07,2365.0,2270.4,552,1305480.0,STOP_FIRST_ASSUMPTION,-4.0,-4.343,-56697.0,1253252.16
B_no_breakout,083500,REVERSAL_PROXY,2026-04-08,2026-04-09,2026-04-14,16800.0,18144.0,74,1243200.0,TARGET,8.0,7.636,94930.75,1348182.91
B_no_breakout,005160,PULLBACK_PROXY,2026-04-20,2026-04-21,2026-04-27,3405.0,3677.4,395,1344975.0,TARGET,8.0,7.636,102702.29,1450885.2
B_no_breakout,084990,PULLBACK_PROXY,2026-04-27,2026-04-28,2026-04-28,8870.0,8515.2,163,1445810.0,STOP_FIRST_ASSUMPTION,-4.0,-4.343,-62791.53,1388093.67
B_no_breakout,084990,PULLBACK_PROXY,2026-04-28,2026-04-29,2026-05-06,8790.0,8438.4,157,1380030.0,STOP_FIRST_ASSUMPTION,-4.0,-4.343,-59934.7,1328158.97
B_no_breakout,115450,PULLBACK_PROXY,2026-05-06,2026-05-07,2026-05-08,3480.0,3340.8,380,1322400.0,STOP_FIRST_ASSUMPTION,-4.0,-4.343,-57431.83,1270727.14
B_no_breakout,005160,PULLBACK_PROXY,2026-05-08,2026-05-11,2026-05-11,3550.0,3408.0,357,1267350.0,STOP_FIRST_ASSUMPTION,-4.0,-4.343,-55041.01,1215686.13
B_no_breakout,001780,PULLBACK_PROXY,2026-05-11,2026-05-12,2026-05-12,2865.0,2750.4,423,1211895.0,STOP_FIRST_ASSUMPTION,-4.0,-4.343,-52632.6,1163053.53
B_no_breakout,001780,PULLBACK_PROXY,2026-05-14,2026-05-15,2026-05-15,2905.0,2788.8,399,1159095.0,STOP_FIRST_ASSUMPTION,-4.0,-4.343,-50339.5,1112714.03
B_no_breakout,143540,PULLBACK_PROXY,2026-05-15,2026-05-18,2026-05-19,1419.0,1532.52,782,1109658.0,TARGET,8.0,7.636,84733.48,1197447.51
B_no_breakout,187870,PULLBACK_PROXY,2026-05-26,2026-05-27,2026-05-27,23250.0,25110.0,51,1185750.0,TARGET,8.0,7.636,90543.87,1287991.38
B_no_breakout,143540,PULLBACK_PROXY,2026-05-27,2026-05-28,2026-05-28,1401.0,1344.96,917,1284717.0,STOP_FIRST_ASSUMPTION,-4.0,-4.343,-55795.26,1232196.13
B_no_breakout,187870,PULLBACK_PROXY,2026-06-04,2026-06-05,2026-06-05,23300.0,22368.0,52,1211600.0,STOP_FIRST_ASSUMPTION,-4.0,-4.343,-52619.79,1179576.34
B_no_breakout,187870,PULLBACK_PROXY,2026-06-15,2026-06-16,2026-06-16,24000.0,23040.0,49,1176000.0,STOP_FIRST_ASSUMPTION,-4.0,-4.343,-51073.68,1128502.66
H_ticker_cooldown5,143540,PULLBACK_PROXY,2025-10-10,2025-10-13,2025-10-17,756.0,725.76,1320,997920.0,STOP_FIRST_ASSUMPTION,-4.0,-4.343,-43339.67,956660.33
H_ticker_cooldown5,187870,PULLBACK_PROXY,2025-10-17,2025-10-20,2025-10-27,6385.0,6129.6,149,951365.0,STOP_FIRST_ASSUMPTION,-4.0,-4.343,-41317.78,915342.55
H_ticker_cooldown5,419050,PULLBACK_PROXY,2025-10-28,2025-10-29,2025-10-30,2215.0,2126.4,412,912580.0,STOP_FIRST_ASSUMPTION,-4.0,-4.343,-39633.35,875709.2
H_ticker_cooldown5,143540,PULLBACK_PROXY,2025-10-30,2025-10-31,2025-11-04,757.0,726.72,1154,873578.0,STOP_FIRST_ASSUMPTION,-4.0,-4.343,-37939.49,837769.71
H_ticker_cooldown5,067080,PULLBACK_PROXY,2025-11-05,2025-11-06,2025-11-07,16880.0,16204.8,49,827120.0,STOP_FIRST_ASSUMPTION,-4.0,-4.343,-35921.82,801847.89
H_ticker_cooldown5,147760,PULLBACK_PROXY,2025-11-10,2025-11-11,2025-11-11,2469.0,2666.52,324,799956.0,TARGET,8.0,7.636,61084.64,862932.53
H_ticker_cooldown5,147760,PULLBACK_PROXY,2025-11-11,2025-11-12,2025-11-19,2551.0,2448.96,337,859687.0,STOP_FIRST_ASSUMPTION,-4.0,-4.343,-37336.21,825596.32
H_ticker_cooldown5,067080,PULLBACK_PROXY,2025-11-20,2025-11-21,2025-11-27,16190.0,17500.0,50,809500.0,GAP_TARGET,8.0914,7.7273,62552.12,888148.45
H_ticker_cooldown5,045300,PULLBACK_PROXY,2025-11-27,2025-11-28,2025-12-08,3176.0,3186.0,279,886104.0,TIME_EXIT,0.3149,-0.0357,-316.25,887832.2
H_ticker_cooldown5,143540,PULLBACK_PROXY,2025-12-08,2025-12-09,2025-12-17,755.0,756.0,1173,885615.0,TIME_EXIT,0.1325,-0.2178,-1928.71,885903.5
H_ticker_cooldown5,143540,PULLBACK_PROXY,2025-12-17,2025-12-18,2025-12-23,753.0,813.24,1174,884022.0,TARGET,8.0,7.636,67503.92,953407.42
H_ticker_cooldown5,187870,PULLBACK_PROXY,2025-12-23,2025-12-24,2025-12-29,7423.0,7126.08,128,950144.0,STOP_FIRST_ASSUMPTION,-4.0,-4.343,-41264.75,912142.66
H_ticker_cooldown5,067080,REVERSAL_PROXY,2025-12-29,2025-12-30,2026-01-07,17440.0,16742.4,52,906880.0,STOP_FIRST_ASSUMPTION,-4.0,-4.343,-39385.8,872756.86
H_ticker_cooldown5,083500,PULLBACK_PROXY,2026-01-07,2026-01-08,2026-01-09,14950.0,14352.0,58,867100.0,STOP_FIRST_ASSUMPTION,-4.0,-4.343,-37658.15,835098.71
H_ticker_cooldown5,147760,REVERSAL_PROXY,2026-01-12,2026-01-13,2026-01-13,2363.0,2552.04,352,831776.0,TARGET,8.0,7.636,63514.42,898613.13
H_ticker_cooldown5,187870,PULLBACK_PROXY,2026-01-15,2026-01-16,2026-01-26,7402.0,7617.0,121,895642.0,TIME_EXIT,2.9046,2.5495,22834.73,921447.85
H_ticker_cooldown5,187870,PULLBACK_PROXY,2026-01-26,2026-01-27,2026-02-02,7586.0,8192.88,121,917906.0,TARGET,8.0,7.636,70091.3,991539.15
H_ticker_cooldown5,046210,REVERSAL_PROXY,2026-02-03,2026-02-04,2026-02-05,1698.0,1630.08,582,988236.0,STOP_FIRST_ASSUMPTION,-4.0,-4.343,-42919.09,948620.07
H_ticker_cooldown5,084990,REVERSAL_PROXY,2026-02-09,2026-02-10,2026-02-10,6710.0,6441.6,141,946110.0,STOP_FIRST_ASSUMPTION,-4.0,-4.343,-41089.56,907530.51
H_ticker_cooldown5,083500,PULLBACK_PROXY,2026-02-13,2026-02-19,2026-02-23,16090.0,17377.2,56,901040.0,TARGET,8.0,7.636,68803.41,976333.92
H_ticker_cooldown5,083500,PULLBACK_PROXY,2026-02-25,2026-02-26,2026-03-03,16900.0,16000.0,57,963300.0,GAP_STOP,-5.3254,-5.6661,-54581.78,921752.15
H_ticker_cooldown5,217190,REVERSAL_PROXY,2026-03-05,2026-03-06,2026-03-06,5820.0,6285.6,158,919560.0,TARGET,8.0,7.636,70217.6,991969.75
H_ticker_cooldown5,046210,PULLBACK_PROXY,2026-03-09,2026-03-10,2026-03-12,1950.0,2106.0,507,988650.0,TARGET,8.0,7.636,75493.31,1067463.06
H_ticker_cooldown5,243840,PULLBACK_PROXY,2026-03-12,2026-03-13,2026-03-17,5900.0,6372.0,180,1062000.0,TARGET,8.0,7.636,81094.32,1148557.38
H_ticker_cooldown5,083500,PULLBACK_PROXY,2026-03-17,2026-03-18,2026-03-18,15780.0,17042.4,72,1136160.0,TARGET,8.0,7.636,86757.18,1235314.56
H_ticker_cooldown5,143540,PULLBACK_PROXY,2026-03-18,2026-03-19,2026-03-24,1187.0,1281.96,1038,1232106.0,TARGET,8.0,7.636,94083.61,1329398.17
H_ticker_cooldown5,147760,PULLBACK_PROXY,2026-03-24,2026-03-25,2026-03-25,3331.0,3197.76,398,1325738.0,STOP_FIRST_ASSUMPTION,-4.0,-4.343,-57576.8,1271821.37
H_ticker_cooldown5,217190,PULLBACK_PROXY,2026-03-25,2026-03-26,2026-03-26,6190.0,5942.4,205,1268950.0,STOP_FIRST_ASSUMPTION,-4.0,-4.343,-55110.5,1216710.87
H_ticker_cooldown5,083500,PULLBACK_PROXY,2026-03-30,2026-03-31,2026-04-01,15500.0,16740.0,78,1209000.0,TARGET,8.0,7.636,92319.24,1309030.11
H_ticker_cooldown5,046210,PULLBACK_PROXY,2026-04-03,2026-04-06,2026-04-07,2365.0,2270.4,552,1305480.0,STOP_FIRST_ASSUMPTION,-4.0,-4.343,-56697.0,1252333.12
H_ticker_cooldown5,083500,REVERSAL_PROXY,2026-04-08,2026-04-09,2026-04-14,16800.0,18144.0,74,1243200.0,TARGET,8.0,7.636,94930.75,1347263.87
H_ticker_cooldown5,005160,PULLBACK_PROXY,2026-04-20,2026-04-21,2026-04-27,3405.0,3677.4,394,1341570.0,TARGET,8.0,7.636,102442.29,1449706.16
H_ticker_cooldown5,084990,PULLBACK_PROXY,2026-04-27,2026-04-28,2026-04-28,8870.0,8515.2,163,1445810.0,STOP_FIRST_ASSUMPTION,-4.0,-4.343,-62791.53,1386914.63
H_ticker_cooldown5,115450,PULLBACK_PROXY,2026-05-06,2026-05-07,2026-05-08,3480.0,3340.8,397,1381560.0,STOP_FIRST_ASSUMPTION,-4.0,-4.343,-60001.15,1326913.48
H_ticker_cooldown5,005160,PULLBACK_PROXY,2026-05-08,2026-05-11,2026-05-11,3550.0,3408.0,373,1324150.0,STOP_FIRST_ASSUMPTION,-4.0,-4.343,-57507.83,1269405.64
H_ticker_cooldown5,001780,PULLBACK_PROXY,2026-05-11,2026-05-12,2026-05-12,2865.0,2750.4,442,1266330.0,STOP_FIRST_ASSUMPTION,-4.0,-4.343,-54996.71,1214408.93
H_ticker_cooldown5,143540,PULLBACK_PROXY,2026-05-14,2026-05-15,2026-05-15,1422.0,1365.12,852,1211544.0,STOP_FIRST_ASSUMPTION,-4.0,-4.343,-52617.36,1161791.57
H_ticker_cooldown5,187870,PULLBACK_PROXY,2026-05-26,2026-05-27,2026-05-27,23250.0,25110.0,49,1139250.0,TARGET,8.0,7.636,86993.13,1248784.7
H_ticker_cooldown5,143540,PULLBACK_PROXY,2026-05-27,2026-05-28,2026-05-28,1401.0,1344.96,889,1245489.0,STOP_FIRST_ASSUMPTION,-4.0,-4.343,-54091.59,1194693.12
H_ticker_cooldown5,187870,PULLBACK_PROXY,2026-06-04,2026-06-05,2026-06-05,23300.0,22368.0,51,1188300.0,STOP_FIRST_ASSUMPTION,-4.0,-4.343,-51607.87,1143085.25
H_ticker_cooldown5,187870,PULLBACK_PROXY,2026-06-15,2026-06-16,2026-06-16,24000.0,23040.0,47,1128000.0,STOP_FIRST_ASSUMPTION,-4.0,-4.343,-48989.04,1094096.21
I_streak3_pause5,143540,PULLBACK_PROXY,2025-10-10,2025-10-13,2025-10-17,756.0,725.76,1320,997920.0,STOP_FIRST_ASSUMPTION,-4.0,-4.343,-43339.67,956660.33
I_streak3_pause5,187870,PULLBACK_PROXY,2025-10-17,2025-10-20,2025-10-27,6385.0,6129.6,149,951365.0,STOP_FIRST_ASSUMPTION,-4.0,-4.343,-41317.78,915342.55
I_streak3_pause5,187870,PULLBACK_PROXY,2025-10-27,2025-10-28,2025-10-30,6349.0,6095.04,143,907907.0,STOP_FIRST_ASSUMPTION,-4.0,-4.343,-39430.4,875912.15
I_streak3_pause5,147760,PULLBACK_PROXY,2025-11-10,2025-11-11,2025-11-11,2469.0,2666.52,354,874026.0,TARGET,8.0,7.636,66740.63,942652.78
I_streak3_pause5,067080,PULLBACK_PROXY,2025-11-12,2025-11-13,2025-11-19,16700.0,16032.0,56,935200.0,STOP_FIRST_ASSUMPTION,-4.0,-4.343,-40615.74,902037.04
I_streak3_pause5,067080,PULLBACK_PROXY,2025-11-20,2025-11-21,2025-11-27,16190.0,17500.0,55,890450.0,GAP_TARGET,8.0914,7.7273,68807.34,970844.38
I_streak3_pause5,045300,PULLBACK_PROXY,2025-11-27,2025-11-28,2025-12-08,3176.0,3186.0,305,968680.0,TIME_EXIT,0.3149,-0.0357,-345.72,970498.66
I_streak3_pause5,143540,PULLBACK_PROXY,2025-12-08,2025-12-09,2025-12-17,755.0,756.0,1283,968665.0,TIME_EXIT,0.1325,-0.2178,-2109.57,968389.09
I_streak3_pause5,143540,PULLBACK_PROXY,2025-12-17,2025-12-18,2025-12-23,753.0,813.24,1283,966099.0,TARGET,8.0,7.636,73771.32,1042160.41
I_streak3_pause5,187870,PULLBACK_PROXY,2025-12-23,2025-12-24,2025-12-29,7423.0,7126.08,140,1039220.0,STOP_FIRST_ASSUMPTION,-4.0,-4.343,-45133.32,997027.08
I_streak3_pause5,067080,REVERSAL_PROXY,2025-12-29,2025-12-30,2026-01-07,17440.0,16742.4,57,994080.0,STOP_FIRST_ASSUMPTION,-4.0,-4.343,-43172.89,953854.19
I_streak3_pause5,083500,PULLBACK_PROXY,2026-01-07,2026-01-08,2026-01-09,14950.0,14352.0,63,941850.0,STOP_FIRST_ASSUMPTION,-4.0,-4.343,-40904.55,912949.64
I_streak3_pause5,187870,PULLBACK_PROXY,2026-01-19,2026-01-20,2026-01-28,7504.0,7898.0,121,907984.0,TIME_EXIT,5.2505,4.8913,44412.63,957362.27
I_streak3_pause5,143540,PULLBACK_PROXY,2026-01-28,2026-01-29,2026-01-30,961.0,1037.88,994,955234.0,TARGET,8.0,7.636,72941.67,1030303.94
I_streak3_pause5,046210,REVERSAL_PROXY,2026-02-03,2026-02-04,2026-02-05,1698.0,1630.08,605,1027290.0,STOP_FIRST_ASSUMPTION,-4.0,-4.343,-44615.2,985688.73
I_streak3_pause5,084990,REVERSAL_PROXY,2026-02-09,2026-02-10,2026-02-10,6710.0,6441.6,146,979660.0,STOP_FIRST_ASSUMPTION,-4.0,-4.343,-42546.63,943142.1
I_streak3_pause5,083500,PULLBACK_PROXY,2026-02-13,2026-02-19,2026-02-23,16090.0,17377.2,58,933220.0,TARGET,8.0,7.636,71260.68,1014402.78
I_streak3_pause5,083500,PULLBACK_PROXY,2026-02-25,2026-02-26,2026-03-03,16900.0,16000.0,59,997100.0,GAP_STOP,-5.3254,-5.6661,-56496.93,957905.85
I_streak3_pause5,217190,REVERSAL_PROXY,2026-03-05,2026-03-06,2026-03-06,5820.0,6285.6,164,954480.0,TARGET,8.0,7.636,72884.09,1030789.95
I_streak3_pause5,046210,PULLBACK_PROXY,2026-03-09,2026-03-10,2026-03-12,1950.0,2106.0,527,1027650.0,TARGET,8.0,7.636,78471.35,1109261.3
I_streak3_pause5,243840,PULLBACK_PROXY,2026-03-12,2026-03-13,2026-03-17,5900.0,6372.0,187,1103300.0,TARGET,8.0,7.636,84247.99,1193509.29
I_streak3_pause5,083500,PULLBACK_PROXY,2026-03-17,2026-03-18,2026-03-18,15780.0,17042.4,75,1183500.0,TARGET,8.0,7.636,90372.06,1283881.35
I_streak3_pause5,143540,PULLBACK_PROXY,2026-03-18,2026-03-19,2026-03-24,1187.0,1281.96,1079,1280773.0,TARGET,8.0,7.636,97799.83,1381681.17
I_streak3_pause5,147760,PULLBACK_PROXY,2026-03-24,2026-03-25,2026-03-25,3331.0,3197.76,414,1379034.0,STOP_FIRST_ASSUMPTION,-4.0,-4.343,-59891.45,1321789.73
I_streak3_pause5,217190,PULLBACK_PROXY,2026-03-25,2026-03-26,2026-03-26,6190.0,5942.4,213,1318470.0,STOP_FIRST_ASSUMPTION,-4.0,-4.343,-57261.15,1264528.58
I_streak3_pause5,083500,PULLBACK_PROXY,2026-03-30,2026-03-31,2026-04-01,15500.0,16740.0,81,1255500.0,TARGET,8.0,7.636,95869.98,1360398.56
I_streak3_pause5,046210,PULLBACK_PROXY,2026-04-03,2026-04-06,2026-04-07,2365.0,2270.4,574,1357510.0,STOP_FIRST_ASSUMPTION,-4.0,-4.343,-58956.66,1301441.9
I_streak3_pause5,083500,REVERSAL_PROXY,2026-04-08,2026-04-09,2026-04-14,16800.0,18144.0,77,1293600.0,TARGET,8.0,7.636,98779.3,1400221.19
I_streak3_pause5,005160,PULLBACK_PROXY,2026-04-20,2026-04-21,2026-04-27,3405.0,3677.4,410,1396050.0,TARGET,8.0,7.636,106602.38,1506823.57
I_streak3_pause5,084990,PULLBACK_PROXY,2026-04-27,2026-04-28,2026-04-28,8870.0,8515.2,169,1499030.0,STOP_FIRST_ASSUMPTION,-4.0,-4.343,-65102.87,1441720.7
I_streak3_pause5,084990,PULLBACK_PROXY,2026-04-28,2026-04-29,2026-05-06,8790.0,8438.4,163,1432770.0,STOP_FIRST_ASSUMPTION,-4.0,-4.343,-62225.2,1379495.5
I_streak3_pause5,115450,PULLBACK_PROXY,2026-05-06,2026-05-07,2026-05-08,3480.0,3340.8,395,1374600.0,STOP_FIRST_ASSUMPTION,-4.0,-4.343,-59698.88,1319796.62
I_streak3_pause5,143540,PULLBACK_PROXY,2026-05-18,2026-05-19,2026-05-20,1447.0,1562.76,910,1316770.0,TARGET,8.0,7.636,100548.56,1420345.18
I_streak3_pause5,187870,PULLBACK_PROXY,2026-05-26,2026-05-27,2026-05-27,23250.0,25110.0,60,1395000.0,TARGET,8.0,7.636,106522.2,1526867.38
I_streak3_pause5,143540,PULLBACK_PROXY,2026-05-27,2026-05-28,2026-05-28,1401.0,1344.96,1087,1522887.0,STOP_FIRST_ASSUMPTION,-4.0,-4.343,-66138.98,1460728.39
I_streak3_pause5,187870,PULLBACK_PROXY,2026-06-04,2026-06-05,2026-06-05,23300.0,22368.0,62,1444600.0,STOP_FIRST_ASSUMPTION,-4.0,-4.343,-62738.98,1397989.42
I_streak3_pause5,187870,PULLBACK_PROXY,2026-06-15,2026-06-16,2026-06-16,24000.0,23040.0,58,1392000.0,STOP_FIRST_ASSUMPTION,-4.0,-4.343,-60454.56,1337534.86
J_combined,143540,PULLBACK_PROXY,2025-10-10,2025-10-13,2025-10-17,756.0,725.76,1320,997920.0,STOP_FIRST_ASSUMPTION,-4.0,-4.343,-43339.67,956660.33
J_combined,187870,PULLBACK_PROXY,2025-10-17,2025-10-20,2025-10-27,6385.0,6129.6,149,951365.0,STOP_FIRST_ASSUMPTION,-4.0,-4.343,-41317.78,915342.55
J_combined,419050,PULLBACK_PROXY,2025-10-28,2025-10-29,2025-10-30,2215.0,2126.4,412,912580.0,STOP_FIRST_ASSUMPTION,-4.0,-4.343,-39633.35,875709.2
J_combined,147760,PULLBACK_PROXY,2025-11-10,2025-11-11,2025-11-11,2469.0,2666.52,354,874026.0,TARGET,8.0,7.636,66740.63,942449.83
J_combined,067080,PULLBACK_PROXY,2025-11-12,2025-11-13,2025-11-19,16700.0,16032.0,56,935200.0,STOP_FIRST_ASSUMPTION,-4.0,-4.343,-40615.74,901834.09
J_combined,147760,PULLBACK_PROXY,2025-11-20,2025-11-21,2025-11-24,2502.0,2401.92,359,898218.0,STOP_FIRST_ASSUMPTION,-4.0,-4.343,-39009.61,862824.48
J_combined,045300,PULLBACK_PROXY,2025-11-24,2025-11-25,2025-12-03,3161.0,3171.0,272,859792.0,TIME_EXIT,0.3164,-0.0342,-294.03,862530.45
J_combined,045300,PULLBACK_PROXY,2025-12-05,2025-12-08,2025-12-12,3200.0,3072.0,269,860800.0,STOP_FIRST_ASSUMPTION,-4.0,-4.343,-37384.54,825145.91
J_combined,143540,PULLBACK_PROXY,2025-12-12,2025-12-15,2025-12-23,762.0,822.96,1080,822960.0,TARGET,8.0,7.636,62841.23,887987.13
J_combined,187870,PULLBACK_PROXY,2025-12-23,2025-12-24,2025-12-29,7423.0,7126.08,119,883337.0,STOP_FIRST_ASSUMPTION,-4.0,-4.343,-38363.33,849623.81
J_combined,067080,REVERSAL_PROXY,2025-12-29,2025-12-30,2026-01-07,17440.0,16742.4,48,837120.0,STOP_FIRST_ASSUMPTION,-4.0,-4.343,-36356.12,813267.69
J_combined,083500,PULLBACK_PROXY,2026-01-07,2026-01-08,2026-01-09,14950.0,14352.0,54,807300.0,STOP_FIRST_ASSUMPTION,-4.0,-4.343,-35061.04,778206.65
J_combined,187870,PULLBACK_PROXY,2026-01-19,2026-01-20,2026-01-28,7504.0,7898.0,103,772912.0,TIME_EXIT,5.2505,4.8913,37805.79,816012.44
J_combined,143540,PULLBACK_PROXY,2026-01-28,2026-01-29,2026-01-30,961.0,1037.88,847,813967.0,TARGET,8.0,7.636,62154.52,878166.96
J_combined,046210,REVERSAL_PROXY,2026-02-03,2026-02-04,2026-02-05,1698.0,1630.08,516,876168.0,STOP_FIRST_ASSUMPTION,-4.0,-4.343,-38051.98,840114.98
J_combined,084990,REVERSAL_PROXY,2026-02-09,2026-02-10,2026-02-10,6710.0,6441.6,124,832040.0,STOP_FIRST_ASSUMPTION,-4.0,-4.343,-36135.5,803979.48
J_combined,083500,PULLBACK_PROXY,2026-02-13,2026-02-19,2026-02-23,16090.0,17377.2,49,788410.0,TARGET,8.0,7.636,60202.99,864182.47
J_combined,083500,PULLBACK_PROXY,2026-02-25,2026-02-26,2026-03-03,16900.0,16000.0,51,861900.0,GAP_STOP,-5.3254,-5.6661,-48836.32,815346.15
J_combined,217190,REVERSAL_PROXY,2026-03-05,2026-03-06,2026-03-06,5820.0,6285.6,139,808980.0,TARGET,8.0,7.636,61773.71,877119.86
J_combined,046210,PULLBACK_PROXY,2026-03-09,2026-03-10,2026-03-12,1950.0,2106.0,449,875550.0,TARGET,8.0,7.636,66857.0,943976.86
J_combined,243840,PULLBACK_PROXY,2026-03-12,2026-03-13,2026-03-17,5900.0,6372.0,159,938100.0,TARGET,8.0,7.636,71633.32,1015610.17
J_combined,083500,PULLBACK_PROXY,2026-03-17,2026-03-18,2026-03-18,15780.0,17042.4,64,1009920.0,TARGET,8.0,7.636,77117.49,1092727.66
J_combined,143540,PULLBACK_PROXY,2026-03-18,2026-03-19,2026-03-24,1187.0,1281.96,918,1089666.0,TARGET,8.0,7.636,83206.9,1175934.56
J_combined,147760,PULLBACK_PROXY,2026-03-24,2026-03-25,2026-03-25,3331.0,3197.76,352,1172512.0,STOP_FIRST_ASSUMPTION,-4.0,-4.343,-50922.2,1125012.36
J_combined,217190,PULLBACK_PROXY,2026-03-25,2026-03-26,2026-03-26,6190.0,5942.4,181,1120390.0,STOP_FIRST_ASSUMPTION,-4.0,-4.343,-48658.54,1076353.83
J_combined,083500,PULLBACK_PROXY,2026-03-30,2026-03-31,2026-04-01,15500.0,16740.0,69,1069500.0,TARGET,8.0,7.636,81667.02,1158020.85
J_combined,046210,PULLBACK_PROXY,2026-04-03,2026-04-06,2026-04-07,2365.0,2270.4,488,1154120.0,STOP_FIRST_ASSUMPTION,-4.0,-4.343,-50123.43,1107897.41
J_combined,083500,REVERSAL_PROXY,2026-04-08,2026-04-09,2026-04-14,16800.0,18144.0,65,1092000.0,TARGET,8.0,7.636,83385.12,1191282.53
J_combined,005160,PULLBACK_PROXY,2026-04-20,2026-04-21,2026-04-27,3405.0,3677.4,349,1188345.0,TARGET,8.0,7.636,90742.02,1282024.56
J_combined,084990,PULLBACK_PROXY,2026-04-27,2026-04-28,2026-04-28,8870.0,8515.2,144,1277280.0,STOP_FIRST_ASSUMPTION,-4.0,-4.343,-55472.27,1226552.29
J_combined,115450,PULLBACK_PROXY,2026-05-06,2026-05-07,2026-05-08,3480.0,3340.8,351,1221480.0,STOP_FIRST_ASSUMPTION,-4.0,-4.343,-53048.88,1173503.41
J_combined,005160,PULLBACK_PROXY,2026-05-08,2026-05-11,2026-05-11,3550.0,3408.0,329,1167950.0,STOP_FIRST_ASSUMPTION,-4.0,-4.343,-50724.07,1122779.34
J_combined,187870,PULLBACK_PROXY,2026-05-26,2026-05-27,2026-05-27,23250.0,25110.0,48,1116000.0,TARGET,8.0,7.636,85217.76,1207997.1
J_combined,143540,PULLBACK_PROXY,2026-05-27,2026-05-28,2026-05-28,1401.0,1344.96,860,1204860.0,STOP_FIRST_ASSUMPTION,-4.0,-4.343,-52327.07,1155670.03
J_combined,187870,PULLBACK_PROXY,2026-06-04,2026-06-05,2026-06-05,23300.0,22368.0,49,1141700.0,STOP_FIRST_ASSUMPTION,-4.0,-4.343,-49584.03,1106086.0
J_combined,187870,PULLBACK_PROXY,2026-06-15,2026-06-16,2026-06-16,24000.0,23040.0,46,1104000.0,STOP_FIRST_ASSUMPTION,-4.0,-4.343,-47946.72,1058139.28
E_market_own_index,143540,PULLBACK_PROXY,2025-10-10,2025-10-13,2025-10-17,756.0,725.76,1320,997920.0,STOP_FIRST_ASSUMPTION,-4.0,-4.343,-43339.67,956660.33
E_market_own_index,187870,PULLBACK_PROXY,2025-10-17,2025-10-20,2025-10-27,6385.0,6129.6,149,951365.0,STOP_FIRST_ASSUMPTION,-4.0,-4.343,-41317.78,915342.55
E_market_own_index,187870,PULLBACK_PROXY,2025-10-27,2025-10-28,2025-10-30,6349.0,6095.04,143,907907.0,STOP_FIRST_ASSUMPTION,-4.0,-4.343,-39430.4,875912.15
E_market_own_index,143540,PULLBACK_PROXY,2025-10-30,2025-10-31,2025-11-04,757.0,726.72,1155,874335.0,STOP_FIRST_ASSUMPTION,-4.0,-4.343,-37972.37,837939.78
E_market_own_index,067080,PULLBACK_PROXY,2025-11-05,2025-11-06,2025-11-07,16880.0,16204.8,49,827120.0,STOP_FIRST_ASSUMPTION,-4.0,-4.343,-35921.82,802017.96
E_market_own_index,147760,PULLBACK_PROXY,2025-11-10,2025-11-11,2025-11-11,2469.0,2666.52,324,799956.0,TARGET,8.0,7.636,61084.64,863102.6
E_market_own_index,067080,PULLBACK_PROXY,2025-11-12,2025-11-13,2025-11-19,16700.0,16032.0,51,851700.0,STOP_FIRST_ASSUMPTION,-4.0,-4.343,-36989.33,826113.27
E_market_own_index,067080,PULLBACK_PROXY,2025-11-20,2025-11-21,2025-11-27,16190.0,17500.0,50,809500.0,GAP_TARGET,8.0914,7.7273,62552.12,888665.39
E_market_own_index,045300,PULLBACK_PROXY,2025-11-27,2025-11-28,2025-12-08,3176.0,3186.0,279,886104.0,TIME_EXIT,0.3149,-0.0357,-316.25,888349.15
E_market_own_index,143540,PULLBACK_PROXY,2025-12-08,2025-12-09,2025-12-17,755.0,756.0,1174,886370.0,TIME_EXIT,0.1325,-0.2178,-1930.35,886418.8
E_market_own_index,143540,PULLBACK_PROXY,2025-12-17,2025-12-18,2025-12-23,753.0,813.24,1175,884775.0,TARGET,8.0,7.636,67561.42,953980.22
E_market_own_index,187870,PULLBACK_PROXY,2025-12-23,2025-12-24,2025-12-29,7423.0,7126.08,128,950144.0,STOP_FIRST_ASSUMPTION,-4.0,-4.343,-41264.75,912715.46
E_market_own_index,067080,REVERSAL_PROXY,2025-12-29,2025-12-30,2026-01-07,17440.0,16742.4,52,906880.0,STOP_FIRST_ASSUMPTION,-4.0,-4.343,-39385.8,873329.67
E_market_own_index,083500,PULLBACK_PROXY,2026-01-07,2026-01-08,2026-01-09,14950.0,14352.0,58,867100.0,STOP_FIRST_ASSUMPTION,-4.0,-4.343,-37658.15,835671.51
E_market_own_index,147760,REVERSAL_PROXY,2026-01-12,2026-01-13,2026-01-13,2363.0,2552.04,353,834139.0,TARGET,8.0,7.636,63694.85,899366.37
E_market_own_index,187870,PULLBACK_PROXY,2026-01-15,2026-01-16,2026-01-26,7402.0,7617.0,121,895642.0,TIME_EXIT,2.9046,2.5495,22834.73,922201.09
E_market_own_index,187870,PULLBACK_PROXY,2026-01-26,2026-01-27,2026-02-02,7586.0,8192.88,121,917906.0,TARGET,8.0,7.636,70091.3,992292.4
E_market_own_index,046210,REVERSAL_PROXY,2026-02-03,2026-02-04,2026-02-05,1698.0,1630.08,583,989934.0,STOP_FIRST_ASSUMPTION,-4.0,-4.343,-42992.83,949299.56
E_market_own_index,084990,REVERSAL_PROXY,2026-02-09,2026-02-10,2026-02-10,6710.0,6441.6,141,946110.0,STOP_FIRST_ASSUMPTION,-4.0,-4.343,-41089.56,908210.0
E_market_own_index,083500,PULLBACK_PROXY,2026-02-13,2026-02-19,2026-02-23,16090.0,17377.2,56,901040.0,TARGET,8.0,7.636,68803.41,977013.42
E_market_own_index,083500,PULLBACK_PROXY,2026-02-25,2026-02-26,2026-03-03,16900.0,16000.0,57,963300.0,GAP_STOP,-5.3254,-5.6661,-54581.78,922431.64
E_market_own_index,217190,REVERSAL_PROXY,2026-03-05,2026-03-06,2026-03-06,5820.0,6285.6,158,919560.0,TARGET,8.0,7.636,70217.6,992649.25
E_market_own_index,046210,PULLBACK_PROXY,2026-03-09,2026-03-10,2026-03-12,1950.0,2106.0,508,990600.0,TARGET,8.0,7.636,75642.22,1068291.46
E_market_own_index,243840,PULLBACK_PROXY,2026-03-12,2026-03-13,2026-03-17,5900.0,6372.0,180,1062000.0,TARGET,8.0,7.636,81094.32,1149385.78
E_market_own_index,083500,PULLBACK_PROXY,2026-03-17,2026-03-18,2026-03-18,15780.0,17042.4,72,1136160.0,TARGET,8.0,7.636,86757.18,1236142.96
E_market_own_index,143540,PULLBACK_PROXY,2026-03-18,2026-03-19,2026-03-24,1187.0,1281.96,1039,1233293.0,TARGET,8.0,7.636,94174.25,1330317.21
E_market_own_index,147760,PULLBACK_PROXY,2026-03-24,2026-03-25,2026-03-25,3331.0,3197.76,398,1325738.0,STOP_FIRST_ASSUMPTION,-4.0,-4.343,-57576.8,1272740.41
E_market_own_index,217190,PULLBACK_PROXY,2026-03-25,2026-03-26,2026-03-26,6190.0,5942.4,205,1268950.0,STOP_FIRST_ASSUMPTION,-4.0,-4.343,-55110.5,1217629.91
E_market_own_index,083500,PULLBACK_PROXY,2026-03-30,2026-03-31,2026-04-01,15500.0,16740.0,78,1209000.0,TARGET,8.0,7.636,92319.24,1309949.15
E_market_own_index,005160,PULLBACK_PROXY,2026-04-13,2026-04-14,2026-04-22,3300.0,3395.0,396,1306800.0,TIME_EXIT,2.8788,2.5238,32980.36,1342929.52
E_market_own_index,001780,PULLBACK_PROXY,2026-04-22,2026-04-23,2026-04-23,2620.0,2515.2,511,1338820.0,STOP_FIRST_ASSUMPTION,-4.0,-4.343,-58144.95,1284784.57
E_market_own_index,084990,PULLBACK_PROXY,2026-04-27,2026-04-28,2026-04-28,8870.0,8515.2,144,1277280.0,STOP_FIRST_ASSUMPTION,-4.0,-4.343,-55472.27,1229312.29
E_market_own_index,084990,PULLBACK_PROXY,2026-04-28,2026-04-29,2026-05-06,8790.0,8438.4,139,1221810.0,STOP_FIRST_ASSUMPTION,-4.0,-4.343,-53063.21,1176249.09
E_market_own_index,115450,PULLBACK_PROXY,2026-05-06,2026-05-07,2026-05-08,3480.0,3340.8,337,1172760.0,STOP_FIRST_ASSUMPTION,-4.0,-4.343,-50932.97,1125316.12
E_market_own_index,005160,PULLBACK_PROXY,2026-05-08,2026-05-11,2026-05-11,3550.0,3408.0,316,1121800.0,STOP_FIRST_ASSUMPTION,-4.0,-4.343,-48719.77,1076596.35
E_market_own_index,001780,PULLBACK_PROXY,2026-05-11,2026-05-12,2026-05-12,2865.0,2750.4,375,1074375.0,STOP_FIRST_ASSUMPTION,-4.0,-4.343,-46660.11,1029936.24
E_market_own_index,001780,PULLBACK_PROXY,2026-05-14,2026-05-15,2026-05-15,2905.0,2788.8,353,1025465.0,STOP_FIRST_ASSUMPTION,-4.0,-4.343,-44535.94,985400.29
F_market_both_indices,143540,PULLBACK_PROXY,2025-10-10,2025-10-13,2025-10-17,756.0,725.76,1320,997920.0,STOP_FIRST_ASSUMPTION,-4.0,-4.343,-43339.67,956660.33
F_market_both_indices,187870,PULLBACK_PROXY,2025-10-17,2025-10-20,2025-10-27,6385.0,6129.6,149,951365.0,STOP_FIRST_ASSUMPTION,-4.0,-4.343,-41317.78,915342.55
F_market_both_indices,187870,PULLBACK_PROXY,2025-10-27,2025-10-28,2025-10-30,6349.0,6095.04,143,907907.0,STOP_FIRST_ASSUMPTION,-4.0,-4.343,-39430.4,875912.15
F_market_both_indices,143540,PULLBACK_PROXY,2025-10-30,2025-10-31,2025-11-04,757.0,726.72,1155,874335.0,STOP_FIRST_ASSUMPTION,-4.0,-4.343,-37972.37,837939.78
F_market_both_indices,067080,PULLBACK_PROXY,2025-11-05,2025-11-06,2025-11-07,16880.0,16204.8,49,827120.0,STOP_FIRST_ASSUMPTION,-4.0,-4.343,-35921.82,802017.96
F_market_both_indices,147760,PULLBACK_PROXY,2025-11-10,2025-11-11,2025-11-11,2469.0,2666.52,324,799956.0,TARGET,8.0,7.636,61084.64,863102.6
F_market_both_indices,067080,PULLBACK_PROXY,2025-11-12,2025-11-13,2025-11-19,16700.0,16032.0,51,851700.0,STOP_FIRST_ASSUMPTION,-4.0,-4.343,-36989.33,826113.27
F_market_both_indices,067080,PULLBACK_PROXY,2025-11-20,2025-11-21,2025-11-27,16190.0,17500.0,50,809500.0,GAP_TARGET,8.0914,7.7273,62552.12,888665.39
F_market_both_indices,045300,PULLBACK_PROXY,2025-11-27,2025-11-28,2025-12-08,3176.0,3186.0,279,886104.0,TIME_EXIT,0.3149,-0.0357,-316.25,888349.15
F_market_both_indices,143540,PULLBACK_PROXY,2025-12-08,2025-12-09,2025-12-17,755.0,756.0,1174,886370.0,TIME_EXIT,0.1325,-0.2178,-1930.35,886418.8
F_market_both_indices,143540,PULLBACK_PROXY,2025-12-17,2025-12-18,2025-12-23,753.0,813.24,1175,884775.0,TARGET,8.0,7.636,67561.42,953980.22
F_market_both_indices,187870,PULLBACK_PROXY,2025-12-23,2025-12-24,2025-12-29,7423.0,7126.08,128,950144.0,STOP_FIRST_ASSUMPTION,-4.0,-4.343,-41264.75,912715.46
F_market_both_indices,067080,REVERSAL_PROXY,2025-12-29,2025-12-30,2026-01-07,17440.0,16742.4,52,906880.0,STOP_FIRST_ASSUMPTION,-4.0,-4.343,-39385.8,873329.67
F_market_both_indices,083500,PULLBACK_PROXY,2026-01-07,2026-01-08,2026-01-09,14950.0,14352.0,58,867100.0,STOP_FIRST_ASSUMPTION,-4.0,-4.343,-37658.15,835671.51
F_market_both_indices,147760,REVERSAL_PROXY,2026-01-12,2026-01-13,2026-01-13,2363.0,2552.04,353,834139.0,TARGET,8.0,7.636,63694.85,899366.37
F_market_both_indices,187870,PULLBACK_PROXY,2026-01-15,2026-01-16,2026-01-26,7402.0,7617.0,121,895642.0,TIME_EXIT,2.9046,2.5495,22834.73,922201.09
F_market_both_indices,187870,PULLBACK_PROXY,2026-01-26,2026-01-27,2026-02-02,7586.0,8192.88,121,917906.0,TARGET,8.0,7.636,70091.3,992292.4
F_market_both_indices,046210,REVERSAL_PROXY,2026-02-03,2026-02-04,2026-02-05,1698.0,1630.08,583,989934.0,STOP_FIRST_ASSUMPTION,-4.0,-4.343,-42992.83,949299.56
F_market_both_indices,084990,REVERSAL_PROXY,2026-02-09,2026-02-10,2026-02-10,6710.0,6441.6,141,946110.0,STOP_FIRST_ASSUMPTION,-4.0,-4.343,-41089.56,908210.0
F_market_both_indices,083500,PULLBACK_PROXY,2026-02-13,2026-02-19,2026-02-23,16090.0,17377.2,56,901040.0,TARGET,8.0,7.636,68803.41,977013.42
F_market_both_indices,083500,PULLBACK_PROXY,2026-02-25,2026-02-26,2026-03-03,16900.0,16000.0,57,963300.0,GAP_STOP,-5.3254,-5.6661,-54581.78,922431.64
F_market_both_indices,217190,REVERSAL_PROXY,2026-03-05,2026-03-06,2026-03-06,5820.0,6285.6,158,919560.0,TARGET,8.0,7.636,70217.6,992649.25
F_market_both_indices,046210,PULLBACK_PROXY,2026-03-09,2026-03-10,2026-03-12,1950.0,2106.0,508,990600.0,TARGET,8.0,7.636,75642.22,1068291.46
F_market_both_indices,243840,PULLBACK_PROXY,2026-03-12,2026-03-13,2026-03-17,5900.0,6372.0,180,1062000.0,TARGET,8.0,7.636,81094.32,1149385.78
F_market_both_indices,083500,PULLBACK_PROXY,2026-03-17,2026-03-18,2026-03-18,15780.0,17042.4,72,1136160.0,TARGET,8.0,7.636,86757.18,1236142.96
F_market_both_indices,143540,PULLBACK_PROXY,2026-03-18,2026-03-19,2026-03-24,1187.0,1281.96,1039,1233293.0,TARGET,8.0,7.636,94174.25,1330317.21
F_market_both_indices,147760,PULLBACK_PROXY,2026-03-24,2026-03-25,2026-03-25,3331.0,3197.76,398,1325738.0,STOP_FIRST_ASSUMPTION,-4.0,-4.343,-57576.8,1272740.41
F_market_both_indices,217190,PULLBACK_PROXY,2026-03-25,2026-03-26,2026-03-26,6190.0,5942.4,205,1268950.0,STOP_FIRST_ASSUMPTION,-4.0,-4.343,-55110.5,1217629.91
F_market_both_indices,083500,PULLBACK_PROXY,2026-03-30,2026-03-31,2026-04-01,15500.0,16740.0,78,1209000.0,TARGET,8.0,7.636,92319.24,1309949.15
F_market_both_indices,005160,PULLBACK_PROXY,2026-04-13,2026-04-14,2026-04-22,3300.0,3395.0,396,1306800.0,TIME_EXIT,2.8788,2.5238,32980.36,1342929.52
F_market_both_indices,001780,PULLBACK_PROXY,2026-04-22,2026-04-23,2026-04-23,2620.0,2515.2,511,1338820.0,STOP_FIRST_ASSUMPTION,-4.0,-4.343,-58144.95,1284784.57
F_market_both_indices,084990,PULLBACK_PROXY,2026-04-27,2026-04-28,2026-04-28,8870.0,8515.2,144,1277280.0,STOP_FIRST_ASSUMPTION,-4.0,-4.343,-55472.27,1229312.29
F_market_both_indices,084990,PULLBACK_PROXY,2026-04-28,2026-04-29,2026-05-06,8790.0,8438.4,139,1221810.0,STOP_FIRST_ASSUMPTION,-4.0,-4.343,-53063.21,1176249.09
F_market_both_indices,115450,PULLBACK_PROXY,2026-05-06,2026-05-07,2026-05-08,3480.0,3340.8,337,1172760.0,STOP_FIRST_ASSUMPTION,-4.0,-4.343,-50932.97,1125316.12
F_market_both_indices,005160,PULLBACK_PROXY,2026-05-08,2026-05-11,2026-05-11,3550.0,3408.0,316,1121800.0,STOP_FIRST_ASSUMPTION,-4.0,-4.343,-48719.77,1076596.35
F_market_both_indices,001780,PULLBACK_PROXY,2026-05-11,2026-05-12,2026-05-12,2865.0,2750.4,375,1074375.0,STOP_FIRST_ASSUMPTION,-4.0,-4.343,-46660.11,1029936.24
F_market_both_indices,001780,PULLBACK_PROXY,2026-05-14,2026-05-15,2026-05-15,2905.0,2788.8,353,1025465.0,STOP_FIRST_ASSUMPTION,-4.0,-4.343,-44535.94,985400.29
G_market_own_risk1,143540,PULLBACK_PROXY,2025-10-10,2025-10-13,2025-10-17,756.0,725.76,304,229824.0,STOP_FIRST_ASSUMPTION,-4.0,-4.343,-9981.26,990018.74
G_market_own_risk1,187870,PULLBACK_PROXY,2025-10-17,2025-10-20,2025-10-27,6385.0,6129.6,35,223475.0,STOP_FIRST_ASSUMPTION,-4.0,-4.343,-9705.52,980313.22
G_market_own_risk1,187870,PULLBACK_PROXY,2025-10-27,2025-10-28,2025-10-30,6349.0,6095.04,35,222215.0,STOP_FIRST_ASSUMPTION,-4.0,-4.343,-9650.8,970662.43
G_market_own_risk1,143540,PULLBACK_PROXY,2025-10-30,2025-10-31,2025-11-04,757.0,726.72,295,223315.0,STOP_FIRST_ASSUMPTION,-4.0,-4.343,-9698.57,960963.86
G_market_own_risk1,067080,PULLBACK_PROXY,2025-11-05,2025-11-06,2025-11-07,16880.0,16204.8,13,219440.0,STOP_FIRST_ASSUMPTION,-4.0,-4.343,-9530.28,951433.58
G_market_own_risk1,147760,PULLBACK_PROXY,2025-11-10,2025-11-11,2025-11-11,2469.0,2666.52,88,217272.0,TARGET,8.0,7.636,16590.89,968024.47
G_market_own_risk1,067080,PULLBACK_PROXY,2025-11-12,2025-11-13,2025-11-19,16700.0,16032.0,13,217100.0,STOP_FIRST_ASSUMPTION,-4.0,-4.343,-9428.65,958595.81
G_market_own_risk1,067080,PULLBACK_PROXY,2025-11-20,2025-11-21,2025-11-27,16190.0,17500.0,13,210470.0,GAP_TARGET,8.0914,7.7273,16263.55,974859.37
G_market_own_risk1,045300,PULLBACK_PROXY,2025-11-27,2025-11-28,2025-12-08,3176.0,3186.0,70,222320.0,TIME_EXIT,0.3149,-0.0357,-79.34,974780.02
G_market_own_risk1,143540,PULLBACK_PROXY,2025-12-08,2025-12-09,2025-12-17,755.0,756.0,297,224235.0,TIME_EXIT,0.1325,-0.2178,-488.34,974291.68
G_market_own_risk1,143540,PULLBACK_PROXY,2025-12-17,2025-12-18,2025-12-23,753.0,813.24,297,223641.0,TARGET,8.0,7.636,17077.23,991368.91
G_market_own_risk1,187870,PULLBACK_PROXY,2025-12-23,2025-12-24,2025-12-29,7423.0,7126.08,30,222690.0,STOP_FIRST_ASSUMPTION,-4.0,-4.343,-9671.43,981697.48
G_market_own_risk1,067080,REVERSAL_PROXY,2025-12-29,2025-12-30,2026-01-07,17440.0,16742.4,12,209280.0,STOP_FIRST_ASSUMPTION,-4.0,-4.343,-9089.03,972608.45
G_market_own_risk1,083500,PULLBACK_PROXY,2026-01-07,2026-01-08,2026-01-09,14950.0,14352.0,14,209300.0,STOP_FIRST_ASSUMPTION,-4.0,-4.343,-9089.9,963518.55
G_market_own_risk1,147760,REVERSAL_PROXY,2026-01-12,2026-01-13,2026-01-13,2363.0,2552.04,93,219759.0,TARGET,8.0,7.636,16780.8,980299.35
G_market_own_risk1,187870,PULLBACK_PROXY,2026-01-15,2026-01-16,2026-01-26,7402.0,7617.0,30,222060.0,TIME_EXIT,2.9046,2.5495,5661.5,985960.85
G_market_own_risk1,187870,PULLBACK_PROXY,2026-01-26,2026-01-27,2026-02-02,7586.0,8192.88,29,219994.0,TARGET,8.0,7.636,16798.74,1002759.59
G_market_own_risk1,046210,REVERSAL_PROXY,2026-02-03,2026-02-04,2026-02-05,1698.0,1630.08,135,229230.0,STOP_FIRST_ASSUMPTION,-4.0,-4.343,-9955.46,992804.13
G_market_own_risk1,084990,REVERSAL_PROXY,2026-02-09,2026-02-10,2026-02-10,6710.0,6441.6,34,228140.0,STOP_FIRST_ASSUMPTION,-4.0,-4.343,-9908.12,982896.01
G_market_own_risk1,083500,PULLBACK_PROXY,2026-02-13,2026-02-19,2026-02-23,16090.0,17377.2,14,225260.0,TARGET,8.0,7.636,17200.85,1000096.87
G_market_own_risk1,083500,PULLBACK_PROXY,2026-02-25,2026-02-26,2026-03-03,16900.0,16000.0,13,219700.0,GAP_STOP,-5.3254,-5.6661,-12448.48,987648.39
G_market_own_risk1,217190,REVERSAL_PROXY,2026-03-05,2026-03-06,2026-03-06,5820.0,6285.6,39,226980.0,TARGET,8.0,7.636,17332.19,1004980.58
G_market_own_risk1,046210,PULLBACK_PROXY,2026-03-09,2026-03-10,2026-03-12,1950.0,2106.0,118,230100.0,TARGET,8.0,7.636,17570.44,1022551.02
G_market_own_risk1,243840,PULLBACK_PROXY,2026-03-12,2026-03-13,2026-03-17,5900.0,6372.0,39,230100.0,TARGET,8.0,7.636,17570.44,1040121.46
G_market_own_risk1,083500,PULLBACK_PROXY,2026-03-17,2026-03-18,2026-03-18,15780.0,17042.4,15,236700.0,TARGET,8.0,7.636,18074.41,1058195.87
G_market_own_risk1,143540,PULLBACK_PROXY,2026-03-18,2026-03-19,2026-03-24,1187.0,1281.96,205,243335.0,TARGET,8.0,7.636,18581.06,1076776.93
G_market_own_risk1,147760,PULLBACK_PROXY,2026-03-24,2026-03-25,2026-03-25,3331.0,3197.76,74,246494.0,STOP_FIRST_ASSUMPTION,-4.0,-4.343,-10705.23,1066071.69
G_market_own_risk1,217190,PULLBACK_PROXY,2026-03-25,2026-03-26,2026-03-26,6190.0,5942.4,39,241410.0,STOP_FIRST_ASSUMPTION,-4.0,-4.343,-10484.44,1055587.26
G_market_own_risk1,083500,PULLBACK_PROXY,2026-03-30,2026-03-31,2026-04-01,15500.0,16740.0,15,232500.0,TARGET,8.0,7.636,17753.7,1073340.96
G_market_own_risk1,005160,PULLBACK_PROXY,2026-04-13,2026-04-14,2026-04-22,3300.0,3395.0,74,244200.0,TIME_EXIT,2.8788,2.5238,6163.0,1079503.96
G_market_own_risk1,001780,PULLBACK_PROXY,2026-04-22,2026-04-23,2026-04-23,2620.0,2515.2,94,246280.0,STOP_FIRST_ASSUMPTION,-4.0,-4.343,-10695.94,1068808.02
G_market_own_risk1,084990,PULLBACK_PROXY,2026-04-27,2026-04-28,2026-04-28,8870.0,8515.2,27,239490.0,STOP_FIRST_ASSUMPTION,-4.0,-4.343,-10401.05,1058406.96
G_market_own_risk1,084990,PULLBACK_PROXY,2026-04-28,2026-04-29,2026-05-06,8790.0,8438.4,27,237330.0,STOP_FIRST_ASSUMPTION,-4.0,-4.343,-10307.24,1048099.72
G_market_own_risk1,115450,PULLBACK_PROXY,2026-05-06,2026-05-07,2026-05-08,3480.0,3340.8,69,240120.0,STOP_FIRST_ASSUMPTION,-4.0,-4.343,-10428.41,1037671.31
G_market_own_risk1,005160,PULLBACK_PROXY,2026-05-08,2026-05-11,2026-05-11,3550.0,3408.0,67,237850.0,STOP_FIRST_ASSUMPTION,-4.0,-4.343,-10329.83,1027341.49
G_market_own_risk1,001780,PULLBACK_PROXY,2026-05-11,2026-05-12,2026-05-12,2865.0,2750.4,82,234930.0,STOP_FIRST_ASSUMPTION,-4.0,-4.343,-10203.01,1017138.48
G_market_own_risk1,001780,PULLBACK_PROXY,2026-05-14,2026-05-15,2026-05-15,2905.0,2788.8,80,232400.0,STOP_FIRST_ASSUMPTION,-4.0,-4.343,-10093.13,1007045.34
