ticker,latest_date,close_reference,setup,c3_preliminary_score,k100_preliminary_score,extension_vs_ma20_pct,rvol20,instrument_type,eligibility,warnings,trade_approval,buy_price,stop_price,data_source
003120,2026-10-08,22300.0,PULLBACK_PROXY,84,83,2.13,2.89,UNKNOWN,REVIEW,INSTRUMENT_TYPE_UNKNOWN;FIRST_PULLBACK_NOT_CONFIRMED;PRICE_NOT_CROSS_VERIFIED;LIQUIDITY_FLOW_NOT_VERIFIED;EARNINGS_CATALYST_NOT_VERIFIED,NO,,,pykrx
472230,2026-10-08,2105.0,PULLBACK_PROXY,82,82,0.11,3.214,UNKNOWN,REVIEW,INSTRUMENT_TYPE_UNKNOWN;FIRST_PULLBACK_NOT_CONFIRMED;PRICE_NOT_CROSS_VERIFIED;LIQUIDITY_FLOW_NOT_VERIFIED;EARNINGS_CATALYST_NOT_VERIFIED,NO,,,pykrx
473050,2026-10-08,2105.0,PULLBACK_PROXY,82,82,0.08,2.993,UNKNOWN,REVIEW,INSTRUMENT_TYPE_UNKNOWN;FIRST_PULLBACK_NOT_CONFIRMED;PRICE_NOT_CROSS_VERIFIED;LIQUIDITY_FLOW_NOT_VERIFIED;EARNINGS_CATALYST_NOT_VERIFIED,NO,,,pykrx
474660,2026-10-08,2095.0,PULLBACK_PROXY,82,82,0.25,3.573,UNKNOWN,REVIEW,INSTRUMENT_TYPE_UNKNOWN;FIRST_PULLBACK_NOT_CONFIRMED;PRICE_NOT_CROSS_VERIFIED;LIQUIDITY_FLOW_NOT_VERIFIED;EARNINGS_CATALYST_NOT_VERIFIED,NO,,,pykrx
192400,2026-10-08,27350.0,PULLBACK_PROXY,78,82,0.5,2.418,UNKNOWN,REVIEW,INSTRUMENT_TYPE_UNKNOWN;FIRST_PULLBACK_NOT_CONFIRMED;PRICE_NOT_CROSS_VERIFIED;LIQUIDITY_FLOW_NOT_VERIFIED;EARNINGS_CATALYST_NOT_VERIFIED,NO,,,pykrx
002840,2026-10-08,139600.0,PULLBACK_PROXY,75,81,3.37,1.825,UNKNOWN,REVIEW,INSTRUMENT_TYPE_UNKNOWN;FIRST_PULLBACK_NOT_CONFIRMED;PRICE_NOT_CROSS_VERIFIED;LIQUIDITY_FLOW_NOT_VERIFIED;EARNINGS_CATALYST_NOT_VERIFIED,NO,,,pykrx
009240,2026-10-08,40500.0,PULLBACK_PROXY,74,79,2.75,1.516,UNKNOWN,REVIEW,INSTRUMENT_TYPE_UNKNOWN;FIRST_PULLBACK_NOT_CONFIRMED;PRICE_NOT_CROSS_VERIFIED;LIQUIDITY_FLOW_NOT_VERIFIED;EARNINGS_CATALYST_NOT_VERIFIED,NO,,,pykrx
049430,2026-10-08,22900.0,PULLBACK_PROXY,74,79,1.26,1.773,UNKNOWN,REVIEW,INSTRUMENT_TYPE_UNKNOWN;FIRST_PULLBACK_NOT_CONFIRMED;PRICE_NOT_CROSS_VERIFIED;LIQUIDITY_FLOW_NOT_VERIFIED;EARNINGS_CATALYST_NOT_VERIFIED,NO,,,pykrx
066620,2026-10-08,25200.0,PULLBACK_PROXY,74,79,0.19,1.912,UNKNOWN,REVIEW,INSTRUMENT_TYPE_UNKNOWN;FIRST_PULLBACK_NOT_CONFIRMED;PRICE_NOT_CROSS_VERIFIED;LIQUIDITY_FLOW_NOT_VERIFIED;EARNINGS_CATALYST_NOT_VERIFIED,NO,,,pykrx
096870,2026-10-08,2435.0,PULLBACK_PROXY,73,79,3.15,1.454,UNKNOWN,REVIEW,INSTRUMENT_TYPE_UNKNOWN;FIRST_PULLBACK_NOT_CONFIRMED;PRICE_NOT_CROSS_VERIFIED;LIQUIDITY_FLOW_NOT_VERIFIED;EARNINGS_CATALYST_NOT_VERIFIED,NO,,,pykrx
000700,2026-10-08,6640.0,PULLBACK_PROXY,72,77,0.81,1.491,UNKNOWN,REVIEW,INSTRUMENT_TYPE_UNKNOWN;FIRST_PULLBACK_NOT_CONFIRMED;PRICE_NOT_CROSS_VERIFIED;LIQUIDITY_FLOW_NOT_VERIFIED;EARNINGS_CATALYST_NOT_VERIFIED,NO,,,pykrx
020560,2026-10-08,8200.0,PULLBACK_PROXY,72,77,1.43,1.337,UNKNOWN,REVIEW,INSTRUMENT_TYPE_UNKNOWN;FIRST_PULLBACK_NOT_CONFIRMED;PRICE_NOT_CROSS_VERIFIED;LIQUIDITY_FLOW_NOT_VERIFIED;EARNINGS_CATALYST_NOT_VERIFIED,NO,,,pykrx
054950,2026-10-08,24200.0,PULLBACK_PROXY,71,77,2.68,1.061,UNKNOWN,REVIEW,INSTRUMENT_TYPE_UNKNOWN;FIRST_PULLBACK_NOT_CONFIRMED;PRICE_NOT_CROSS_VERIFIED;LIQUIDITY_FLOW_NOT_VERIFIED;EARNINGS_CATALYST_NOT_VERIFIED,NO,,,pykrx
004080,2026-10-08,14620.0,PULLBACK_PROXY,70,76,1.84,1.11,UNKNOWN,REVIEW,INSTRUMENT_TYPE_UNKNOWN;FIRST_PULLBACK_NOT_CONFIRMED;PRICE_NOT_CROSS_VERIFIED;LIQUIDITY_FLOW_NOT_VERIFIED;EARNINGS_CATALYST_NOT_VERIFIED,NO,,,pykrx
066670,2026-10-08,3310.0,PULLBACK_PROXY,70,76,1.81,1.092,UNKNOWN,REVIEW,INSTRUMENT_TYPE_UNKNOWN;FIRST_PULLBACK_NOT_CONFIRMED;PRICE_NOT_CROSS_VERIFIED;LIQUIDITY_FLOW_NOT_VERIFIED;EARNINGS_CATALYST_NOT_VERIFIED,NO,,,pykrx
143240,2026-10-08,17760.0,PULLBACK_PROXY,70,76,2.58,0.988,UNKNOWN,REVIEW,INSTRUMENT_TYPE_UNKNOWN;FIRST_PULLBACK_NOT_CONFIRMED;PRICE_NOT_CROSS_VERIFIED;LIQUIDITY_FLOW_NOT_VERIFIED;EARNINGS_CATALYST_NOT_VERIFIED,NO,,,pykrx
489460,2026-10-08,11740.0,PULLBACK_PROXY,70,75,2.31,0.998,UNKNOWN,REVIEW,INSTRUMENT_TYPE_UNKNOWN;FIRST_PULLBACK_NOT_CONFIRMED;PRICE_NOT_CROSS_VERIFIED;LIQUIDITY_FLOW_NOT_VERIFIED;EARNINGS_CATALYST_NOT_VERIFIED,NO,,,pykrx
006125,2026-10-08,43800.0,PULLBACK_PROXY,69,74,2.78,0.597,UNKNOWN,REVIEW,INSTRUMENT_TYPE_UNKNOWN;FIRST_PULLBACK_NOT_CONFIRMED;PRICE_NOT_CROSS_VERIFIED;LIQUIDITY_FLOW_NOT_VERIFIED;EARNINGS_CATALYST_NOT_VERIFIED,NO,,,pykrx
071320,2026-10-08,77100.0,PULLBACK_PROXY,69,75,0.23,1.183,UNKNOWN,REVIEW,INSTRUMENT_TYPE_UNKNOWN;FIRST_PULLBACK_NOT_CONFIRMED;PRICE_NOT_CROSS_VERIFIED;LIQUIDITY_FLOW_NOT_VERIFIED;EARNINGS_CATALYST_NOT_VERIFIED,NO,,,pykrx
192390,2026-10-08,1894.0,PULLBACK_PROXY,69,75,2.28,0.822,UNKNOWN,REVIEW,INSTRUMENT_TYPE_UNKNOWN;FIRST_PULLBACK_NOT_CONFIRMED;PRICE_NOT_CROSS_VERIFIED;LIQUIDITY_FLOW_NOT_VERIFIED;EARNINGS_CATALYST_NOT_VERIFIED,NO,,,pykrx
331380,2026-10-08,2160.0,PULLBACK_PROXY,69,76,3.09,0.978,UNKNOWN,REVIEW,INSTRUMENT_TYPE_UNKNOWN;FIRST_PULLBACK_NOT_CONFIRMED;PRICE_NOT_CROSS_VERIFIED;LIQUIDITY_FLOW_NOT_VERIFIED;EARNINGS_CATALYST_NOT_VERIFIED,NO,,,pykrx
415380,2026-10-08,2195.0,PULLBACK_PROXY,69,75,2.2,0.835,UNKNOWN,REVIEW,INSTRUMENT_TYPE_UNKNOWN;FIRST_PULLBACK_NOT_CONFIRMED;PRICE_NOT_CROSS_VERIFIED;LIQUIDITY_FLOW_NOT_VERIFIED;EARNINGS_CATALYST_NOT_VERIFIED,NO,,,pykrx
003490,2026-10-08,30500.0,PULLBACK_PROXY,68,75,0.51,1.11,UNKNOWN,REVIEW,INSTRUMENT_TYPE_UNKNOWN;FIRST_PULLBACK_NOT_CONFIRMED;PRICE_NOT_CROSS_VERIFIED;LIQUIDITY_FLOW_NOT_VERIFIED;EARNINGS_CATALYST_NOT_VERIFIED,NO,,,pykrx
012750,2026-10-08,83900.0,PULLBACK_PROXY,68,75,1.01,0.872,UNKNOWN,REVIEW,INSTRUMENT_TYPE_UNKNOWN;FIRST_PULLBACK_NOT_CONFIRMED;PRICE_NOT_CROSS_VERIFIED;LIQUIDITY_FLOW_NOT_VERIFIED;EARNINGS_CATALYST_NOT_VERIFIED,NO,,,pykrx
026960,2026-10-08,26300.0,PULLBACK_PROXY,68,74,1.87,0.657,UNKNOWN,REVIEW,INSTRUMENT_TYPE_UNKNOWN;FIRST_PULLBACK_NOT_CONFIRMED;PRICE_NOT_CROSS_VERIFIED;LIQUIDITY_FLOW_NOT_VERIFIED;EARNINGS_CATALYST_NOT_VERIFIED,NO,,,pykrx
028670,2026-10-08,6090.0,PULLBACK_PROXY,68,75,3.16,0.65,UNKNOWN,REVIEW,INSTRUMENT_TYPE_UNKNOWN;FIRST_PULLBACK_NOT_CONFIRMED;PRICE_NOT_CROSS_VERIFIED;LIQUIDITY_FLOW_NOT_VERIFIED;EARNINGS_CATALYST_NOT_VERIFIED,NO,,,pykrx
089860,2026-10-08,51200.0,PULLBACK_PROXY,68,75,3.13,0.677,UNKNOWN,REVIEW,INSTRUMENT_TYPE_UNKNOWN;FIRST_PULLBACK_NOT_CONFIRMED;PRICE_NOT_CROSS_VERIFIED;LIQUIDITY_FLOW_NOT_VERIFIED;EARNINGS_CATALYST_NOT_VERIFIED,NO,,,pykrx
092730,2026-10-08,23200.0,PULLBACK_PROXY,68,74,1.7,0.62,UNKNOWN,REVIEW,INSTRUMENT_TYPE_UNKNOWN;FIRST_PULLBACK_NOT_CONFIRMED;PRICE_NOT_CROSS_VERIFIED;LIQUIDITY_FLOW_NOT_VERIFIED;EARNINGS_CATALYST_NOT_VERIFIED,NO,,,pykrx
101160,2026-10-08,32050.0,PULLBACK_PROXY,68,75,3.03,0.693,UNKNOWN,REVIEW,INSTRUMENT_TYPE_UNKNOWN;FIRST_PULLBACK_NOT_CONFIRMED;PRICE_NOT_CROSS_VERIFIED;LIQUIDITY_FLOW_NOT_VERIFIED;EARNINGS_CATALYST_NOT_VERIFIED,NO,,,pykrx
130580,2026-10-08,6810.0,PULLBACK_PROXY,68,74,1.94,0.791,UNKNOWN,REVIEW,INSTRUMENT_TYPE_UNKNOWN;FIRST_PULLBACK_NOT_CONFIRMED;PRICE_NOT_CROSS_VERIFIED;LIQUIDITY_FLOW_NOT_VERIFIED;EARNINGS_CATALYST_NOT_VERIFIED,NO,,,pykrx
131090,2026-10-08,4340.0,PULLBACK_PROXY,68,75,1.14,0.954,UNKNOWN,REVIEW,INSTRUMENT_TYPE_UNKNOWN;FIRST_PULLBACK_NOT_CONFIRMED;PRICE_NOT_CROSS_VERIFIED;LIQUIDITY_FLOW_NOT_VERIFIED;EARNINGS_CATALYST_NOT_VERIFIED,NO,,,pykrx
002960,2026-10-08,545000.0,BREAKOUT,67,78,6.18,1.624,UNKNOWN,REVIEW,INSTRUMENT_TYPE_UNKNOWN;PRICE_NOT_CROSS_VERIFIED;LIQUIDITY_FLOW_NOT_VERIFIED;EARNINGS_CATALYST_NOT_VERIFIED,NO,,,pykrx
012170,2026-10-08,3000.0,PULLBACK_PROXY,67,73,0.94,0.77,UNKNOWN,REVIEW,INSTRUMENT_TYPE_UNKNOWN;FIRST_PULLBACK_NOT_CONFIRMED;PRICE_NOT_CROSS_VERIFIED;LIQUIDITY_FLOW_NOT_VERIFIED;EARNINGS_CATALYST_NOT_VERIFIED,NO,,,pykrx
453340,2026-10-08,19110.0,PULLBACK_PROXY,67,74,0.79,0.855,UNKNOWN,REVIEW,INSTRUMENT_TYPE_UNKNOWN;FIRST_PULLBACK_NOT_CONFIRMED;PRICE_NOT_CROSS_VERIFIED;LIQUIDITY_FLOW_NOT_VERIFIED;EARNINGS_CATALYST_NOT_VERIFIED,NO,,,pykrx
000640,2026-10-08,93400.0,PULLBACK_PROXY,66,73,0.24,0.783,UNKNOWN,REVIEW,INSTRUMENT_TYPE_UNKNOWN;FIRST_PULLBACK_NOT_CONFIRMED;PRICE_NOT_CROSS_VERIFIED;LIQUIDITY_FLOW_NOT_VERIFIED;EARNINGS_CATALYST_NOT_VERIFIED,NO,,,pykrx
126560,2026-10-08,3380.0,PULLBACK_PROXY,66,73,0.36,0.682,UNKNOWN,REVIEW,INSTRUMENT_TYPE_UNKNOWN;FIRST_PULLBACK_NOT_CONFIRMED;PRICE_NOT_CROSS_VERIFIED;LIQUIDITY_FLOW_NOT_VERIFIED;EARNINGS_CATALYST_NOT_VERIFIED,NO,,,pykrx
197140,2026-10-08,2395.0,PULLBACK_PROXY,66,74,0.49,0.853,UNKNOWN,REVIEW,INSTRUMENT_TYPE_UNKNOWN;FIRST_PULLBACK_NOT_CONFIRMED;PRICE_NOT_CROSS_VERIFIED;LIQUIDITY_FLOW_NOT_VERIFIED;EARNINGS_CATALYST_NOT_VERIFIED,NO,,,pykrx
474490,2026-10-08,2090.0,PULLBACK_PROXY,66,72,0.35,0.506,UNKNOWN,REVIEW,INSTRUMENT_TYPE_UNKNOWN;FIRST_PULLBACK_NOT_CONFIRMED;PRICE_NOT_CROSS_VERIFIED;LIQUIDITY_FLOW_NOT_VERIFIED;EARNINGS_CATALYST_NOT_VERIFIED,NO,,,pykrx
478440,2026-10-08,2070.0,PULLBACK_PROXY,66,73,0.06,0.647,UNKNOWN,REVIEW,INSTRUMENT_TYPE_UNKNOWN;FIRST_PULLBACK_NOT_CONFIRMED;PRICE_NOT_CROSS_VERIFIED;LIQUIDITY_FLOW_NOT_VERIFIED;EARNINGS_CATALYST_NOT_VERIFIED,NO,,,pykrx
493790,2026-10-08,2022.0,PULLBACK_PROXY,66,72,0.08,0.596,UNKNOWN,REVIEW,INSTRUMENT_TYPE_UNKNOWN;FIRST_PULLBACK_NOT_CONFIRMED;PRICE_NOT_CROSS_VERIFIED;LIQUIDITY_FLOW_NOT_VERIFIED;EARNINGS_CATALYST_NOT_VERIFIED,NO,,,pykrx
085620,2026-10-08,20350.0,PULLBACK_PROXY,65,69,3.1,2.023,UNKNOWN,REVIEW,INSTRUMENT_TYPE_UNKNOWN;FIRST_PULLBACK_NOT_CONFIRMED;PRICE_NOT_CROSS_VERIFIED;LIQUIDITY_FLOW_NOT_VERIFIED;EARNINGS_CATALYST_NOT_VERIFIED,NO,,,pykrx
376980,2026-10-08,3145.0,PULLBACK_PROXY,62,65,0.68,1.702,UNKNOWN,REVIEW,INSTRUMENT_TYPE_UNKNOWN;FIRST_PULLBACK_NOT_CONFIRMED;PRICE_NOT_CROSS_VERIFIED;LIQUIDITY_FLOW_NOT_VERIFIED;EARNINGS_CATALYST_NOT_VERIFIED,NO,,,pykrx
000240,2026-10-08,26200.0,BREAKOUT,61,68,5.55,2.02,UNKNOWN,REVIEW,INSTRUMENT_TYPE_UNKNOWN;PRICE_NOT_CROSS_VERIFIED;LIQUIDITY_FLOW_NOT_VERIFIED;EARNINGS_CATALYST_NOT_VERIFIED,NO,,,pykrx
065060,2026-10-08,3410.0,PULLBACK_PROXY,59,69,2.83,0.239,UNKNOWN,REVIEW,INSTRUMENT_TYPE_UNKNOWN;LOW_RVOL;FIRST_PULLBACK_NOT_CONFIRMED;PRICE_NOT_CROSS_VERIFIED;LIQUIDITY_FLOW_NOT_VERIFIED;EARNINGS_CATALYST_NOT_VERIFIED,NO,,,pykrx
093520,2026-10-08,28450.0,PULLBACK_PROXY,59,68,2.14,0.449,UNKNOWN,REVIEW,INSTRUMENT_TYPE_UNKNOWN;LOW_RVOL;FIRST_PULLBACK_NOT_CONFIRMED;PRICE_NOT_CROSS_VERIFIED;LIQUIDITY_FLOW_NOT_VERIFIED;EARNINGS_CATALYST_NOT_VERIFIED,NO,,,pykrx
000500,2026-10-08,299500.0,PULLBACK_PROXY,58,69,3.35,0.405,UNKNOWN,REVIEW,INSTRUMENT_TYPE_UNKNOWN;LOW_RVOL;FIRST_PULLBACK_NOT_CONFIRMED;PRICE_NOT_CROSS_VERIFIED;LIQUIDITY_FLOW_NOT_VERIFIED;EARNINGS_CATALYST_NOT_VERIFIED,NO,,,pykrx
028100,2026-10-08,19440.0,PULLBACK_PROXY,58,68,1.77,0.24,UNKNOWN,REVIEW,INSTRUMENT_TYPE_UNKNOWN;LOW_RVOL;FIRST_PULLBACK_NOT_CONFIRMED;PRICE_NOT_CROSS_VERIFIED;LIQUIDITY_FLOW_NOT_VERIFIED;EARNINGS_CATALYST_NOT_VERIFIED,NO,,,pykrx
033290,2026-10-08,1561.0,REVERSAL_PROXY,58,61,2.12,3.878,UNKNOWN,REVIEW,INSTRUMENT_TYPE_UNKNOWN;PRICE_NOT_CROSS_VERIFIED;LIQUIDITY_FLOW_NOT_VERIFIED;EARNINGS_CATALYST_NOT_VERIFIED,NO,,,pykrx
036800,2026-10-08,8150.0,PULLBACK_PROXY,58,69,3.43,0.271,UNKNOWN,REVIEW,INSTRUMENT_TYPE_UNKNOWN;LOW_RVOL;FIRST_PULLBACK_NOT_CONFIRMED;PRICE_NOT_CROSS_VERIFIED;LIQUIDITY_FLOW_NOT_VERIFIED;EARNINGS_CATALYST_NOT_VERIFIED,NO,,,pykrx
066900,2026-10-08,1790.0,PULLBACK_PROXY,58,68,1.91,0.356,UNKNOWN,REVIEW,INSTRUMENT_TYPE_UNKNOWN;LOW_RVOL;FIRST_PULLBACK_NOT_CONFIRMED;PRICE_NOT_CROSS_VERIFIED;LIQUIDITY_FLOW_NOT_VERIFIED;EARNINGS_CATALYST_NOT_VERIFIED,NO,,,pykrx
005180,2026-10-08,87200.0,PULLBACK_PROXY,57,68,1.34,0.314,UNKNOWN,REVIEW,INSTRUMENT_TYPE_UNKNOWN;LOW_RVOL;FIRST_PULLBACK_NOT_CONFIRMED;PRICE_NOT_CROSS_VERIFIED;LIQUIDITY_FLOW_NOT_VERIFIED;EARNINGS_CATALYST_NOT_VERIFIED,NO,,,pykrx
044820,2026-10-08,24650.0,PULLBACK_PROXY,57,62,0.84,1.026,UNKNOWN,REVIEW,INSTRUMENT_TYPE_UNKNOWN;FIRST_PULLBACK_NOT_CONFIRMED;PRICE_NOT_CROSS_VERIFIED;LIQUIDITY_FLOW_NOT_VERIFIED;EARNINGS_CATALYST_NOT_VERIFIED,NO,,,pykrx
050120,2026-10-08,3315.0,PULLBACK_PROXY,57,68,1.24,0.191,UNKNOWN,REVIEW,INSTRUMENT_TYPE_UNKNOWN;LOW_RVOL;FIRST_PULLBACK_NOT_CONFIRMED;PRICE_NOT_CROSS_VERIFIED;LIQUIDITY_FLOW_NOT_VERIFIED;EARNINGS_CATALYST_NOT_VERIFIED,NO,,,pykrx
052300,2026-10-08,1568.0,PULLBACK_PROXY,57,68,1.33,0.12,UNKNOWN,REVIEW,INSTRUMENT_TYPE_UNKNOWN;LOW_RVOL;FIRST_PULLBACK_NOT_CONFIRMED;PRICE_NOT_CROSS_VERIFIED;LIQUIDITY_FLOW_NOT_VERIFIED;EARNINGS_CATALYST_NOT_VERIFIED,NO,,,pykrx
067010,2026-10-08,2560.0,PULLBACK_PROXY,57,67,0.66,0.436,UNKNOWN,REVIEW,INSTRUMENT_TYPE_UNKNOWN;LOW_RVOL;FIRST_PULLBACK_NOT_CONFIRMED;PRICE_NOT_CROSS_VERIFIED;LIQUIDITY_FLOW_NOT_VERIFIED;EARNINGS_CATALYST_NOT_VERIFIED,NO,,,pykrx
068930,2026-10-08,9250.0,PULLBACK_PROXY,57,68,1.25,0.395,UNKNOWN,REVIEW,INSTRUMENT_TYPE_UNKNOWN;LOW_RVOL;FIRST_PULLBACK_NOT_CONFIRMED;PRICE_NOT_CROSS_VERIFIED;LIQUIDITY_FLOW_NOT_VERIFIED;EARNINGS_CATALYST_NOT_VERIFIED,NO,,,pykrx
070590,2026-10-08,2140.0,PULLBACK_PROXY,57,67,0.65,0.303,UNKNOWN,REVIEW,INSTRUMENT_TYPE_UNKNOWN;LOW_RVOL;FIRST_PULLBACK_NOT_CONFIRMED;PRICE_NOT_CROSS_VERIFIED;LIQUIDITY_FLOW_NOT_VERIFIED;EARNINGS_CATALYST_NOT_VERIFIED,NO,,,pykrx
093640,2026-10-08,4755.0,PULLBACK_PROXY,57,68,1.15,0.313,UNKNOWN,REVIEW,INSTRUMENT_TYPE_UNKNOWN;LOW_RVOL;FIRST_PULLBACK_NOT_CONFIRMED;PRICE_NOT_CROSS_VERIFIED;LIQUIDITY_FLOW_NOT_VERIFIED;EARNINGS_CATALYST_NOT_VERIFIED,NO,,,pykrx
236200,2026-10-08,54600.0,PULLBACK_PROXY,57,61,2.21,0.697,UNKNOWN,REVIEW,INSTRUMENT_TYPE_UNKNOWN;FIRST_PULLBACK_NOT_CONFIRMED;PRICE_NOT_CROSS_VERIFIED;LIQUIDITY_FLOW_NOT_VERIFIED;EARNINGS_CATALYST_NOT_VERIFIED,NO,,,pykrx
317530,2026-10-08,3310.0,REVERSAL_PROXY,57,62,3.58,3.237,UNKNOWN,REVIEW,INSTRUMENT_TYPE_UNKNOWN;PRICE_NOT_CROSS_VERIFIED;LIQUIDITY_FLOW_NOT_VERIFIED;EARNINGS_CATALYST_NOT_VERIFIED,NO,,,pykrx
446070,2026-10-08,3950.0,PULLBACK_PROXY,57,67,0.93,0.451,UNKNOWN,REVIEW,INSTRUMENT_TYPE_UNKNOWN;LOW_RVOL;FIRST_PULLBACK_NOT_CONFIRMED;PRICE_NOT_CROSS_VERIFIED;LIQUIDITY_FLOW_NOT_VERIFIED;EARNINGS_CATALYST_NOT_VERIFIED,NO,,,pykrx
478110,2026-10-08,2070.0,PULLBACK_PROXY,57,67,0.69,0.182,UNKNOWN,REVIEW,INSTRUMENT_TYPE_UNKNOWN;LOW_RVOL;FIRST_PULLBACK_NOT_CONFIRMED;PRICE_NOT_CROSS_VERIFIED;LIQUIDITY_FLOW_NOT_VERIFIED;EARNINGS_CATALYST_NOT_VERIFIED,NO,,,pykrx
006090,2026-10-08,8970.0,PULLBACK_PROXY,56,67,0.4,0.35,UNKNOWN,REVIEW,INSTRUMENT_TYPE_UNKNOWN;LOW_RVOL;FIRST_PULLBACK_NOT_CONFIRMED;PRICE_NOT_CROSS_VERIFIED;LIQUIDITY_FLOW_NOT_VERIFIED;EARNINGS_CATALYST_NOT_VERIFIED,NO,,,pykrx
007340,2026-10-08,48450.0,PULLBACK_PROXY,56,62,1.22,0.899,UNKNOWN,REVIEW,INSTRUMENT_TYPE_UNKNOWN;FIRST_PULLBACK_NOT_CONFIRMED;PRICE_NOT_CROSS_VERIFIED;LIQUIDITY_FLOW_NOT_VERIFIED;EARNINGS_CATALYST_NOT_VERIFIED,NO,,,pykrx
017650,2026-10-08,10800.0,PULLBACK_PROXY,56,67,0.06,0.0,UNKNOWN,REVIEW,INSTRUMENT_TYPE_UNKNOWN;LOW_RVOL;FIRST_PULLBACK_NOT_CONFIRMED;PRICE_NOT_CROSS_VERIFIED;LIQUIDITY_FLOW_NOT_VERIFIED;EARNINGS_CATALYST_NOT_VERIFIED,NO,,,pykrx
109860,2026-10-08,7540.0,PULLBACK_PROXY,56,67,0.39,0.274,UNKNOWN,REVIEW,INSTRUMENT_TYPE_UNKNOWN;LOW_RVOL;FIRST_PULLBACK_NOT_CONFIRMED;PRICE_NOT_CROSS_VERIFIED;LIQUIDITY_FLOW_NOT_VERIFIED;EARNINGS_CATALYST_NOT_VERIFIED,NO,,,pykrx
417310,2026-10-08,2385.0,PULLBACK_PROXY,56,67,0.24,0.348,UNKNOWN,REVIEW,INSTRUMENT_TYPE_UNKNOWN;LOW_RVOL;FIRST_PULLBACK_NOT_CONFIRMED;PRICE_NOT_CROSS_VERIFIED;LIQUIDITY_FLOW_NOT_VERIFIED;EARNINGS_CATALYST_NOT_VERIFIED,NO,,,pykrx
473000,2026-10-08,2082.0,PULLBACK_PROXY,56,67,0.05,0.01,UNKNOWN,REVIEW,INSTRUMENT_TYPE_UNKNOWN;LOW_RVOL;FIRST_PULLBACK_NOT_CONFIRMED;PRICE_NOT_CROSS_VERIFIED;LIQUIDITY_FLOW_NOT_VERIFIED;EARNINGS_CATALYST_NOT_VERIFIED,NO,,,pykrx
473950,2026-10-08,2062.0,PULLBACK_PROXY,56,67,0.4,0.201,UNKNOWN,REVIEW,INSTRUMENT_TYPE_UNKNOWN;LOW_RVOL;FIRST_PULLBACK_NOT_CONFIRMED;PRICE_NOT_CROSS_VERIFIED;LIQUIDITY_FLOW_NOT_VERIFIED;EARNINGS_CATALYST_NOT_VERIFIED,NO,,,pykrx
475240,2026-10-08,2095.0,PULLBACK_PROXY,56,67,0.04,0.307,UNKNOWN,REVIEW,INSTRUMENT_TYPE_UNKNOWN;LOW_RVOL;FIRST_PULLBACK_NOT_CONFIRMED;PRICE_NOT_CROSS_VERIFIED;LIQUIDITY_FLOW_NOT_VERIFIED;EARNINGS_CATALYST_NOT_VERIFIED,NO,,,pykrx
482520,2026-10-08,2065.0,PULLBACK_PROXY,56,67,0.08,0.0,UNKNOWN,REVIEW,INSTRUMENT_TYPE_UNKNOWN;LOW_RVOL;FIRST_PULLBACK_NOT_CONFIRMED;PRICE_NOT_CROSS_VERIFIED;LIQUIDITY_FLOW_NOT_VERIFIED;EARNINGS_CATALYST_NOT_VERIFIED,NO,,,pykrx
047310,2026-10-08,3440.0,BREAKOUT,54,57,9.95,3.683,UNKNOWN,REVIEW,INSTRUMENT_TYPE_UNKNOWN;PRICE_NOT_CROSS_VERIFIED;LIQUIDITY_FLOW_NOT_VERIFIED;EARNINGS_CATALYST_NOT_VERIFIED,NO,,,pykrx
104480,2026-10-08,1963.0,BREAKOUT,54,58,8.87,2.698,UNKNOWN,REVIEW,INSTRUMENT_TYPE_UNKNOWN;PRICE_NOT_CROSS_VERIFIED;LIQUIDITY_FLOW_NOT_VERIFIED;EARNINGS_CATALYST_NOT_VERIFIED,NO,,,pykrx
000590,2026-10-08,71700.0,BREAKOUT,53,58,4.71,1.932,UNKNOWN,REVIEW,INSTRUMENT_TYPE_UNKNOWN;PRICE_NOT_CROSS_VERIFIED;LIQUIDITY_FLOW_NOT_VERIFIED;EARNINGS_CATALYST_NOT_VERIFIED,NO,,,pykrx
031430,2026-10-08,11030.0,BREAKOUT,53,48,4.73,3.09,UNKNOWN,REVIEW,INSTRUMENT_TYPE_UNKNOWN;PRICE_NOT_CROSS_VERIFIED;LIQUIDITY_FLOW_NOT_VERIFIED;EARNINGS_CATALYST_NOT_VERIFIED,NO,,,pykrx
373220,2026-10-08,403000.0,BREAKOUT,53,56,10.52,3.234,UNKNOWN,REVIEW,INSTRUMENT_TYPE_UNKNOWN;PRICE_NOT_CROSS_VERIFIED;LIQUIDITY_FLOW_NOT_VERIFIED;EARNINGS_CATALYST_NOT_VERIFIED,NO,,,pykrx
033560,2026-10-08,5900.0,BREAKOUT,52,67,18.53,2.689,UNKNOWN,REVIEW,INSTRUMENT_TYPE_UNKNOWN;EXTENDED_GT_12PCT;PRICE_NOT_CROSS_VERIFIED;LIQUIDITY_FLOW_NOT_VERIFIED;EARNINGS_CATALYST_NOT_VERIFIED,NO,,,pykrx
083930,2026-10-08,13020.0,BREAKOUT,50,56,7.24,1.845,UNKNOWN,REVIEW,INSTRUMENT_TYPE_UNKNOWN;PRICE_NOT_CROSS_VERIFIED;LIQUIDITY_FLOW_NOT_VERIFIED;EARNINGS_CATALYST_NOT_VERIFIED,NO,,,pykrx
178920,2026-10-08,20650.0,BREAKOUT,49,56,8.34,2.024,UNKNOWN,REVIEW,INSTRUMENT_TYPE_UNKNOWN;PRICE_NOT_CROSS_VERIFIED;LIQUIDITY_FLOW_NOT_VERIFIED;EARNINGS_CATALYST_NOT_VERIFIED,NO,,,pykrx
215200,2026-10-08,38700.0,BREAKOUT,49,55,7.44,1.779,UNKNOWN,REVIEW,INSTRUMENT_TYPE_UNKNOWN;PRICE_NOT_CROSS_VERIFIED;LIQUIDITY_FLOW_NOT_VERIFIED;EARNINGS_CATALYST_NOT_VERIFIED,NO,,,pykrx
393890,2026-10-08,11420.0,BREAKOUT,49,55,12.05,4.633,UNKNOWN,REVIEW,INSTRUMENT_TYPE_UNKNOWN;EXTENDED_GT_12PCT;PRICE_NOT_CROSS_VERIFIED;LIQUIDITY_FLOW_NOT_VERIFIED;EARNINGS_CATALYST_NOT_VERIFIED,NO,,,pykrx
042040,2026-10-08,5590.0,BREAKOUT,48,54,12.72,3.011,UNKNOWN,REVIEW,INSTRUMENT_TYPE_UNKNOWN;EXTENDED_GT_12PCT;PRICE_NOT_CROSS_VERIFIED;LIQUIDITY_FLOW_NOT_VERIFIED;EARNINGS_CATALYST_NOT_VERIFIED,NO,,,pykrx
319660,2026-10-08,145100.0,REVERSAL_PROXY,48,62,6.34,1.178,UNKNOWN,REVIEW,INSTRUMENT_TYPE_UNKNOWN;PRICE_NOT_CROSS_VERIFIED;LIQUIDITY_FLOW_NOT_VERIFIED;EARNINGS_CATALYST_NOT_VERIFIED,NO,,,pykrx
084870,2026-10-08,2255.0,PULLBACK_PROXY,46,55,1.61,0.119,UNKNOWN,REVIEW,INSTRUMENT_TYPE_UNKNOWN;LOW_RVOL;FIRST_PULLBACK_NOT_CONFIRMED;PRICE_NOT_CROSS_VERIFIED;LIQUIDITY_FLOW_NOT_VERIFIED;EARNINGS_CATALYST_NOT_VERIFIED,NO,,,pykrx
243840,2026-10-08,6520.0,BREAKOUT,46,53,13.55,6.381,UNKNOWN,REVIEW,INSTRUMENT_TYPE_UNKNOWN;EXTENDED_GT_12PCT;PRICE_NOT_CROSS_VERIFIED;LIQUIDITY_FLOW_NOT_VERIFIED;EARNINGS_CATALYST_NOT_VERIFIED,NO,,,pykrx
143540,2026-10-08,1119.0,BREAKOUT,43,49,9.22,18.314,UNKNOWN,REVIEW,INSTRUMENT_TYPE_UNKNOWN;RVOL_GT_10_VERIFY;PRICE_NOT_CROSS_VERIFIED;LIQUIDITY_FLOW_NOT_VERIFIED;EARNINGS_CATALYST_NOT_VERIFIED,NO,,,pykrx
005440,2026-10-08,12850.0,REVERSAL_PROXY,40,37,-0.58,2.201,UNKNOWN,REVIEW,INSTRUMENT_TYPE_UNKNOWN;PRICE_NOT_CROSS_VERIFIED;LIQUIDITY_FLOW_NOT_VERIFIED;EARNINGS_CATALYST_NOT_VERIFIED,NO,,,pykrx
045300,2026-10-08,3230.0,BREAKOUT,39,49,16.04,7.011,UNKNOWN,REVIEW,INSTRUMENT_TYPE_UNKNOWN;EXTENDED_GT_12PCT;PRICE_NOT_CROSS_VERIFIED;LIQUIDITY_FLOW_NOT_VERIFIED;EARNINGS_CATALYST_NOT_VERIFIED,NO,,,pykrx
142210,2026-10-08,7320.0,BREAKOUT,39,49,16.42,3.675,UNKNOWN,REVIEW,INSTRUMENT_TYPE_UNKNOWN;EXTENDED_GT_12PCT;PRICE_NOT_CROSS_VERIFIED;LIQUIDITY_FLOW_NOT_VERIFIED;EARNINGS_CATALYST_NOT_VERIFIED,NO,,,pykrx
001780,2026-10-08,1790.0,BREAKOUT,38,47,11.95,39.742,UNKNOWN,REVIEW,INSTRUMENT_TYPE_UNKNOWN;RVOL_GT_10_VERIFY;PRICE_NOT_CROSS_VERIFIED;LIQUIDITY_FLOW_NOT_VERIFIED;EARNINGS_CATALYST_NOT_VERIFIED,NO,,,pykrx
002320,2026-10-08,17140.0,BREAKOUT,35,48,14.05,1.787,UNKNOWN,REVIEW,INSTRUMENT_TYPE_UNKNOWN;EXTENDED_GT_12PCT;PRICE_NOT_CROSS_VERIFIED;LIQUIDITY_FLOW_NOT_VERIFIED;EARNINGS_CATALYST_NOT_VERIFIED,NO,,,pykrx
004835,2026-10-08,5370.0,BREAKOUT,35,44,20.0,5.89,UNKNOWN,REVIEW,INSTRUMENT_TYPE_UNKNOWN;EXTENDED_GT_12PCT;PRICE_NOT_CROSS_VERIFIED;LIQUIDITY_FLOW_NOT_VERIFIED;EARNINGS_CATALYST_NOT_VERIFIED,NO,,,pykrx
048910,2026-10-08,8200.0,BREAKOUT,35,45,19.3,9.292,UNKNOWN,REVIEW,INSTRUMENT_TYPE_UNKNOWN;EXTENDED_GT_12PCT;PRICE_NOT_CROSS_VERIFIED;LIQUIDITY_FLOW_NOT_VERIFIED;EARNINGS_CATALYST_NOT_VERIFIED,NO,,,pykrx
092070,2026-10-08,15560.0,BREAKOUT,35,44,19.56,3.101,UNKNOWN,REVIEW,INSTRUMENT_TYPE_UNKNOWN;EXTENDED_GT_12PCT;PRICE_NOT_CROSS_VERIFIED;LIQUIDITY_FLOW_NOT_VERIFIED;EARNINGS_CATALYST_NOT_VERIFIED,NO,,,pykrx
037400,2026-10-08,3465.0,REVERSAL_PROXY,33,32,-2.39,1.478,UNKNOWN,REVIEW,INSTRUMENT_TYPE_UNKNOWN;PRICE_NOT_CROSS_VERIFIED;LIQUIDITY_FLOW_NOT_VERIFIED;EARNINGS_CATALYST_NOT_VERIFIED,NO,,,pykrx
376300,2026-10-08,19480.0,REVERSAL_PROXY,33,41,8.57,1.785,UNKNOWN,REVIEW,INSTRUMENT_TYPE_UNKNOWN;PRICE_NOT_CROSS_VERIFIED;LIQUIDITY_FLOW_NOT_VERIFIED;EARNINGS_CATALYST_NOT_VERIFIED,NO,,,pykrx
471820,2026-10-08,4195.0,REVERSAL_PROXY,33,39,3.33,0.521,UNKNOWN,REVIEW,INSTRUMENT_TYPE_UNKNOWN;PRICE_NOT_CROSS_VERIFIED;LIQUIDITY_FLOW_NOT_VERIFIED;EARNINGS_CATALYST_NOT_VERIFIED,NO,,,pykrx
004540,2026-10-08,1244.0,REVERSAL_PROXY,32,39,0.56,0.923,UNKNOWN,REVIEW,INSTRUMENT_TYPE_UNKNOWN;PRICE_NOT_CROSS_VERIFIED;LIQUIDITY_FLOW_NOT_VERIFIED;EARNINGS_CATALYST_NOT_VERIFIED,NO,,,pykrx
318160,2026-10-08,6790.0,REVERSAL_PROXY,32,44,-2.2,0.306,UNKNOWN,REVIEW,INSTRUMENT_TYPE_UNKNOWN;LOW_RVOL;PRICE_NOT_CROSS_VERIFIED;LIQUIDITY_FLOW_NOT_VERIFIED;EARNINGS_CATALYST_NOT_VERIFIED,NO,,,pykrx
006110,2026-10-08,75800.0,BREAKOUT,31,42,23.02,3.611,UNKNOWN,REVIEW,INSTRUMENT_TYPE_UNKNOWN;EXTENDED_GT_12PCT;PRICE_NOT_CROSS_VERIFIED;LIQUIDITY_FLOW_NOT_VERIFIED;EARNINGS_CATALYST_NOT_VERIFIED,NO,,,pykrx
012630,2026-10-08,24050.0,REVERSAL_PROXY,31,37,-6.03,0.582,UNKNOWN,REVIEW,INSTRUMENT_TYPE_UNKNOWN;PRICE_NOT_CROSS_VERIFIED;LIQUIDITY_FLOW_NOT_VERIFIED;EARNINGS_CATALYST_NOT_VERIFIED,NO,,,pykrx
348030,2026-10-08,3885.0,BREAKOUT,31,47,29.21,2.932,UNKNOWN,REVIEW,INSTRUMENT_TYPE_UNKNOWN;EXTENDED_GT_12PCT;PRICE_NOT_CROSS_VERIFIED;LIQUIDITY_FLOW_NOT_VERIFIED;EARNINGS_CATALYST_NOT_VERIFIED,NO,,,pykrx
352940,2026-10-08,2155.0,REVERSAL_PROXY,31,46,1.79,0.119,UNKNOWN,REVIEW,INSTRUMENT_TYPE_UNKNOWN;LOW_RVOL;PRICE_NOT_CROSS_VERIFIED;LIQUIDITY_FLOW_NOT_VERIFIED;EARNINGS_CATALYST_NOT_VERIFIED,NO,,,pykrx
011300,2026-10-08,2855.0,REVERSAL_PROXY,30,46,8.52,0.643,UNKNOWN,REVIEW,INSTRUMENT_TYPE_UNKNOWN;PRICE_NOT_CROSS_VERIFIED;LIQUIDITY_FLOW_NOT_VERIFIED;EARNINGS_CATALYST_NOT_VERIFIED,NO,,,pykrx
355690,2026-10-08,6380.0,BREAKOUT,30,42,23.07,2.805,UNKNOWN,REVIEW,INSTRUMENT_TYPE_UNKNOWN;EXTENDED_GT_12PCT;PRICE_NOT_CROSS_VERIFIED;LIQUIDITY_FLOW_NOT_VERIFIED;EARNINGS_CATALYST_NOT_VERIFIED,NO,,,pykrx
083450,2026-10-08,57400.0,BREAKOUT,29,45,16.54,1.643,UNKNOWN,REVIEW,INSTRUMENT_TYPE_UNKNOWN;EXTENDED_GT_12PCT;PRICE_NOT_CROSS_VERIFIED;LIQUIDITY_FLOW_NOT_VERIFIED;EARNINGS_CATALYST_NOT_VERIFIED,NO,,,pykrx
098460,2026-10-08,37350.0,BREAKOUT,28,41,23.61,2.705,UNKNOWN,REVIEW,INSTRUMENT_TYPE_UNKNOWN;EXTENDED_GT_12PCT;PRICE_NOT_CROSS_VERIFIED;LIQUIDITY_FLOW_NOT_VERIFIED;EARNINGS_CATALYST_NOT_VERIFIED,NO,,,pykrx
147760,2026-10-08,4460.0,BREAKOUT,28,40,25.48,4.704,UNKNOWN,REVIEW,INSTRUMENT_TYPE_UNKNOWN;EXTENDED_GT_12PCT;PRICE_NOT_CROSS_VERIFIED;LIQUIDITY_FLOW_NOT_VERIFIED;EARNINGS_CATALYST_NOT_VERIFIED,NO,,,pykrx
089790,2026-10-08,7230.0,BREAKOUT,27,40,25.03,2.81,UNKNOWN,REVIEW,INSTRUMENT_TYPE_UNKNOWN;EXTENDED_GT_12PCT;PRICE_NOT_CROSS_VERIFIED;LIQUIDITY_FLOW_NOT_VERIFIED;EARNINGS_CATALYST_NOT_VERIFIED,NO,,,pykrx
417840,2026-10-08,20850.0,BREAKOUT,26,39,26.8,3.173,UNKNOWN,REVIEW,INSTRUMENT_TYPE_UNKNOWN;EXTENDED_GT_12PCT;PRICE_NOT_CROSS_VERIFIED;LIQUIDITY_FLOW_NOT_VERIFIED;EARNINGS_CATALYST_NOT_VERIFIED,NO,,,pykrx
156100,2026-10-08,7360.0,BREAKOUT,25,40,23.47,2.332,UNKNOWN,REVIEW,INSTRUMENT_TYPE_UNKNOWN;EXTENDED_GT_12PCT;PRICE_NOT_CROSS_VERIFIED;LIQUIDITY_FLOW_NOT_VERIFIED;EARNINGS_CATALYST_NOT_VERIFIED,NO,,,pykrx
012030,2026-10-08,2260.0,BREAKOUT,24,38,28.16,3.556,UNKNOWN,REVIEW,INSTRUMENT_TYPE_UNKNOWN;EXTENDED_GT_12PCT;PRICE_NOT_CROSS_VERIFIED;LIQUIDITY_FLOW_NOT_VERIFIED;EARNINGS_CATALYST_NOT_VERIFIED,NO,,,pykrx
003580,2026-10-08,2635.0,BREAKOUT,22,35,46.5,7.472,UNKNOWN,REVIEW,INSTRUMENT_TYPE_UNKNOWN;EXTENDED_GT_12PCT;PRICE_NOT_CROSS_VERIFIED;LIQUIDITY_FLOW_NOT_VERIFIED;EARNINGS_CATALYST_NOT_VERIFIED,NO,,,pykrx
005160,2026-10-08,4635.0,BREAKOUT,22,35,38.4,7.106,UNKNOWN,REVIEW,INSTRUMENT_TYPE_UNKNOWN;EXTENDED_GT_12PCT;PRICE_NOT_CROSS_VERIFIED;LIQUIDITY_FLOW_NOT_VERIFIED;EARNINGS_CATALYST_NOT_VERIFIED,NO,,,pykrx
033790,2026-10-08,11500.0,BREAKOUT,22,35,35.9,3.064,UNKNOWN,REVIEW,INSTRUMENT_TYPE_UNKNOWN;EXTENDED_GT_12PCT;PRICE_NOT_CROSS_VERIFIED;LIQUIDITY_FLOW_NOT_VERIFIED;EARNINGS_CATALYST_NOT_VERIFIED,NO,,,pykrx
187870,2026-10-08,15930.0,BREAKOUT,22,35,39.01,6.608,UNKNOWN,REVIEW,INSTRUMENT_TYPE_UNKNOWN;EXTENDED_GT_12PCT;PRICE_NOT_CROSS_VERIFIED;LIQUIDITY_FLOW_NOT_VERIFIED;EARNINGS_CATALYST_NOT_VERIFIED,NO,,,pykrx
217190,2026-10-08,10200.0,BREAKOUT,22,35,36.78,4.78,UNKNOWN,REVIEW,INSTRUMENT_TYPE_UNKNOWN;EXTENDED_GT_12PCT;PRICE_NOT_CROSS_VERIFIED;LIQUIDITY_FLOW_NOT_VERIFIED;EARNINGS_CATALYST_NOT_VERIFIED,NO,,,pykrx
278650,2026-10-08,6310.0,BREAKOUT,22,35,109.44,7.848,UNKNOWN,REVIEW,INSTRUMENT_TYPE_UNKNOWN;EXTENDED_GT_12PCT;PRICE_NOT_CROSS_VERIFIED;LIQUIDITY_FLOW_NOT_VERIFIED;EARNINGS_CATALYST_NOT_VERIFIED,NO,,,pykrx
417200,2026-10-08,16430.0,BREAKOUT,22,39,23.3,1.836,UNKNOWN,REVIEW,INSTRUMENT_TYPE_UNKNOWN;EXTENDED_GT_12PCT;PRICE_NOT_CROSS_VERIFIED;LIQUIDITY_FLOW_NOT_VERIFIED;EARNINGS_CATALYST_NOT_VERIFIED,NO,,,pykrx
419050,2026-10-08,2305.0,BREAKOUT,22,35,33.59,7.363,UNKNOWN,REVIEW,INSTRUMENT_TYPE_UNKNOWN;EXTENDED_GT_12PCT;PRICE_NOT_CROSS_VERIFIED;LIQUIDITY_FLOW_NOT_VERIFIED;EARNINGS_CATALYST_NOT_VERIFIED,NO,,,pykrx
005320,2026-10-08,1600.0,BREAKOUT,21,38,22.77,1.641,UNKNOWN,REVIEW,INSTRUMENT_TYPE_UNKNOWN;EXTENDED_GT_12PCT;PRICE_NOT_CROSS_VERIFIED;LIQUIDITY_FLOW_NOT_VERIFIED;EARNINGS_CATALYST_NOT_VERIFIED,NO,,,pykrx
067080,2026-10-08,13960.0,BREAKOUT,20,34,22.1,13.736,UNKNOWN,REVIEW,INSTRUMENT_TYPE_UNKNOWN;EXTENDED_GT_12PCT;RVOL_GT_10_VERIFY;PRICE_NOT_CROSS_VERIFIED;LIQUIDITY_FLOW_NOT_VERIFIED;EARNINGS_CATALYST_NOT_VERIFIED,NO,,,pykrx
382800,2026-10-08,7130.0,BREAKOUT,20,38,28.36,2.516,UNKNOWN,REVIEW,INSTRUMENT_TYPE_UNKNOWN;EXTENDED_GT_12PCT;PRICE_NOT_CROSS_VERIFIED;LIQUIDITY_FLOW_NOT_VERIFIED;EARNINGS_CATALYST_NOT_VERIFIED,NO,,,pykrx
383930,2026-10-08,2540.0,BREAKOUT,20,35,39.59,2.701,UNKNOWN,REVIEW,INSTRUMENT_TYPE_UNKNOWN;EXTENDED_GT_12PCT;PRICE_NOT_CROSS_VERIFIED;LIQUIDITY_FLOW_NOT_VERIFIED;EARNINGS_CATALYST_NOT_VERIFIED,NO,,,pykrx
457550,2026-10-08,14130.0,REVERSAL_PROXY,20,23,-0.78,0.0,UNKNOWN,REVIEW,INSTRUMENT_TYPE_UNKNOWN;LOW_RVOL;PRICE_NOT_CROSS_VERIFIED;LIQUIDITY_FLOW_NOT_VERIFIED;EARNINGS_CATALYST_NOT_VERIFIED,NO,,,pykrx
088790,2026-10-08,2350.0,REVERSAL_PROXY,19,23,-1.58,0.285,UNKNOWN,REVIEW,INSTRUMENT_TYPE_UNKNOWN;LOW_RVOL;PRICE_NOT_CROSS_VERIFIED;LIQUIDITY_FLOW_NOT_VERIFIED;EARNINGS_CATALYST_NOT_VERIFIED,NO,,,pykrx
229640,2026-10-08,72900.0,BREAKOUT,19,37,24.11,1.627,UNKNOWN,REVIEW,INSTRUMENT_TYPE_UNKNOWN;EXTENDED_GT_12PCT;PRICE_NOT_CROSS_VERIFIED;LIQUIDITY_FLOW_NOT_VERIFIED;EARNINGS_CATALYST_NOT_VERIFIED,NO,,,pykrx
200350,2026-10-08,4675.0,BREAKOUT,16,33,59.24,2.162,UNKNOWN,REVIEW,INSTRUMENT_TYPE_UNKNOWN;EXTENDED_GT_12PCT;PRICE_NOT_CROSS_VERIFIED;LIQUIDITY_FLOW_NOT_VERIFIED;EARNINGS_CATALYST_NOT_VERIFIED,NO,,,pykrx
354320,2026-10-08,56000.0,BREAKOUT,14,32,37.7,1.963,UNKNOWN,REVIEW,INSTRUMENT_TYPE_UNKNOWN;EXTENDED_GT_12PCT;PRICE_NOT_CROSS_VERIFIED;LIQUIDITY_FLOW_NOT_VERIFIED;EARNINGS_CATALYST_NOT_VERIFIED,NO,,,pykrx
200470,2026-10-08,10890.0,BREAKOUT,13,31,36.81,1.785,UNKNOWN,REVIEW,INSTRUMENT_TYPE_UNKNOWN;EXTENDED_GT_12PCT;PRICE_NOT_CROSS_VERIFIED;LIQUIDITY_FLOW_NOT_VERIFIED;EARNINGS_CATALYST_NOT_VERIFIED,NO,,,pykrx
000650,2026-10-08,221000.0,BREAKOUT,10,27,49.15,108.98,UNKNOWN,REVIEW,INSTRUMENT_TYPE_UNKNOWN;EXTENDED_GT_12PCT;RVOL_GT_10_VERIFY;PRICE_NOT_CROSS_VERIFIED;LIQUIDITY_FLOW_NOT_VERIFIED;EARNINGS_CATALYST_NOT_VERIFIED,NO,,,pykrx
046210,2026-10-08,1774.0,BREAKOUT,10,27,42.45,14.48,UNKNOWN,REVIEW,INSTRUMENT_TYPE_UNKNOWN;EXTENDED_GT_12PCT;RVOL_GT_10_VERIFY;PRICE_NOT_CROSS_VERIFIED;LIQUIDITY_FLOW_NOT_VERIFIED;EARNINGS_CATALYST_NOT_VERIFIED,NO,,,pykrx
083500,2026-10-08,16880.0,BREAKOUT,10,27,34.48,10.098,UNKNOWN,REVIEW,INSTRUMENT_TYPE_UNKNOWN;EXTENDED_GT_12PCT;RVOL_GT_10_VERIFY;PRICE_NOT_CROSS_VERIFIED;LIQUIDITY_FLOW_NOT_VERIFIED;EARNINGS_CATALYST_NOT_VERIFIED,NO,,,pykrx
084670,2026-10-08,37200.0,BREAKOUT,10,27,49.79,103.106,UNKNOWN,REVIEW,INSTRUMENT_TYPE_UNKNOWN;EXTENDED_GT_12PCT;RVOL_GT_10_VERIFY;PRICE_NOT_CROSS_VERIFIED;LIQUIDITY_FLOW_NOT_VERIFIED;EARNINGS_CATALYST_NOT_VERIFIED,NO,,,pykrx
084990,2026-10-08,4355.0,BREAKOUT,10,27,31.92,18.156,UNKNOWN,REVIEW,INSTRUMENT_TYPE_UNKNOWN;EXTENDED_GT_12PCT;RVOL_GT_10_VERIFY;PRICE_NOT_CROSS_VERIFIED;LIQUIDITY_FLOW_NOT_VERIFIED;EARNINGS_CATALYST_NOT_VERIFIED,NO,,,pykrx
089970,2026-10-08,66800.0,REVERSAL_PROXY,10,28,15.51,0.793,UNKNOWN,REVIEW,INSTRUMENT_TYPE_UNKNOWN;EXTENDED_GT_12PCT;PRICE_NOT_CROSS_VERIFIED;LIQUIDITY_FLOW_NOT_VERIFIED;EARNINGS_CATALYST_NOT_VERIFIED,NO,,,pykrx
115450,2026-10-08,3175.0,BREAKOUT,10,27,39.29,12.72,UNKNOWN,REVIEW,INSTRUMENT_TYPE_UNKNOWN;EXTENDED_GT_12PCT;RVOL_GT_10_VERIFY;PRICE_NOT_CROSS_VERIFIED;LIQUIDITY_FLOW_NOT_VERIFIED;EARNINGS_CATALYST_NOT_VERIFIED,NO,,,pykrx
024740,2026-10-08,2155.0,REVERSAL_PROXY,3,8,-4.16,0.35,UNKNOWN,REVIEW,INSTRUMENT_TYPE_UNKNOWN;LOW_RVOL;PRICE_NOT_CROSS_VERIFIED;LIQUIDITY_FLOW_NOT_VERIFIED;EARNINGS_CATALYST_NOT_VERIFIED,NO,,,pykrx
