hold,signals,tickers,signal_days,win_rate,mean_net_return,median_net_return,p10_net_return,positive_years,observed_years,worst_year_mean
1,2107,114,654,0.39297579496915047,-0.002551635338775318,-0.005158206291430489,-0.042810139147870394,1,3,-0.0052700814160889535
2,2107,114,654,0.42809682012339817,-0.0019577316468312156,-0.005380684953431136,-0.06015169544973229,1,3,-0.0076324324239604524
3,2107,114,654,0.42714760322733747,-0.0024578673667151867,-0.006248376212190765,-0.07269167473097553,1,3,-0.007910730825397791
4,2107,114,654,0.44280968201233983,-0.00223530742881902,-0.0063751829882294775,-0.0817552007362274,1,3,-0.007922329714836524
5,2107,114,654,0.4356905552918842,-0.002414212595982839,-0.00886887636145195,-0.08928459092438869,1,3,-0.009902744727577687
6,2107,114,654,0.43806359753203605,-0.0015700405553115407,-0.008765950752328111,-0.09823616048242258,1,3,-0.010521848235446359
7,2107,114,654,0.4290460370194589,-0.0007263894665916844,-0.009657006694857473,-0.10172007616553909,1,3,-0.010641987427936603
8,2107,114,654,0.4295206454674893,9.659422827972708e-05,-0.009837084672429941,-0.10638954272256229,1,3,-0.009196914875923725
9,2107,114,654,0.43806359753203605,0.0008840711436730533,-0.011082449327168065,-0.11259259419821743,1,3,-0.008057126978820342
10,2107,114,654,0.4299952539155197,0.0007030137133153087,-0.010858318200931971,-0.11798262065873383,1,3,-0.009876600760911704
11,2107,114,654,0.4290460370194589,0.00028785006175017965,-0.012325762692859121,-0.12273441430865001,1,3,-0.012940232930234465
12,2107,114,654,0.4238253440911248,0.0012344159325497984,-0.013852179987731694,-0.1285780716388955,1,3,-0.014178814095922688
13,2107,114,654,0.4205030849549122,0.0015440426627608957,-0.014813447931550927,-0.12979930043602905,1,3,-0.01693071488733621
14,2107,114,654,0.41765543426672996,0.0011922484481273873,-0.016701857437146805,-0.13280139513615385,1,3,-0.017595334387009214
15,2107,114,654,0.41813004271476034,0.0015407111601948057,-0.016343661644505403,-0.14017773626207708,1,3,-0.019918083615593937
16,2107,114,654,0.4242999525391552,0.0012018332003340653,-0.016728350999671293,-0.1444905863730643,1,3,-0.023173355947875226
17,2107,114,654,0.4261983863312767,0.0013995126153653937,-0.017104060889797323,-0.1488637733321303,1,3,-0.02423985611534537
18,2107,114,654,0.4224015187470337,0.00039071037876109725,-0.017370442791014296,-0.1508671364607466,1,3,-0.02457590982961253
19,2107,114,654,0.42524916943521596,0.0005170389273802663,-0.019339842694973908,-0.15069160269979356,1,3,-0.024469125261717427
20,2107,114,654,0.4186046511627907,-0.0008535846530459472,-0.021055173416882678,-0.15816008295249434,1,3,-0.027476448114889723
