snapshot_date,ticker,name,instrument_status,instrument_evidence,source_instrument_type,direction_score,entry_geometry_score,setup_proxy,distance_ma20_pct,close,ma20,ma60,rvol20,turnover_krw,turnover_source,turnover_verified,decision,ideal_buy,max_buy,no_chase,structural_stop,forward_rr,sector_money_flow,foreign_institution_flow,intraday_entry_trigger,live_buy_approved
2026-10-08,000700,유수홀딩스,UNKNOWN_VERIFY,ordinary-share status not verified,UNKNOWN,90,85,MA20_NEAR_SUPPORT_PROXY,0.81,6640.0,6586.5,6381.5,1.491,234943120.0,ESTIMATED_CLOSE_X_VOLUME,False,WATCH_VERIFY_INSTRUMENT,UNVERIFIED,UNVERIFIED,UNVERIFIED,UNVERIFIED,UNVERIFIED,MISSING,MISSING,MISSING,False
2026-10-08,003120,일성아이에스,UNKNOWN_VERIFY,ordinary-share status not verified,UNKNOWN,90,85,MA20_NEAR_SUPPORT_PROXY,2.13,22300.0,21835.0,20896.67,2.89,320473300.0,ESTIMATED_CLOSE_X_VOLUME,False,WATCH_VERIFY_INSTRUMENT,UNVERIFIED,UNVERIFIED,UNVERIFIED,UNVERIFIED,UNVERIFIED,MISSING,MISSING,MISSING,False
2026-10-08,003490,대한항공,UNKNOWN_VERIFY,ordinary-share status not verified,UNKNOWN,90,85,MA20_NEAR_SUPPORT_PROXY,0.51,30500.0,30345.0,27886.67,1.11,85146026500.0,ESTIMATED_CLOSE_X_VOLUME,False,WATCH_VERIFY_INSTRUMENT,UNVERIFIED,UNVERIFIED,UNVERIFIED,UNVERIFIED,UNVERIFIED,MISSING,MISSING,MISSING,False
2026-10-08,004080,신흥,UNKNOWN_VERIFY,ordinary-share status not verified,UNKNOWN,90,85,MA20_NEAR_SUPPORT_PROXY,1.84,14620.0,14355.5,14143.33,1.11,68626280.0,ESTIMATED_CLOSE_X_VOLUME,False,WATCH_VERIFY_INSTRUMENT,UNVERIFIED,UNVERIFIED,UNVERIFIED,UNVERIFIED,UNVERIFIED,MISSING,MISSING,MISSING,False
2026-10-08,020560,아시아나항공,UNKNOWN_VERIFY,ordinary-share status not verified,UNKNOWN,90,85,MA20_NEAR_SUPPORT_PROXY,1.43,8200.0,8084.0,7484.0,1.337,1463093200.0,ESTIMATED_CLOSE_X_VOLUME,False,WATCH_VERIFY_INSTRUMENT,UNVERIFIED,UNVERIFIED,UNVERIFIED,UNVERIFIED,UNVERIFIED,MISSING,MISSING,MISSING,False
2026-10-08,049430,코메론,UNKNOWN_VERIFY,ordinary-share status not verified,UNKNOWN,90,85,MA20_NEAR_SUPPORT_PROXY,1.26,22900.0,22615.0,20957.33,1.773,1268614200.0,ESTIMATED_CLOSE_X_VOLUME,False,WATCH_VERIFY_INSTRUMENT,UNVERIFIED,UNVERIFIED,UNVERIFIED,UNVERIFIED,UNVERIFIED,MISSING,MISSING,MISSING,False
2026-10-08,066620,국보디자인,UNKNOWN_VERIFY,ordinary-share status not verified,UNKNOWN,90,85,MA20_NEAR_SUPPORT_PROXY,0.19,25200.0,25152.5,24672.5,1.912,191772000.0,ESTIMATED_CLOSE_X_VOLUME,False,WATCH_VERIFY_INSTRUMENT,UNVERIFIED,UNVERIFIED,UNVERIFIED,UNVERIFIED,UNVERIFIED,MISSING,MISSING,MISSING,False
2026-10-08,066670,디티씨,UNKNOWN_VERIFY,ordinary-share status not verified,UNKNOWN,90,85,MA20_NEAR_SUPPORT_PROXY,1.81,3310.0,3251.0,2967.17,1.092,58011060.0,ESTIMATED_CLOSE_X_VOLUME,False,WATCH_VERIFY_INSTRUMENT,UNVERIFIED,UNVERIFIED,UNVERIFIED,UNVERIFIED,UNVERIFIED,MISSING,MISSING,MISSING,False
2026-10-08,071320,지역난방공사,UNKNOWN_VERIFY,ordinary-share status not verified,UNKNOWN,90,85,MA20_NEAR_SUPPORT_PROXY,0.23,77100.0,76925.0,72105.0,1.183,1124734800.0,ESTIMATED_CLOSE_X_VOLUME,False,WATCH_VERIFY_INSTRUMENT,UNVERIFIED,UNVERIFIED,UNVERIFIED,UNVERIFIED,UNVERIFIED,MISSING,MISSING,MISSING,False
2026-10-08,192400,쿠쿠홀딩스,UNKNOWN_VERIFY,ordinary-share status not verified,UNKNOWN,90,85,MA20_NEAR_SUPPORT_PROXY,0.5,27350.0,27215.0,26864.17,2.418,740173050.0,ESTIMATED_CLOSE_X_VOLUME,False,WATCH_VERIFY_INSTRUMENT,UNVERIFIED,UNVERIFIED,UNVERIFIED,UNVERIFIED,UNVERIFIED,MISSING,MISSING,MISSING,False
2026-10-08,000640,동아쏘시오홀딩스,UNKNOWN_VERIFY,ordinary-share status not verified,UNKNOWN,75,85,MA20_NEAR_SUPPORT_PROXY,0.24,93400.0,93180.0,90046.67,0.783,704796400.0,ESTIMATED_CLOSE_X_VOLUME,False,WATCH_VERIFY_INSTRUMENT,UNVERIFIED,UNVERIFIED,UNVERIFIED,UNVERIFIED,UNVERIFIED,MISSING,MISSING,MISSING,False
2026-10-08,005180,빙그레,UNKNOWN_VERIFY,ordinary-share status not verified,UNKNOWN,75,85,MA20_NEAR_SUPPORT_PROXY,1.34,87200.0,86045.0,79016.67,0.314,1467227200.0,ESTIMATED_CLOSE_X_VOLUME,False,WATCH_VERIFY_INSTRUMENT,UNVERIFIED,UNVERIFIED,UNVERIFIED,UNVERIFIED,UNVERIFIED,MISSING,MISSING,MISSING,False
2026-10-08,006090,사조오양,UNKNOWN_VERIFY,ordinary-share status not verified,UNKNOWN,75,85,MA20_NEAR_SUPPORT_PROXY,0.4,8970.0,8934.0,8691.5,0.35,15275910.0,ESTIMATED_CLOSE_X_VOLUME,False,WATCH_VERIFY_INSTRUMENT,UNVERIFIED,UNVERIFIED,UNVERIFIED,UNVERIFIED,UNVERIFIED,MISSING,MISSING,MISSING,False
2026-10-08,012170,아센디오,UNKNOWN_VERIFY,ordinary-share status not verified,UNKNOWN,75,85,MA20_NEAR_SUPPORT_PROXY,0.94,3000.0,2972.0,1762.97,0.77,57279000.0,ESTIMATED_CLOSE_X_VOLUME,False,WATCH_VERIFY_INSTRUMENT,UNVERIFIED,UNVERIFIED,UNVERIFIED,UNVERIFIED,UNVERIFIED,MISSING,MISSING,MISSING,False
2026-10-08,012750,에스원,UNKNOWN_VERIFY,ordinary-share status not verified,UNKNOWN,75,85,MA20_NEAR_SUPPORT_PROXY,1.01,83900.0,83065.0,78185.0,0.872,5098603000.0,ESTIMATED_CLOSE_X_VOLUME,False,WATCH_VERIFY_INSTRUMENT,UNVERIFIED,UNVERIFIED,UNVERIFIED,UNVERIFIED,UNVERIFIED,MISSING,MISSING,MISSING,False
2026-10-08,017650,대림제지,UNKNOWN_VERIFY,ordinary-share status not verified,UNKNOWN,75,85,MA20_NEAR_SUPPORT_PROXY,0.06,10800.0,10793.5,10198.83,0.0,0.0,ESTIMATED_CLOSE_X_VOLUME,False,WATCH_VERIFY_INSTRUMENT,UNVERIFIED,UNVERIFIED,UNVERIFIED,UNVERIFIED,UNVERIFIED,MISSING,MISSING,MISSING,False
2026-10-08,026960,동서,UNKNOWN_VERIFY,ordinary-share status not verified,UNKNOWN,75,85,MA20_NEAR_SUPPORT_PROXY,1.87,26300.0,25817.5,25794.17,0.657,1126744600.0,ESTIMATED_CLOSE_X_VOLUME,False,WATCH_VERIFY_INSTRUMENT,UNVERIFIED,UNVERIFIED,UNVERIFIED,UNVERIFIED,UNVERIFIED,MISSING,MISSING,MISSING,False
2026-10-08,028100,동아지질,UNKNOWN_VERIFY,ordinary-share status not verified,UNKNOWN,75,85,MA20_NEAR_SUPPORT_PROXY,1.77,19440.0,19102.0,17653.5,0.24,586446480.0,ESTIMATED_CLOSE_X_VOLUME,False,WATCH_VERIFY_INSTRUMENT,UNVERIFIED,UNVERIFIED,UNVERIFIED,UNVERIFIED,UNVERIFIED,MISSING,MISSING,MISSING,False
2026-10-08,050120,ES큐브,UNKNOWN_VERIFY,ordinary-share status not verified,UNKNOWN,75,85,MA20_NEAR_SUPPORT_PROXY,1.24,3315.0,3274.5,3176.17,0.191,3709485.0,ESTIMATED_CLOSE_X_VOLUME,False,WATCH_VERIFY_INSTRUMENT,UNVERIFIED,UNVERIFIED,UNVERIFIED,UNVERIFIED,UNVERIFIED,MISSING,MISSING,MISSING,False
2026-10-08,052300,오션인더블유,UNKNOWN_VERIFY,ordinary-share status not verified,UNKNOWN,75,85,MA20_NEAR_SUPPORT_PROXY,1.33,1568.0,1547.35,1471.83,0.12,42301504.0,ESTIMATED_CLOSE_X_VOLUME,False,WATCH_VERIFY_INSTRUMENT,UNVERIFIED,UNVERIFIED,UNVERIFIED,UNVERIFIED,UNVERIFIED,MISSING,MISSING,MISSING,False
2026-10-08,066900,디에이피,UNKNOWN_VERIFY,ordinary-share status not verified,UNKNOWN,75,85,MA20_NEAR_SUPPORT_PROXY,1.91,1790.0,1756.4,1753.57,0.356,5343150.0,ESTIMATED_CLOSE_X_VOLUME,False,WATCH_VERIFY_INSTRUMENT,UNVERIFIED,UNVERIFIED,UNVERIFIED,UNVERIFIED,UNVERIFIED,MISSING,MISSING,MISSING,False
2026-10-08,067010,이씨에스,UNKNOWN_VERIFY,ordinary-share status not verified,UNKNOWN,75,85,MA20_NEAR_SUPPORT_PROXY,0.66,2560.0,2543.25,2321.32,0.436,56977920.0,ESTIMATED_CLOSE_X_VOLUME,False,WATCH_VERIFY_INSTRUMENT,UNVERIFIED,UNVERIFIED,UNVERIFIED,UNVERIFIED,UNVERIFIED,MISSING,MISSING,MISSING,False
2026-10-08,068930,디지털대성,UNKNOWN_VERIFY,ordinary-share status not verified,UNKNOWN,75,85,MA20_NEAR_SUPPORT_PROXY,1.25,9250.0,9135.5,8338.17,0.395,344386750.0,ESTIMATED_CLOSE_X_VOLUME,False,WATCH_VERIFY_INSTRUMENT,UNVERIFIED,UNVERIFIED,UNVERIFIED,UNVERIFIED,UNVERIFIED,MISSING,MISSING,MISSING,False
2026-10-08,070590,인티큐브,UNKNOWN_VERIFY,ordinary-share status not verified,UNKNOWN,75,85,MA20_NEAR_SUPPORT_PROXY,0.65,2140.0,2126.25,1898.73,0.303,16216920.0,ESTIMATED_CLOSE_X_VOLUME,False,WATCH_VERIFY_INSTRUMENT,UNVERIFIED,UNVERIFIED,UNVERIFIED,UNVERIFIED,UNVERIFIED,MISSING,MISSING,MISSING,False
2026-10-08,092730,네오팜,UNKNOWN_VERIFY,ordinary-share status not verified,UNKNOWN,75,85,MA20_NEAR_SUPPORT_PROXY,1.7,23200.0,22812.5,22004.17,0.62,795017600.0,ESTIMATED_CLOSE_X_VOLUME,False,WATCH_VERIFY_INSTRUMENT,UNVERIFIED,UNVERIFIED,UNVERIFIED,UNVERIFIED,UNVERIFIED,MISSING,MISSING,MISSING,False
2026-10-08,093520,매커스,UNKNOWN_VERIFY,ordinary-share status not verified,UNKNOWN,75,85,MA20_NEAR_SUPPORT_PROXY,2.14,28450.0,27855.0,24678.67,0.449,220515950.0,ESTIMATED_CLOSE_X_VOLUME,False,WATCH_VERIFY_INSTRUMENT,UNVERIFIED,UNVERIFIED,UNVERIFIED,UNVERIFIED,UNVERIFIED,MISSING,MISSING,MISSING,False
2026-10-08,093640,케이알엠,UNKNOWN_VERIFY,ordinary-share status not verified,UNKNOWN,75,85,MA20_NEAR_SUPPORT_PROXY,1.15,4755.0,4701.0,4151.92,0.313,44649450.0,ESTIMATED_CLOSE_X_VOLUME,False,WATCH_VERIFY_INSTRUMENT,UNVERIFIED,UNVERIFIED,UNVERIFIED,UNVERIFIED,UNVERIFIED,MISSING,MISSING,MISSING,False
2026-10-08,109860,동일금속,UNKNOWN_VERIFY,ordinary-share status not verified,UNKNOWN,75,85,MA20_NEAR_SUPPORT_PROXY,0.39,7540.0,7511.0,7414.5,0.274,5602220.0,ESTIMATED_CLOSE_X_VOLUME,False,WATCH_VERIFY_INSTRUMENT,UNVERIFIED,UNVERIFIED,UNVERIFIED,UNVERIFIED,UNVERIFIED,MISSING,MISSING,MISSING,False
2026-10-08,126560,현대퓨처넷,UNKNOWN_VERIFY,ordinary-share status not verified,UNKNOWN,75,85,MA20_NEAR_SUPPORT_PROXY,0.36,3380.0,3367.75,3224.83,0.682,135419700.0,ESTIMATED_CLOSE_X_VOLUME,False,WATCH_VERIFY_INSTRUMENT,UNVERIFIED,UNVERIFIED,UNVERIFIED,UNVERIFIED,UNVERIFIED,MISSING,MISSING,MISSING,False
2026-10-08,130580,나이스디앤비,UNKNOWN_VERIFY,ordinary-share status not verified,UNKNOWN,75,85,MA20_NEAR_SUPPORT_PROXY,1.94,6810.0,6680.5,5908.33,0.791,160307400.0,ESTIMATED_CLOSE_X_VOLUME,False,WATCH_VERIFY_INSTRUMENT,UNVERIFIED,UNVERIFIED,UNVERIFIED,UNVERIFIED,UNVERIFIED,MISSING,MISSING,MISSING,False
2026-10-08,131090,시큐브,UNKNOWN_VERIFY,ordinary-share status not verified,UNKNOWN,75,85,MA20_NEAR_SUPPORT_PROXY,1.14,4340.0,4291.25,4066.58,0.954,65959320.0,ESTIMATED_CLOSE_X_VOLUME,False,WATCH_VERIFY_INSTRUMENT,UNVERIFIED,UNVERIFIED,UNVERIFIED,UNVERIFIED,UNVERIFIED,MISSING,MISSING,MISSING,False
2026-10-08,192390,윈하이텍,UNKNOWN_VERIFY,ordinary-share status not verified,UNKNOWN,75,85,MA20_NEAR_SUPPORT_PROXY,2.28,1894.0,1851.7,1825.23,0.822,41863082.0,ESTIMATED_CLOSE_X_VOLUME,False,WATCH_VERIFY_INSTRUMENT,UNVERIFIED,UNVERIFIED,UNVERIFIED,UNVERIFIED,UNVERIFIED,MISSING,MISSING,MISSING,False
2026-10-08,197140,디지캡,UNKNOWN_VERIFY,ordinary-share status not verified,UNKNOWN,75,85,MA20_NEAR_SUPPORT_PROXY,0.49,2395.0,2383.25,2257.0,0.853,32583975.0,ESTIMATED_CLOSE_X_VOLUME,False,WATCH_VERIFY_INSTRUMENT,UNVERIFIED,UNVERIFIED,UNVERIFIED,UNVERIFIED,UNVERIFIED,MISSING,MISSING,MISSING,False
2026-10-08,352940,인바이오,UNKNOWN_VERIFY,ordinary-share status not verified,UNKNOWN,75,85,MA20_NEAR_SUPPORT_PROXY,1.79,2155.0,2117.2,2046.52,0.119,10484075.0,ESTIMATED_CLOSE_X_VOLUME,False,WATCH_VERIFY_INSTRUMENT,UNVERIFIED,UNVERIFIED,UNVERIFIED,UNVERIFIED,UNVERIFIED,MISSING,MISSING,MISSING,False
2026-10-08,415380,스튜디오삼익,UNKNOWN_VERIFY,ordinary-share status not verified,UNKNOWN,75,85,MA20_NEAR_SUPPORT_PROXY,2.2,2195.0,2147.75,2009.58,0.835,36678450.0,ESTIMATED_CLOSE_X_VOLUME,False,WATCH_VERIFY_INSTRUMENT,UNVERIFIED,UNVERIFIED,UNVERIFIED,UNVERIFIED,UNVERIFIED,MISSING,MISSING,MISSING,False
2026-10-08,446070,유니드비티플러스,UNKNOWN_VERIFY,ordinary-share status not verified,UNKNOWN,75,85,MA20_NEAR_SUPPORT_PROXY,0.93,3950.0,3913.75,3641.92,0.451,94006050.0,ESTIMATED_CLOSE_X_VOLUME,False,WATCH_VERIFY_INSTRUMENT,UNVERIFIED,UNVERIFIED,UNVERIFIED,UNVERIFIED,UNVERIFIED,MISSING,MISSING,MISSING,False
2026-10-08,453340,현대그린푸드,UNKNOWN_VERIFY,ordinary-share status not verified,UNKNOWN,75,85,MA20_NEAR_SUPPORT_PROXY,0.79,19110.0,18960.0,18650.83,0.855,606952710.0,ESTIMATED_CLOSE_X_VOLUME,False,WATCH_VERIFY_INSTRUMENT,UNVERIFIED,UNVERIFIED,UNVERIFIED,UNVERIFIED,UNVERIFIED,MISSING,MISSING,MISSING,False
2026-10-08,489460,바이오비쥬,UNKNOWN_VERIFY,ordinary-share status not verified,UNKNOWN,75,85,MA20_NEAR_SUPPORT_PROXY,2.31,11740.0,11475.0,10464.67,0.998,790102000.0,ESTIMATED_CLOSE_X_VOLUME,False,WATCH_VERIFY_INSTRUMENT,UNVERIFIED,UNVERIFIED,UNVERIFIED,UNVERIFIED,UNVERIFIED,MISSING,MISSING,MISSING,False
2026-10-08,000590,CS홀딩스,UNKNOWN_VERIFY,ordinary-share status not verified,UNKNOWN,90,45,EXTENDED_WAIT_PULLBACK,4.71,71700.0,68475.0,67528.33,1.932,76934100.0,ESTIMATED_CLOSE_X_VOLUME,False,WAIT_ENTRY,UNVERIFIED,UNVERIFIED,UNVERIFIED,UNVERIFIED,UNVERIFIED,MISSING,MISSING,MISSING,False
2026-10-08,002840,미원상사,UNKNOWN_VERIFY,ordinary-share status not verified,UNKNOWN,90,45,EXTENDED_WAIT_PULLBACK,3.37,139600.0,135055.0,129373.33,1.825,543742000.0,ESTIMATED_CLOSE_X_VOLUME,False,WAIT_ENTRY,UNVERIFIED,UNVERIFIED,UNVERIFIED,UNVERIFIED,UNVERIFIED,MISSING,MISSING,MISSING,False
2026-10-08,009240,한샘,UNKNOWN_VERIFY,ordinary-share status not verified,UNKNOWN,90,45,EXTENDED_WAIT_PULLBACK,2.75,40500.0,39415.0,38617.5,1.516,1538716500.0,ESTIMATED_CLOSE_X_VOLUME,False,WAIT_ENTRY,UNVERIFIED,UNVERIFIED,UNVERIFIED,UNVERIFIED,UNVERIFIED,MISSING,MISSING,MISSING,False
2026-10-08,054950,제이브이엠,UNKNOWN_VERIFY,ordinary-share status not verified,UNKNOWN,90,45,EXTENDED_WAIT_PULLBACK,2.68,24200.0,23567.5,23386.67,1.061,380254600.0,ESTIMATED_CLOSE_X_VOLUME,False,WAIT_ENTRY,UNVERIFIED,UNVERIFIED,UNVERIFIED,UNVERIFIED,UNVERIFIED,MISSING,MISSING,MISSING,False
2026-10-08,096870,엘디티,UNKNOWN_VERIFY,ordinary-share status not verified,UNKNOWN,90,45,EXTENDED_WAIT_PULLBACK,3.15,2435.0,2360.75,2339.75,1.454,165178225.0,ESTIMATED_CLOSE_X_VOLUME,False,WAIT_ENTRY,UNVERIFIED,UNVERIFIED,UNVERIFIED,UNVERIFIED,UNVERIFIED,MISSING,MISSING,MISSING,False
2026-10-08,317530,에피소드컴퍼니,UNKNOWN_VERIFY,ordinary-share status not verified,UNKNOWN,90,45,EXTENDED_WAIT_PULLBACK,3.58,3310.0,3195.5,2981.67,3.237,206563860.0,ESTIMATED_CLOSE_X_VOLUME,False,WAIT_ENTRY,UNVERIFIED,UNVERIFIED,UNVERIFIED,UNVERIFIED,UNVERIFIED,MISSING,MISSING,MISSING,False
2026-10-08,002960,한국쉘석유,UNKNOWN_VERIFY,ordinary-share status not verified,UNKNOWN,90,15,NO_CHASE_OR_TREND_BREAK,6.18,545000.0,513300.0,506708.33,1.624,792430000.0,ESTIMATED_CLOSE_X_VOLUME,False,WAIT_ENTRY,UNVERIFIED,UNVERIFIED,UNVERIFIED,UNVERIFIED,UNVERIFIED,MISSING,MISSING,MISSING,False
2026-10-08,005320,온타이드,UNKNOWN_VERIFY,ordinary-share status not verified,UNKNOWN,90,15,NO_CHASE_OR_TREND_BREAK,22.77,1600.0,1303.25,985.63,1.641,526736000.0,ESTIMATED_CLOSE_X_VOLUME,False,WAIT_ENTRY,UNVERIFIED,UNVERIFIED,UNVERIFIED,UNVERIFIED,UNVERIFIED,MISSING,MISSING,MISSING,False
2026-10-08,006110,삼아알미늄,UNKNOWN_VERIFY,ordinary-share status not verified,UNKNOWN,90,15,NO_CHASE_OR_TREND_BREAK,23.02,75800.0,61615.0,52203.33,3.611,44389465400.0,ESTIMATED_CLOSE_X_VOLUME,False,WAIT_ENTRY,UNVERIFIED,UNVERIFIED,UNVERIFIED,UNVERIFIED,UNVERIFIED,MISSING,MISSING,MISSING,False
2026-10-08,012030,DB,UNKNOWN_VERIFY,ordinary-share status not verified,UNKNOWN,90,15,NO_CHASE_OR_TREND_BREAK,28.16,2260.0,1763.4,1583.75,3.556,8650023440.0,ESTIMATED_CLOSE_X_VOLUME,False,WAIT_ENTRY,UNVERIFIED,UNVERIFIED,UNVERIFIED,UNVERIFIED,UNVERIFIED,MISSING,MISSING,MISSING,False
2026-10-08,033560,블루콤,UNKNOWN_VERIFY,ordinary-share status not verified,UNKNOWN,90,15,NO_CHASE_OR_TREND_BREAK,18.53,5900.0,4977.75,4713.58,2.689,312977300.0,ESTIMATED_CLOSE_X_VOLUME,False,WAIT_ENTRY,UNVERIFIED,UNVERIFIED,UNVERIFIED,UNVERIFIED,UNVERIFIED,MISSING,MISSING,MISSING,False
2026-10-08,033790,피노,UNKNOWN_VERIFY,ordinary-share status not verified,UNKNOWN,90,15,NO_CHASE_OR_TREND_BREAK,35.9,11500.0,8462.0,6993.75,3.064,77113549000.0,ESTIMATED_CLOSE_X_VOLUME,False,WAIT_ENTRY,UNVERIFIED,UNVERIFIED,UNVERIFIED,UNVERIFIED,UNVERIFIED,MISSING,MISSING,MISSING,False
2026-10-08,042040,케이피엠테크,UNKNOWN_VERIFY,ordinary-share status not verified,UNKNOWN,90,15,NO_CHASE_OR_TREND_BREAK,12.72,5590.0,4959.0,4677.0,3.011,109541640.0,ESTIMATED_CLOSE_X_VOLUME,False,WAIT_ENTRY,UNVERIFIED,UNVERIFIED,UNVERIFIED,UNVERIFIED,UNVERIFIED,MISSING,MISSING,MISSING,False
2026-10-08,047310,파워로직스,UNKNOWN_VERIFY,ordinary-share status not verified,UNKNOWN,90,15,NO_CHASE_OR_TREND_BREAK,9.95,3440.0,3128.75,3033.67,3.683,1222744560.0,ESTIMATED_CLOSE_X_VOLUME,False,WAIT_ENTRY,UNVERIFIED,UNVERIFIED,UNVERIFIED,UNVERIFIED,UNVERIFIED,MISSING,MISSING,MISSING,False
2026-10-08,083450,GST,UNKNOWN_VERIFY,ordinary-share status not verified,UNKNOWN,90,15,NO_CHASE_OR_TREND_BREAK,16.54,57400.0,49255.0,46278.33,1.643,13366393600.0,ESTIMATED_CLOSE_X_VOLUME,False,WAIT_ENTRY,UNVERIFIED,UNVERIFIED,UNVERIFIED,UNVERIFIED,UNVERIFIED,MISSING,MISSING,MISSING,False
2026-10-08,083930,아바코,UNKNOWN_VERIFY,ordinary-share status not verified,UNKNOWN,90,15,NO_CHASE_OR_TREND_BREAK,7.24,13020.0,12141.0,11293.67,1.845,739028220.0,ESTIMATED_CLOSE_X_VOLUME,False,WAIT_ENTRY,UNVERIFIED,UNVERIFIED,UNVERIFIED,UNVERIFIED,UNVERIFIED,MISSING,MISSING,MISSING,False
2026-10-08,089790,제이티,UNKNOWN_VERIFY,ordinary-share status not verified,UNKNOWN,90,15,NO_CHASE_OR_TREND_BREAK,25.03,7230.0,5782.75,4696.33,2.81,2807683740.0,ESTIMATED_CLOSE_X_VOLUME,False,WAIT_ENTRY,UNVERIFIED,UNVERIFIED,UNVERIFIED,UNVERIFIED,UNVERIFIED,MISSING,MISSING,MISSING,False
2026-10-08,092070,디엔에프,UNKNOWN_VERIFY,ordinary-share status not verified,UNKNOWN,90,15,NO_CHASE_OR_TREND_BREAK,19.56,15560.0,13014.0,12776.17,3.101,1852277960.0,ESTIMATED_CLOSE_X_VOLUME,False,WAIT_ENTRY,UNVERIFIED,UNVERIFIED,UNVERIFIED,UNVERIFIED,UNVERIFIED,MISSING,MISSING,MISSING,False
2026-10-08,098460,고영,UNKNOWN_VERIFY,ordinary-share status not verified,UNKNOWN,90,15,NO_CHASE_OR_TREND_BREAK,23.61,37350.0,30215.0,28871.67,2.705,139374923850.0,ESTIMATED_CLOSE_X_VOLUME,False,WAIT_ENTRY,UNVERIFIED,UNVERIFIED,UNVERIFIED,UNVERIFIED,UNVERIFIED,MISSING,MISSING,MISSING,False
2026-10-08,104480,티케이케미칼,UNKNOWN_VERIFY,ordinary-share status not verified,UNKNOWN,90,15,NO_CHASE_OR_TREND_BREAK,8.87,1963.0,1803.1,1682.27,2.698,928104437.0,ESTIMATED_CLOSE_X_VOLUME,False,WAIT_ENTRY,UNVERIFIED,UNVERIFIED,UNVERIFIED,UNVERIFIED,UNVERIFIED,MISSING,MISSING,MISSING,False
2026-10-08,142210,유니트론텍,UNKNOWN_VERIFY,ordinary-share status not verified,UNKNOWN,90,15,NO_CHASE_OR_TREND_BREAK,16.42,7320.0,6287.5,5901.0,3.675,4646633520.0,ESTIMATED_CLOSE_X_VOLUME,False,WAIT_ENTRY,UNVERIFIED,UNVERIFIED,UNVERIFIED,UNVERIFIED,UNVERIFIED,MISSING,MISSING,MISSING,False
2026-10-08,147760,피엠티,UNKNOWN_VERIFY,ordinary-share status not verified,UNKNOWN,90,15,NO_CHASE_OR_TREND_BREAK,25.48,4460.0,3554.25,3411.5,4.704,3537582800.0,ESTIMATED_CLOSE_X_VOLUME,False,WAIT_ENTRY,UNVERIFIED,UNVERIFIED,UNVERIFIED,UNVERIFIED,UNVERIFIED,MISSING,MISSING,MISSING,False
2026-10-08,156100,엘앤케이바이오,UNKNOWN_VERIFY,ordinary-share status not verified,UNKNOWN,90,15,NO_CHASE_OR_TREND_BREAK,23.47,7360.0,5961.0,4656.0,2.332,4372944000.0,ESTIMATED_CLOSE_X_VOLUME,False,WAIT_ENTRY,UNVERIFIED,UNVERIFIED,UNVERIFIED,UNVERIFIED,UNVERIFIED,MISSING,MISSING,MISSING,False
2026-10-08,178920,PI첨단소재,UNKNOWN_VERIFY,ordinary-share status not verified,UNKNOWN,90,15,NO_CHASE_OR_TREND_BREAK,8.34,20650.0,19061.0,18902.67,2.024,1475896800.0,ESTIMATED_CLOSE_X_VOLUME,False,WAIT_ENTRY,UNVERIFIED,UNVERIFIED,UNVERIFIED,UNVERIFIED,UNVERIFIED,MISSING,MISSING,MISSING,False
2026-10-08,200350,아티스트스튜디오,UNKNOWN_VERIFY,ordinary-share status not verified,UNKNOWN,90,15,NO_CHASE_OR_TREND_BREAK,59.24,4675.0,2935.75,2440.95,2.162,2413627700.0,ESTIMATED_CLOSE_X_VOLUME,False,WAIT_ENTRY,UNVERIFIED,UNVERIFIED,UNVERIFIED,UNVERIFIED,UNVERIFIED,MISSING,MISSING,MISSING,False
2026-10-08,200470,에이팩트,UNKNOWN_VERIFY,ordinary-share status not verified,UNKNOWN,90,15,NO_CHASE_OR_TREND_BREAK,36.81,10890.0,7960.0,6310.0,1.785,20868191190.0,ESTIMATED_CLOSE_X_VOLUME,False,WAIT_ENTRY,UNVERIFIED,UNVERIFIED,UNVERIFIED,UNVERIFIED,UNVERIFIED,MISSING,MISSING,MISSING,False
2026-10-08,217190,제너셈,UNKNOWN_VERIFY,ordinary-share status not verified,UNKNOWN,90,15,NO_CHASE_OR_TREND_BREAK,36.78,10200.0,7457.5,6211.58,4.78,13889105400.0,ESTIMATED_CLOSE_X_VOLUME,False,WAIT_ENTRY,UNVERIFIED,UNVERIFIED,UNVERIFIED,UNVERIFIED,UNVERIFIED,MISSING,MISSING,MISSING,False
2026-10-08,229640,LS에코에너지,UNKNOWN_VERIFY,ordinary-share status not verified,UNKNOWN,90,15,NO_CHASE_OR_TREND_BREAK,24.11,72900.0,58740.0,49355.83,1.627,31045339800.0,ESTIMATED_CLOSE_X_VOLUME,False,WAIT_ENTRY,UNVERIFIED,UNVERIFIED,UNVERIFIED,UNVERIFIED,UNVERIFIED,MISSING,MISSING,MISSING,False
2026-10-08,354320,알멕,UNKNOWN_VERIFY,ordinary-share status not verified,UNKNOWN,90,15,NO_CHASE_OR_TREND_BREAK,37.7,56000.0,40667.5,32780.0,1.963,21514080000.0,ESTIMATED_CLOSE_X_VOLUME,False,WAIT_ENTRY,UNVERIFIED,UNVERIFIED,UNVERIFIED,UNVERIFIED,UNVERIFIED,MISSING,MISSING,MISSING,False
2026-10-08,355690,에이텀,UNKNOWN_VERIFY,ordinary-share status not verified,UNKNOWN,90,15,NO_CHASE_OR_TREND_BREAK,23.07,6380.0,5184.0,4690.67,2.805,1673461240.0,ESTIMATED_CLOSE_X_VOLUME,False,WAIT_ENTRY,UNVERIFIED,UNVERIFIED,UNVERIFIED,UNVERIFIED,UNVERIFIED,MISSING,MISSING,MISSING,False
2026-10-08,373220,LG에너지솔루션,UNKNOWN_VERIFY,ordinary-share status not verified,UNKNOWN,90,15,NO_CHASE_OR_TREND_BREAK,10.52,403000.0,364625.0,350983.33,3.234,370492811000.0,ESTIMATED_CLOSE_X_VOLUME,False,WAIT_ENTRY,UNVERIFIED,UNVERIFIED,UNVERIFIED,UNVERIFIED,UNVERIFIED,MISSING,MISSING,MISSING,False
2026-10-08,382800,지앤비에스 에코,UNKNOWN_VERIFY,ordinary-share status not verified,UNKNOWN,90,15,NO_CHASE_OR_TREND_BREAK,28.36,7130.0,5554.75,5033.92,2.516,20519869060.0,ESTIMATED_CLOSE_X_VOLUME,False,WAIT_ENTRY,UNVERIFIED,UNVERIFIED,UNVERIFIED,UNVERIFIED,UNVERIFIED,MISSING,MISSING,MISSING,False
2026-10-08,383930,디티앤씨알오,UNKNOWN_VERIFY,ordinary-share status not verified,UNKNOWN,90,15,NO_CHASE_OR_TREND_BREAK,39.59,2540.0,1819.55,1727.97,2.701,663277820.0,ESTIMATED_CLOSE_X_VOLUME,False,WAIT_ENTRY,UNVERIFIED,UNVERIFIED,UNVERIFIED,UNVERIFIED,UNVERIFIED,MISSING,MISSING,MISSING,False
2026-10-08,393890,더블유씨피,UNKNOWN_VERIFY,ordinary-share status not verified,UNKNOWN,90,15,NO_CHASE_OR_TREND_BREAK,12.05,11420.0,10192.0,8984.0,4.633,12594992380.0,ESTIMATED_CLOSE_X_VOLUME,False,WAIT_ENTRY,UNVERIFIED,UNVERIFIED,UNVERIFIED,UNVERIFIED,UNVERIFIED,MISSING,MISSING,MISSING,False
2026-10-08,417200,LS머트리얼즈,UNKNOWN_VERIFY,ordinary-share status not verified,UNKNOWN,90,15,NO_CHASE_OR_TREND_BREAK,23.3,16430.0,13325.5,12061.33,1.836,43998159880.0,ESTIMATED_CLOSE_X_VOLUME,False,WAIT_ENTRY,UNVERIFIED,UNVERIFIED,UNVERIFIED,UNVERIFIED,UNVERIFIED,MISSING,MISSING,MISSING,False
2026-10-08,417840,저스템,UNKNOWN_VERIFY,ordinary-share status not verified,UNKNOWN,90,15,NO_CHASE_OR_TREND_BREAK,26.8,20850.0,16443.0,13395.5,3.173,69985547850.0,ESTIMATED_CLOSE_X_VOLUME,False,WAIT_ENTRY,UNVERIFIED,UNVERIFIED,UNVERIFIED,UNVERIFIED,UNVERIFIED,MISSING,MISSING,MISSING,False
2026-10-08,000500,가온전선,UNKNOWN_VERIFY,ordinary-share status not verified,UNKNOWN,75,45,EXTENDED_WAIT_PULLBACK,3.35,299500.0,289800.0,216243.33,0.405,39156330500.0,ESTIMATED_CLOSE_X_VOLUME,False,WAIT_ENTRY,UNVERIFIED,UNVERIFIED,UNVERIFIED,UNVERIFIED,UNVERIFIED,MISSING,MISSING,MISSING,False
2026-10-08,028670,팬오션,UNKNOWN_VERIFY,ordinary-share status not verified,UNKNOWN,75,45,EXTENDED_WAIT_PULLBACK,3.16,6090.0,5903.5,5678.5,0.65,11211817890.0,ESTIMATED_CLOSE_X_VOLUME,False,WAIT_ENTRY,UNVERIFIED,UNVERIFIED,UNVERIFIED,UNVERIFIED,UNVERIFIED,MISSING,MISSING,MISSING,False
2026-10-08,036800,나이스정보통신,UNKNOWN_VERIFY,ordinary-share status not verified,UNKNOWN,75,45,EXTENDED_WAIT_PULLBACK,3.43,8150.0,7880.0,6823.67,0.271,302682850.0,ESTIMATED_CLOSE_X_VOLUME,False,WAIT_ENTRY,UNVERIFIED,UNVERIFIED,UNVERIFIED,UNVERIFIED,UNVERIFIED,MISSING,MISSING,MISSING,False
2026-10-08,065060,지엔코,UNKNOWN_VERIFY,ordinary-share status not verified,UNKNOWN,75,45,EXTENDED_WAIT_PULLBACK,2.83,3410.0,3316.25,3311.92,0.239,6946170.0,ESTIMATED_CLOSE_X_VOLUME,False,WAIT_ENTRY,UNVERIFIED,UNVERIFIED,UNVERIFIED,UNVERIFIED,UNVERIFIED,MISSING,MISSING,MISSING,False
2026-10-08,089860,롯데렌탈,UNKNOWN_VERIFY,ordinary-share status not verified,UNKNOWN,75,45,EXTENDED_WAIT_PULLBACK,3.13,51200.0,49645.0,44815.83,0.677,2595737600.0,ESTIMATED_CLOSE_X_VOLUME,False,WAIT_ENTRY,UNVERIFIED,UNVERIFIED,UNVERIFIED,UNVERIFIED,UNVERIFIED,MISSING,MISSING,MISSING,False
2026-10-08,101160,월덱스,UNKNOWN_VERIFY,ordinary-share status not verified,UNKNOWN,75,45,EXTENDED_WAIT_PULLBACK,3.03,32050.0,31107.5,29757.5,0.693,987684850.0,ESTIMATED_CLOSE_X_VOLUME,False,WAIT_ENTRY,UNVERIFIED,UNVERIFIED,UNVERIFIED,UNVERIFIED,UNVERIFIED,MISSING,MISSING,MISSING,False
2026-10-08,143240,사람인,UNKNOWN_VERIFY,ordinary-share status not verified,UNKNOWN,75,45,EXTENDED_WAIT_PULLBACK,2.58,17760.0,17313.5,16901.83,0.988,177227040.0,ESTIMATED_CLOSE_X_VOLUME,False,WAIT_ENTRY,UNVERIFIED,UNVERIFIED,UNVERIFIED,UNVERIFIED,UNVERIFIED,MISSING,MISSING,MISSING,False
2026-10-08,331380,포커스에이아이,UNKNOWN_VERIFY,ordinary-share status not verified,UNKNOWN,75,45,EXTENDED_WAIT_PULLBACK,3.09,2160.0,2095.25,2053.13,0.978,77077440.0,ESTIMATED_CLOSE_X_VOLUME,False,WAIT_ENTRY,UNVERIFIED,UNVERIFIED,UNVERIFIED,UNVERIFIED,UNVERIFIED,MISSING,MISSING,MISSING,False
2026-10-08,003580,HLB글로벌,UNKNOWN_VERIFY,ordinary-share status not verified,UNKNOWN,75,15,NO_CHASE_OR_TREND_BREAK,46.5,2635.0,1798.65,1555.28,7.472,13884579150.0,ESTIMATED_CLOSE_X_VOLUME,False,WAIT_ENTRY,UNVERIFIED,UNVERIFIED,UNVERIFIED,UNVERIFIED,UNVERIFIED,MISSING,MISSING,MISSING,False
2026-10-08,005160,동국산업,UNKNOWN_VERIFY,ordinary-share status not verified,UNKNOWN,75,15,NO_CHASE_OR_TREND_BREAK,38.4,4635.0,3349.0,2763.25,7.106,106802474175.0,ESTIMATED_CLOSE_X_VOLUME,False,WAIT_ENTRY,UNVERIFIED,UNVERIFIED,UNVERIFIED,UNVERIFIED,UNVERIFIED,MISSING,MISSING,MISSING,False
2026-10-08,012630,HDC,UNKNOWN_VERIFY,ordinary-share status not verified,UNKNOWN,75,15,NO_CHASE_OR_TREND_BREAK,-6.03,24050.0,25592.5,22870.67,0.582,1439633000.0,ESTIMATED_CLOSE_X_VOLUME,False,WAIT_ENTRY,UNVERIFIED,UNVERIFIED,UNVERIFIED,UNVERIFIED,UNVERIFIED,MISSING,MISSING,MISSING,False
2026-10-08,045300,성우테크론,UNKNOWN_VERIFY,ordinary-share status not verified,UNKNOWN,75,15,NO_CHASE_OR_TREND_BREAK,16.04,3230.0,2783.5,2595.08,7.011,511577090.0,ESTIMATED_CLOSE_X_VOLUME,False,WAIT_ENTRY,UNVERIFIED,UNVERIFIED,UNVERIFIED,UNVERIFIED,UNVERIFIED,MISSING,MISSING,MISSING,False
2026-10-08,046210,HLB파나진,UNKNOWN_VERIFY,ordinary-share status not verified,UNKNOWN,75,15,NO_CHASE_OR_TREND_BREAK,42.45,1774.0,1245.35,1158.87,14.48,11919906924.0,ESTIMATED_CLOSE_X_VOLUME,False,WAIT_ENTRY,UNVERIFIED,UNVERIFIED,UNVERIFIED,UNVERIFIED,UNVERIFIED,MISSING,MISSING,MISSING,False
2026-10-08,048910,대원미디어,UNKNOWN_VERIFY,ordinary-share status not verified,UNKNOWN,75,15,NO_CHASE_OR_TREND_BREAK,19.3,8200.0,6873.5,5712.42,9.292,4154480800.0,ESTIMATED_CLOSE_X_VOLUME,False,WAIT_ENTRY,UNVERIFIED,UNVERIFIED,UNVERIFIED,UNVERIFIED,UNVERIFIED,MISSING,MISSING,MISSING,False
2026-10-08,067080,대화제약,UNKNOWN_VERIFY,ordinary-share status not verified,UNKNOWN,75,15,NO_CHASE_OR_TREND_BREAK,22.1,13960.0,11433.0,10447.0,13.736,10518050320.0,ESTIMATED_CLOSE_X_VOLUME,False,WAIT_ENTRY,UNVERIFIED,UNVERIFIED,UNVERIFIED,UNVERIFIED,UNVERIFIED,MISSING,MISSING,MISSING,False
2026-10-08,083500,에프엔에스테크,UNKNOWN_VERIFY,ordinary-share status not verified,UNKNOWN,75,15,NO_CHASE_OR_TREND_BREAK,34.48,16880.0,12552.0,12455.5,10.098,11191321840.0,ESTIMATED_CLOSE_X_VOLUME,False,WAIT_ENTRY,UNVERIFIED,UNVERIFIED,UNVERIFIED,UNVERIFIED,UNVERIFIED,MISSING,MISSING,MISSING,False
2026-10-08,084670,동양고속,UNKNOWN_VERIFY,ordinary-share status not verified,UNKNOWN,75,15,NO_CHASE_OR_TREND_BREAK,49.79,37200.0,24835.0,24625.0,103.106,53394573600.0,ESTIMATED_CLOSE_X_VOLUME,False,WAIT_ENTRY,UNVERIFIED,UNVERIFIED,UNVERIFIED,UNVERIFIED,UNVERIFIED,MISSING,MISSING,MISSING,False
2026-10-08,084990,헬릭스미스,UNKNOWN_VERIFY,ordinary-share status not verified,UNKNOWN,75,15,NO_CHASE_OR_TREND_BREAK,31.92,4355.0,3301.25,3247.17,18.156,18366093265.0,ESTIMATED_CLOSE_X_VOLUME,False,WAIT_ENTRY,UNVERIFIED,UNVERIFIED,UNVERIFIED,UNVERIFIED,UNVERIFIED,MISSING,MISSING,MISSING,False
2026-10-08,115450,HLB테라퓨틱스,UNKNOWN_VERIFY,ordinary-share status not verified,UNKNOWN,75,15,NO_CHASE_OR_TREND_BREAK,39.29,3175.0,2279.45,2066.68,12.72,29108269825.0,ESTIMATED_CLOSE_X_VOLUME,False,WAIT_ENTRY,UNVERIFIED,UNVERIFIED,UNVERIFIED,UNVERIFIED,UNVERIFIED,MISSING,MISSING,MISSING,False
2026-10-08,143540,영우디에스피,UNKNOWN_VERIFY,ordinary-share status not verified,UNKNOWN,75,15,NO_CHASE_OR_TREND_BREAK,9.22,1119.0,1024.55,1024.28,18.314,1629982398.0,ESTIMATED_CLOSE_X_VOLUME,False,WAIT_ENTRY,UNVERIFIED,UNVERIFIED,UNVERIFIED,UNVERIFIED,UNVERIFIED,MISSING,MISSING,MISSING,False
2026-10-08,243840,신흥에스이씨,UNKNOWN_VERIFY,ordinary-share status not verified,UNKNOWN,75,15,NO_CHASE_OR_TREND_BREAK,13.55,6520.0,5742.0,5161.75,6.381,6338939600.0,ESTIMATED_CLOSE_X_VOLUME,False,WAIT_ENTRY,UNVERIFIED,UNVERIFIED,UNVERIFIED,UNVERIFIED,UNVERIFIED,MISSING,MISSING,MISSING,False
2026-10-08,278650,HLB바이오스텝,UNKNOWN_VERIFY,ordinary-share status not verified,UNKNOWN,75,15,NO_CHASE_OR_TREND_BREAK,109.44,6310.0,3012.75,2431.35,7.848,35459802200.0,ESTIMATED_CLOSE_X_VOLUME,False,WAIT_ENTRY,UNVERIFIED,UNVERIFIED,UNVERIFIED,UNVERIFIED,UNVERIFIED,MISSING,MISSING,MISSING,False
2026-10-08,419050,삼기에너지솔루션즈,UNKNOWN_VERIFY,ordinary-share status not verified,UNKNOWN,75,15,NO_CHASE_OR_TREND_BREAK,33.59,2305.0,1725.45,1573.65,7.363,57050273605.0,ESTIMATED_CLOSE_X_VOLUME,False,WAIT_ENTRY,UNVERIFIED,UNVERIFIED,UNVERIFIED,UNVERIFIED,UNVERIFIED,MISSING,MISSING,MISSING,False
2026-10-08,005440,현대지에프홀딩스,UNKNOWN_VERIFY,ordinary-share status not verified,UNKNOWN,75,30,BELOW_MA20_WAIT_RECLAIM,-0.58,12850.0,12924.5,12393.67,2.201,9800489400.0,ESTIMATED_CLOSE_X_VOLUME,False,WAIT_DIRECTION,UNVERIFIED,UNVERIFIED,UNVERIFIED,UNVERIFIED,UNVERIFIED,MISSING,MISSING,MISSING,False
2026-10-08,037400,우리엔터프라이즈,UNKNOWN_VERIFY,ordinary-share status not verified,UNKNOWN,75,30,BELOW_MA20_WAIT_RECLAIM,-2.39,3465.0,3549.75,3422.08,1.478,141320025.0,ESTIMATED_CLOSE_X_VOLUME,False,WAIT_DIRECTION,UNVERIFIED,UNVERIFIED,UNVERIFIED,UNVERIFIED,UNVERIFIED,MISSING,MISSING,MISSING,False
2026-10-08,044820,코스맥스비티아이,UNKNOWN_VERIFY,ordinary-share status not verified,UNKNOWN,75,30,MA20_NEAR_SUPPORT_PROXY,0.84,24650.0,24445.0,23159.67,1.026,793212350.0,ESTIMATED_CLOSE_X_VOLUME,False,WAIT_DIRECTION,UNVERIFIED,UNVERIFIED,UNVERIFIED,UNVERIFIED,UNVERIFIED,MISSING,MISSING,MISSING,False
2026-10-08,085620,미래에셋생명,UNKNOWN_VERIFY,ordinary-share status not verified,UNKNOWN,75,30,EXTENDED_WAIT_PULLBACK,3.1,20350.0,19738.5,19415.17,2.023,5385505400.0,ESTIMATED_CLOSE_X_VOLUME,False,WAIT_DIRECTION,UNVERIFIED,UNVERIFIED,UNVERIFIED,UNVERIFIED,UNVERIFIED,MISSING,MISSING,MISSING,False
2026-10-08,376980,원티드랩,UNKNOWN_VERIFY,ordinary-share status not verified,UNKNOWN,75,30,MA20_NEAR_SUPPORT_PROXY,0.68,3145.0,3123.75,3038.75,1.702,30805275.0,ESTIMATED_CLOSE_X_VOLUME,False,WAIT_DIRECTION,UNVERIFIED,UNVERIFIED,UNVERIFIED,UNVERIFIED,UNVERIFIED,MISSING,MISSING,MISSING,False
2026-10-08,033290,로젠,UNKNOWN_VERIFY,ordinary-share status not verified,UNKNOWN,70,30,MA20_NEAR_SUPPORT_PROXY,2.12,1561.0,1528.6,1544.5,3.878,93992493.0,ESTIMATED_CLOSE_X_VOLUME,False,WAIT_DIRECTION,UNVERIFIED,UNVERIFIED,UNVERIFIED,UNVERIFIED,UNVERIFIED,MISSING,MISSING,MISSING,False
2026-10-08,000240,한국앤컴퍼니,UNKNOWN_VERIFY,ordinary-share status not verified,UNKNOWN,70,15,NO_CHASE_OR_TREND_BREAK,5.55,26200.0,24822.5,24844.17,2.02,3328369400.0,ESTIMATED_CLOSE_X_VOLUME,False,WAIT_DIRECTION,UNVERIFIED,UNVERIFIED,UNVERIFIED,UNVERIFIED,UNVERIFIED,MISSING,MISSING,MISSING,False
2026-10-08,002320,한진,UNKNOWN_VERIFY,ordinary-share status not verified,UNKNOWN,70,15,NO_CHASE_OR_TREND_BREAK,14.05,17140.0,15029.0,15046.0,1.787,1099325320.0,ESTIMATED_CLOSE_X_VOLUME,False,WAIT_DIRECTION,UNVERIFIED,UNVERIFIED,UNVERIFIED,UNVERIFIED,UNVERIFIED,MISSING,MISSING,MISSING,False
2026-10-08,215200,메가스터디교육,UNKNOWN_VERIFY,ordinary-share status not verified,UNKNOWN,70,15,NO_CHASE_OR_TREND_BREAK,7.44,38700.0,36020.0,37379.17,1.779,2328849900.0,ESTIMATED_CLOSE_X_VOLUME,False,WAIT_DIRECTION,UNVERIFIED,UNVERIFIED,UNVERIFIED,UNVERIFIED,UNVERIFIED,MISSING,MISSING,MISSING,False
2026-10-08,319660,피에스케이,UNKNOWN_VERIFY,ordinary-share status not verified,UNKNOWN,70,15,NO_CHASE_OR_TREND_BREAK,6.34,145100.0,136455.0,138650.0,1.178,63215717000.0,ESTIMATED_CLOSE_X_VOLUME,False,WAIT_DIRECTION,UNVERIFIED,UNVERIFIED,UNVERIFIED,UNVERIFIED,UNVERIFIED,MISSING,MISSING,MISSING,False
2026-10-08,348030,모비릭스,UNKNOWN_VERIFY,ordinary-share status not verified,UNKNOWN,70,15,NO_CHASE_OR_TREND_BREAK,29.21,3885.0,3006.75,3073.5,2.932,636102705.0,ESTIMATED_CLOSE_X_VOLUME,False,WAIT_DIRECTION,UNVERIFIED,UNVERIFIED,UNVERIFIED,UNVERIFIED,UNVERIFIED,MISSING,MISSING,MISSING,False
2026-10-08,007340,DN오토모티브,UNKNOWN_VERIFY,ordinary-share status not verified,UNKNOWN,60,30,MA20_NEAR_SUPPORT_PROXY,1.22,48450.0,47867.5,45500.0,0.899,5186620950.0,ESTIMATED_CLOSE_X_VOLUME,False,WAIT_DIRECTION,UNVERIFIED,UNVERIFIED,UNVERIFIED,UNVERIFIED,UNVERIFIED,MISSING,MISSING,MISSING,False
2026-10-08,084870,TBH글로벌,UNKNOWN_VERIFY,ordinary-share status not verified,UNKNOWN,60,30,MA20_NEAR_SUPPORT_PROXY,1.61,2255.0,2219.25,2144.78,0.119,8478800.0,ESTIMATED_CLOSE_X_VOLUME,False,WAIT_DIRECTION,UNVERIFIED,UNVERIFIED,UNVERIFIED,UNVERIFIED,UNVERIFIED,MISSING,MISSING,MISSING,False
2026-10-08,088790,진도,UNKNOWN_VERIFY,ordinary-share status not verified,UNKNOWN,60,30,BELOW_MA20_WAIT_RECLAIM,-1.58,2350.0,2387.75,2331.17,0.285,29309200.0,ESTIMATED_CLOSE_X_VOLUME,False,WAIT_DIRECTION,UNVERIFIED,UNVERIFIED,UNVERIFIED,UNVERIFIED,UNVERIFIED,MISSING,MISSING,MISSING,False
2026-10-08,236200,슈프리마,UNKNOWN_VERIFY,ordinary-share status not verified,UNKNOWN,60,30,MA20_NEAR_SUPPORT_PROXY,2.21,54600.0,53420.0,53306.67,0.697,1038874200.0,ESTIMATED_CLOSE_X_VOLUME,False,WAIT_DIRECTION,UNVERIFIED,UNVERIFIED,UNVERIFIED,UNVERIFIED,UNVERIFIED,MISSING,MISSING,MISSING,False
2026-10-08,318160,셀바이오휴먼텍,UNKNOWN_VERIFY,ordinary-share status not verified,UNKNOWN,60,30,BELOW_MA20_WAIT_RECLAIM,-2.2,6790.0,6943.0,6548.83,0.306,94177300.0,ESTIMATED_CLOSE_X_VOLUME,False,WAIT_DIRECTION,UNVERIFIED,UNVERIFIED,UNVERIFIED,UNVERIFIED,UNVERIFIED,MISSING,MISSING,MISSING,False
2026-10-08,457550,우진엔텍,UNKNOWN_VERIFY,ordinary-share status not verified,UNKNOWN,60,30,BELOW_MA20_WAIT_RECLAIM,-0.78,14130.0,14241.0,14129.17,0.0,0.0,ESTIMATED_CLOSE_X_VOLUME,False,WAIT_DIRECTION,UNVERIFIED,UNVERIFIED,UNVERIFIED,UNVERIFIED,UNVERIFIED,MISSING,MISSING,MISSING,False
2026-10-08,031430,신세계인터내셔날,UNKNOWN_VERIFY,ordinary-share status not verified,UNKNOWN,55,30,EXTENDED_WAIT_PULLBACK,4.73,11030.0,10532.0,10807.0,3.09,1759406330.0,ESTIMATED_CLOSE_X_VOLUME,False,WAIT_DIRECTION,UNVERIFIED,UNVERIFIED,UNVERIFIED,UNVERIFIED,UNVERIFIED,MISSING,MISSING,MISSING,False
2026-10-08,000650,천일고속,UNKNOWN_VERIFY,ordinary-share status not verified,UNKNOWN,55,15,NO_CHASE_OR_TREND_BREAK,49.15,221000.0,148175.0,149478.33,108.98,54136160000.0,ESTIMATED_CLOSE_X_VOLUME,False,WAIT_DIRECTION,UNVERIFIED,UNVERIFIED,UNVERIFIED,UNVERIFIED,UNVERIFIED,MISSING,MISSING,MISSING,False
2026-10-08,001780,알루코,UNKNOWN_VERIFY,ordinary-share status not verified,UNKNOWN,55,15,NO_CHASE_OR_TREND_BREAK,11.95,1790.0,1598.9,1645.0,39.742,17881448440.0,ESTIMATED_CLOSE_X_VOLUME,False,WAIT_DIRECTION,UNVERIFIED,UNVERIFIED,UNVERIFIED,UNVERIFIED,UNVERIFIED,MISSING,MISSING,MISSING,False
2026-10-08,187870,디바이스,UNKNOWN_VERIFY,ordinary-share status not verified,UNKNOWN,55,15,NO_CHASE_OR_TREND_BREAK,39.01,15930.0,11460.0,11617.67,6.608,10283611500.0,ESTIMATED_CLOSE_X_VOLUME,False,WAIT_DIRECTION,UNVERIFIED,UNVERIFIED,UNVERIFIED,UNVERIFIED,UNVERIFIED,MISSING,MISSING,MISSING,False
2026-10-08,376300,디어유,UNKNOWN_VERIFY,ordinary-share status not verified,UNKNOWN,55,15,NO_CHASE_OR_TREND_BREAK,8.57,19480.0,17942.5,18990.67,1.785,2307776120.0,ESTIMATED_CLOSE_X_VOLUME,False,WAIT_DIRECTION,UNVERIFIED,UNVERIFIED,UNVERIFIED,UNVERIFIED,UNVERIFIED,MISSING,MISSING,MISSING,False
2026-10-08,024740,한일단조,UNKNOWN_VERIFY,ordinary-share status not verified,UNKNOWN,45,15,NO_CHASE_OR_TREND_BREAK,-4.16,2155.0,2248.5,2148.43,0.35,149582860.0,ESTIMATED_CLOSE_X_VOLUME,False,WAIT_DIRECTION,UNVERIFIED,UNVERIFIED,UNVERIFIED,UNVERIFIED,UNVERIFIED,MISSING,MISSING,MISSING,False
2026-10-08,004540,깨끗한나라,UNKNOWN_VERIFY,ordinary-share status not verified,UNKNOWN,40,30,MA20_NEAR_SUPPORT_PROXY,0.56,1244.0,1237.1,1243.6,0.923,29943080.0,ESTIMATED_CLOSE_X_VOLUME,False,WAIT_DIRECTION,UNVERIFIED,UNVERIFIED,UNVERIFIED,UNVERIFIED,UNVERIFIED,MISSING,MISSING,MISSING,False
2026-10-08,471820,셀로맥스사이언스,UNKNOWN_VERIFY,ordinary-share status not verified,UNKNOWN,40,30,EXTENDED_WAIT_PULLBACK,3.33,4195.0,4060.0,4083.42,0.521,10567205.0,ESTIMATED_CLOSE_X_VOLUME,False,WAIT_DIRECTION,UNVERIFIED,UNVERIFIED,UNVERIFIED,UNVERIFIED,UNVERIFIED,MISSING,MISSING,MISSING,False
2026-10-08,011300,우성머티리얼스,UNKNOWN_VERIFY,ordinary-share status not verified,UNKNOWN,40,15,NO_CHASE_OR_TREND_BREAK,8.52,2855.0,2630.75,2833.75,0.643,208434985.0,ESTIMATED_CLOSE_X_VOLUME,False,WAIT_DIRECTION,UNVERIFIED,UNVERIFIED,UNVERIFIED,UNVERIFIED,UNVERIFIED,MISSING,MISSING,MISSING,False
2026-10-08,089970,브이엠,UNKNOWN_VERIFY,ordinary-share status not verified,UNKNOWN,40,15,NO_CHASE_OR_TREND_BREAK,15.51,66800.0,57832.5,66092.5,0.793,36757768800.0,ESTIMATED_CLOSE_X_VOLUME,False,WAIT_DIRECTION,UNVERIFIED,UNVERIFIED,UNVERIFIED,UNVERIFIED,UNVERIFIED,MISSING,MISSING,MISSING,False
2026-10-08,472230,에스케이증권제11호스팩,EXCLUDE_SPECIAL_NAME,name indicates SPAC/preferred/fund/other special instrument,NON_COMMON_OR_SPECIAL,90,85,MA20_NEAR_SUPPORT_PROXY,0.11,2105.0,2102.75,2093.23,3.214,348364870.0,ESTIMATED_CLOSE_X_VOLUME,False,EXCLUDE,UNVERIFIED,UNVERIFIED,UNVERIFIED,UNVERIFIED,UNVERIFIED,MISSING,MISSING,MISSING,False
2026-10-08,473050,유안타제15호스팩,EXCLUDE_SPECIAL_NAME,name indicates SPAC/preferred/fund/other special instrument,NON_COMMON_OR_SPECIAL,90,85,MA20_NEAR_SUPPORT_PROXY,0.08,2105.0,2103.25,2094.6,2.993,782121170.0,ESTIMATED_CLOSE_X_VOLUME,False,EXCLUDE,UNVERIFIED,UNVERIFIED,UNVERIFIED,UNVERIFIED,UNVERIFIED,MISSING,MISSING,MISSING,False
2026-10-08,474660,신한제12호스팩,EXCLUDE_SPECIAL_NAME,name indicates SPAC/preferred/fund/other special instrument,NON_COMMON_OR_SPECIAL,90,85,MA20_NEAR_SUPPORT_PROXY,0.25,2095.0,2089.85,2077.4,3.573,197139500.0,ESTIMATED_CLOSE_X_VOLUME,False,EXCLUDE,UNVERIFIED,UNVERIFIED,UNVERIFIED,UNVERIFIED,UNVERIFIED,MISSING,MISSING,MISSING,False
2026-10-08,417310,코람코더원리츠,EXCLUDE_SPECIAL_NAME,name indicates SPAC/preferred/fund/other special instrument,NON_COMMON_OR_SPECIAL,75,85,MA20_NEAR_SUPPORT_PROXY,0.24,2385.0,2379.25,2294.77,0.348,91288260.0,ESTIMATED_CLOSE_X_VOLUME,False,EXCLUDE,UNVERIFIED,UNVERIFIED,UNVERIFIED,UNVERIFIED,UNVERIFIED,MISSING,MISSING,MISSING,False
2026-10-08,473000,에스케이증권제12호스팩,EXCLUDE_SPECIAL_NAME,name indicates SPAC/preferred/fund/other special instrument,NON_COMMON_OR_SPECIAL,75,85,MA20_NEAR_SUPPORT_PROXY,0.05,2082.0,2080.95,2068.65,0.01,162396.0,ESTIMATED_CLOSE_X_VOLUME,False,EXCLUDE,UNVERIFIED,UNVERIFIED,UNVERIFIED,UNVERIFIED,UNVERIFIED,MISSING,MISSING,MISSING,False
2026-10-08,473950,에스케이증권제13호스팩,EXCLUDE_SPECIAL_NAME,name indicates SPAC/preferred/fund/other special instrument,NON_COMMON_OR_SPECIAL,75,85,MA20_NEAR_SUPPORT_PROXY,0.4,2062.0,2053.85,2044.32,0.201,3835320.0,ESTIMATED_CLOSE_X_VOLUME,False,EXCLUDE,UNVERIFIED,UNVERIFIED,UNVERIFIED,UNVERIFIED,UNVERIFIED,MISSING,MISSING,MISSING,False
2026-10-08,474490,유안타제16호스팩,EXCLUDE_SPECIAL_NAME,name indicates SPAC/preferred/fund/other special instrument,NON_COMMON_OR_SPECIAL,75,85,MA20_NEAR_SUPPORT_PROXY,0.35,2090.0,2082.75,2069.57,0.506,12481480.0,ESTIMATED_CLOSE_X_VOLUME,False,EXCLUDE,UNVERIFIED,UNVERIFIED,UNVERIFIED,UNVERIFIED,UNVERIFIED,MISSING,MISSING,MISSING,False
2026-10-08,475240,하나32호스팩,EXCLUDE_SPECIAL_NAME,name indicates SPAC/preferred/fund/other special instrument,NON_COMMON_OR_SPECIAL,75,85,MA20_NEAR_SUPPORT_PROXY,0.04,2095.0,2094.25,2089.5,0.307,10868860.0,ESTIMATED_CLOSE_X_VOLUME,False,EXCLUDE,UNVERIFIED,UNVERIFIED,UNVERIFIED,UNVERIFIED,UNVERIFIED,MISSING,MISSING,MISSING,False
2026-10-08,478110,이베스트스팩6호,EXCLUDE_SPECIAL_NAME,name indicates SPAC/preferred/fund/other special instrument,NON_COMMON_OR_SPECIAL,75,85,MA20_NEAR_SUPPORT_PROXY,0.69,2070.0,2055.85,2046.62,0.182,4044780.0,ESTIMATED_CLOSE_X_VOLUME,False,EXCLUDE,UNVERIFIED,UNVERIFIED,UNVERIFIED,UNVERIFIED,UNVERIFIED,MISSING,MISSING,MISSING,False
2026-10-08,478440,미래에셋비전스팩6호,EXCLUDE_SPECIAL_NAME,name indicates SPAC/preferred/fund/other special instrument,NON_COMMON_OR_SPECIAL,75,85,MA20_NEAR_SUPPORT_PROXY,0.06,2070.0,2068.85,2056.82,0.647,15862410.0,ESTIMATED_CLOSE_X_VOLUME,False,EXCLUDE,UNVERIFIED,UNVERIFIED,UNVERIFIED,UNVERIFIED,UNVERIFIED,MISSING,MISSING,MISSING,False
2026-10-08,482520,교보16호스팩,EXCLUDE_SPECIAL_NAME,name indicates SPAC/preferred/fund/other special instrument,NON_COMMON_OR_SPECIAL,75,85,MA20_NEAR_SUPPORT_PROXY,0.08,2065.0,2063.25,2048.87,0.0,0.0,ESTIMATED_CLOSE_X_VOLUME,False,EXCLUDE,UNVERIFIED,UNVERIFIED,UNVERIFIED,UNVERIFIED,UNVERIFIED,MISSING,MISSING,MISSING,False
2026-10-08,493790,유안타제17호스팩,EXCLUDE_SPECIAL_NAME,name indicates SPAC/preferred/fund/other special instrument,NON_COMMON_OR_SPECIAL,75,85,MA20_NEAR_SUPPORT_PROXY,0.08,2022.0,2020.35,2016.43,0.596,11579994.0,ESTIMATED_CLOSE_X_VOLUME,False,EXCLUDE,UNVERIFIED,UNVERIFIED,UNVERIFIED,UNVERIFIED,UNVERIFIED,MISSING,MISSING,MISSING,False
2026-10-08,006125,SK디스커버리우,EXCLUDE_SPECIAL_NAME,name indicates SPAC/preferred/fund/other special instrument,NON_COMMON_OR_SPECIAL,75,45,EXTENDED_WAIT_PULLBACK,2.78,43800.0,42615.0,40074.17,0.597,55582200.0,ESTIMATED_CLOSE_X_VOLUME,False,EXCLUDE,UNVERIFIED,UNVERIFIED,UNVERIFIED,UNVERIFIED,UNVERIFIED,MISSING,MISSING,MISSING,False
2026-10-08,004835,덕성우,EXCLUDE_SPECIAL_NAME,name indicates SPAC/preferred/fund/other special instrument,NON_COMMON_OR_SPECIAL,75,15,NO_CHASE_OR_TREND_BREAK,20.0,5370.0,4475.0,4246.25,5.89,321663000.0,ESTIMATED_CLOSE_X_VOLUME,False,EXCLUDE,UNVERIFIED,UNVERIFIED,UNVERIFIED,UNVERIFIED,UNVERIFIED,MISSING,MISSING,MISSING,False
