split,hold,rule,signals,tickers,signal_dates,mean_net_pct,median_net_pct,win_rate_pct,p10_net_pct,baseline_mean_net_pct,difference_vs_baseline_pp,retained_pct
development_2023_2024,17,breakout_rising_no_heat60_no_dist15,194,56,150,3.562829650914274,-1.41135126047655,42.78350515463917,-10.51971638354059,-1.636120395180754,5.198950046095028,15.92775041050903
development_2023_2024,16,breakout_rising_no_heat60_no_dist15,194,56,150,3.411332228835589,-1.490122092283745,41.23711340206185,-10.595846266169309,-1.361881811132513,4.773214039968102,15.92775041050903
development_2023_2024,18,breakout_rising_no_heat60_no_dist15,194,56,150,2.7448445229768748,-1.27390993703173,45.36082474226804,-10.131225075101002,-1.8535953300736339,4.598439853050508,15.92775041050903
development_2023_2024,17,breakout_rising_heat20_10to25,144,56,125,2.8554869432796726,-2.779352814301995,38.88888888888889,-13.683817437323178,-1.636120395180754,4.491607338460426,11.822660098522167
development_2023_2024,15,breakout_rising_no_heat60_no_dist15,194,56,150,3.054113821586861,-1.6769250375245452,41.75257731958763,-11.153866209257378,-1.1323561743122803,4.186469995899142,15.92775041050903
development_2023_2024,16,breakout_rising_heat20_10to25,144,56,125,2.7608866935341347,-2.6186726082921252,38.88888888888889,-13.710286160449032,-1.361881811132513,4.122768504666648,11.822660098522167
development_2023_2024,19,breakout_rising_no_heat60_no_dist15,194,56,150,2.062421817487214,-1.4413038698128802,46.90721649484536,-10.571081161914401,-1.9872738559682468,4.049695673455461,15.92775041050903
development_2023_2024,20,breakout_rising_no_heat60_no_dist15,194,56,150,1.7423570418272378,-1.533339931102295,45.36082474226804,-11.426947891816894,-2.1879628373666637,3.9303198791939016,15.92775041050903
development_2023_2024,16,breakout_rising_no_heat60,293,73,209,2.4300936475312676,-1.92864298323756,40.27303754266212,-13.904896989439614,-1.361881811132513,3.7919754586637806,24.055829228243024
development_2023_2024,17,breakout_rising_no_heat60,293,73,209,2.0525903510697887,-1.7306576021135798,42.32081911262799,-14.186234683819038,-1.636120395180754,3.6887107462505426,24.055829228243024
development_2023_2024,14,breakout_rising_no_heat60,293,73,209,2.561935605765805,-1.7126279085309,40.955631399317404,-12.298021032578106,-1.0706565137440414,3.6325921195098463,24.055829228243024
development_2023_2024,15,breakout_rising_no_heat60,293,73,209,2.48864756423138,-2.48809712260877,41.29692832764505,-12.915500971787425,-1.1323561743122803,3.6210037385436604,24.055829228243024
development_2023_2024,18,breakout_rising_heat20_10to25,144,56,125,1.5896613295665922,-1.91965967053335,41.66666666666667,-13.68374689082599,-1.8535953300736339,3.443256659640226,11.822660098522167
development_2023_2024,18,breakout_rising_no_heat60,293,73,209,1.4486979189838456,-1.6591022557073403,43.68600682593857,-13.972899639373246,-1.8535953300736339,3.3022932490574792,24.055829228243024
development_2023_2024,15,breakout_rising_heat20_10to25,144,56,125,2.031085869171462,-3.8430905666287805,37.5,-12.88743003805855,-1.1323561743122803,3.1634420434837422,11.822660098522167
development_2023_2024,20,breakout_rising_no_heat60,293,73,209,0.7689934257349195,-2.24900080047527,42.32081911262799,-14.921172304792215,-2.1879628373666637,2.956956263101583,24.055829228243024
development_2023_2024,19,breakout_rising_no_heat60,293,73,209,0.9466622862973659,-1.93398426949739,45.73378839590443,-13.723347327736061,-1.9872738559682468,2.9339361422656127,24.055829228243024
development_2023_2024,14,breakout_rising_no_heat60_no_dist15,194,56,150,1.5416036147251833,-1.519230693802165,40.72164948453608,-10.17691494654388,-1.0706565137440414,2.6122601284692246,15.92775041050903
development_2023_2024,19,breakout_rising_heat20_10to25,144,56,125,0.38407456539834445,-2.571151918900715,40.97222222222222,-13.834332508379262,-1.9872738559682468,2.371348421366591,11.822660098522167
development_2023_2024,13,breakout_rising_no_heat60,293,73,209,1.2258485642331167,-1.83340374054301,39.59044368600683,-12.036663154706643,-1.1371390516973976,2.362987615930514,24.055829228243024
development_2023_2024,12,breakout_rising_no_heat60,293,73,209,1.2158182953342183,-1.80902000519281,39.59044368600683,-11.714190525694965,-1.0143215524286264,2.2301398477628447,24.055829228243024
development_2023_2024,20,breakout_rising_heat20_10to25,144,56,125,-0.3168325458630084,-3.07220860376456,40.27777777777778,-15.484804111254682,-2.1879628373666637,1.8711302915036554,11.822660098522167
development_2023_2024,11,breakout_rising_no_heat60,293,73,209,0.6866529491931705,-1.65733889438215,41.63822525597269,-12.168301263314119,-1.0217784986209677,1.7084314478141382,24.055829228243024
development_2023_2024,11,breakout_rising_no_heat60_no_dist15,194,56,150,0.6455683978503193,-0.9702429815453051,43.81443298969072,-9.07573164085054,-1.0217784986209677,1.667346896471287,15.92775041050903
development_2023_2024,13,breakout_rising_no_heat60_no_dist15,194,56,150,0.5118164274053616,-1.27339127637269,41.23711340206185,-10.62259997704002,-1.1371390516973976,1.6489554791027592,15.92775041050903
development_2023_2024,14,breakout_rising_heat20_10to25,144,56,125,0.4987078348353529,-3.5771154181747296,36.11111111111111,-12.295802581601288,-1.0706565137440414,1.5693643485793942,11.822660098522167
development_2023_2024,12,breakout_rising_no_heat60_no_dist15,194,56,150,0.49999719435347284,-1.509899876439855,42.2680412371134,-9.793551556797455,-1.0143215524286264,1.5143187467820993,15.92775041050903
development_2023_2024,10,breakout_rising_no_heat60,293,73,209,0.6326417024344779,-1.39036521803728,41.29692832764505,-11.032930345792924,-0.8035813411728379,1.4362230436073158,24.055829228243024
development_2023_2024,14,breakout_only,414,84,262,0.34728376058530813,-3.274394118664255,37.68115942028986,-16.805859122168208,-1.0706565137440414,1.4179402743293494,33.99014778325123
development_2023_2024,15,breakout_only,414,84,262,0.24331316588420032,-3.2273057632556195,38.88888888888889,-18.772240063617666,-1.1323561743122803,1.3756693401964806,33.99014778325123
