snapshot_date,ticker,name,close,ma20,ma60,rvol20,distance_ma20_pct,direction_score,entry_geometry_score,setup_proxy,decision,ideal_buy,max_buy,no_chase,structural_stop,risk_reward,sector_flow,foreign_institution_flow,intraday_confirmation,turnover_source,notes
2026-10-08,003490,대한항공,30500,30345.0,27886.67,1.11,0.51,100,85,MA20_NEAR_SUPPORT_PROXY,WATCH_VERIFY,UNVERIFIED,UNVERIFIED,UNVERIFIED,UNVERIFIED,UNVERIFIED,MISSING,MISSING,MISSING,ESTIMATED_CLOSE_X_VOLUME,"Research proxy only; no verified support, executable prices, or real-time signal"
2026-10-08,474660,신한제12호스팩,2095,2089.85,2077.4,3.57,0.25,90,85,MA20_NEAR_SUPPORT_PROXY,WATCH_VERIFY,UNVERIFIED,UNVERIFIED,UNVERIFIED,UNVERIFIED,UNVERIFIED,MISSING,MISSING,MISSING,ESTIMATED_CLOSE_X_VOLUME,"Research proxy only; no verified support, executable prices, or real-time signal"
2026-10-08,472230,에스케이증권제11호스팩,2105,2102.75,2093.23,3.21,0.11,90,85,MA20_NEAR_SUPPORT_PROXY,WATCH_VERIFY,UNVERIFIED,UNVERIFIED,UNVERIFIED,UNVERIFIED,UNVERIFIED,MISSING,MISSING,MISSING,ESTIMATED_CLOSE_X_VOLUME,"Research proxy only; no verified support, executable prices, or real-time signal"
2026-10-08,473050,유안타제15호스팩,2105,2103.25,2094.6,2.99,0.08,90,85,MA20_NEAR_SUPPORT_PROXY,WATCH_VERIFY,UNVERIFIED,UNVERIFIED,UNVERIFIED,UNVERIFIED,UNVERIFIED,MISSING,MISSING,MISSING,ESTIMATED_CLOSE_X_VOLUME,"Research proxy only; no verified support, executable prices, or real-time signal"
2026-10-08,003120,일성아이에스,22300,21835.0,20896.67,2.89,2.13,90,85,MA20_NEAR_SUPPORT_PROXY,WATCH_VERIFY,UNVERIFIED,UNVERIFIED,UNVERIFIED,UNVERIFIED,UNVERIFIED,MISSING,MISSING,MISSING,ESTIMATED_CLOSE_X_VOLUME,"Research proxy only; no verified support, executable prices, or real-time signal"
2026-10-08,192400,쿠쿠홀딩스,27350,27215.0,26864.17,2.42,0.5,90,85,MA20_NEAR_SUPPORT_PROXY,WATCH_VERIFY,UNVERIFIED,UNVERIFIED,UNVERIFIED,UNVERIFIED,UNVERIFIED,MISSING,MISSING,MISSING,ESTIMATED_CLOSE_X_VOLUME,"Research proxy only; no verified support, executable prices, or real-time signal"
2026-10-08,066620,국보디자인,25200,25152.5,24672.5,1.91,0.19,90,85,MA20_NEAR_SUPPORT_PROXY,WATCH_VERIFY,UNVERIFIED,UNVERIFIED,UNVERIFIED,UNVERIFIED,UNVERIFIED,MISSING,MISSING,MISSING,ESTIMATED_CLOSE_X_VOLUME,"Research proxy only; no verified support, executable prices, or real-time signal"
2026-10-08,049430,코메론,22900,22615.0,20957.33,1.77,1.26,90,85,MA20_NEAR_SUPPORT_PROXY,WATCH_VERIFY,UNVERIFIED,UNVERIFIED,UNVERIFIED,UNVERIFIED,UNVERIFIED,MISSING,MISSING,MISSING,ESTIMATED_CLOSE_X_VOLUME,"Research proxy only; no verified support, executable prices, or real-time signal"
2026-10-08,000700,유수홀딩스,6640,6586.5,6381.5,1.49,0.81,90,85,MA20_NEAR_SUPPORT_PROXY,WATCH_VERIFY,UNVERIFIED,UNVERIFIED,UNVERIFIED,UNVERIFIED,UNVERIFIED,MISSING,MISSING,MISSING,ESTIMATED_CLOSE_X_VOLUME,"Research proxy only; no verified support, executable prices, or real-time signal"
2026-10-08,020560,아시아나항공,8200,8084.0,7484.0,1.34,1.43,90,85,MA20_NEAR_SUPPORT_PROXY,WATCH_VERIFY,UNVERIFIED,UNVERIFIED,UNVERIFIED,UNVERIFIED,UNVERIFIED,MISSING,MISSING,MISSING,ESTIMATED_CLOSE_X_VOLUME,"Research proxy only; no verified support, executable prices, or real-time signal"
2026-10-08,071320,지역난방공사,77100,76925.0,72105.0,1.18,0.23,90,85,MA20_NEAR_SUPPORT_PROXY,WATCH_VERIFY,UNVERIFIED,UNVERIFIED,UNVERIFIED,UNVERIFIED,UNVERIFIED,MISSING,MISSING,MISSING,ESTIMATED_CLOSE_X_VOLUME,"Research proxy only; no verified support, executable prices, or real-time signal"
2026-10-08,004080,신흥,14620,14355.5,14143.33,1.11,1.84,90,85,MA20_NEAR_SUPPORT_PROXY,WATCH_VERIFY,UNVERIFIED,UNVERIFIED,UNVERIFIED,UNVERIFIED,UNVERIFIED,MISSING,MISSING,MISSING,ESTIMATED_CLOSE_X_VOLUME,"Research proxy only; no verified support, executable prices, or real-time signal"
2026-10-08,066670,디티씨,3310,3251.0,2967.17,1.09,1.81,90,85,MA20_NEAR_SUPPORT_PROXY,WATCH_VERIFY,UNVERIFIED,UNVERIFIED,UNVERIFIED,UNVERIFIED,UNVERIFIED,MISSING,MISSING,MISSING,ESTIMATED_CLOSE_X_VOLUME,"Research proxy only; no verified support, executable prices, or real-time signal"
2026-10-08,012750,에스원,83900,83065.0,78185.0,0.87,1.01,85,85,MA20_NEAR_SUPPORT_PROXY,WATCH_VERIFY,UNVERIFIED,UNVERIFIED,UNVERIFIED,UNVERIFIED,UNVERIFIED,MISSING,MISSING,MISSING,ESTIMATED_CLOSE_X_VOLUME,"Research proxy only; no verified support, executable prices, or real-time signal"
2026-10-08,489460,바이오비쥬,11740,11475.0,10464.67,1.0,2.31,75,85,MA20_NEAR_SUPPORT_PROXY,WATCH_VERIFY,UNVERIFIED,UNVERIFIED,UNVERIFIED,UNVERIFIED,UNVERIFIED,MISSING,MISSING,MISSING,ESTIMATED_CLOSE_X_VOLUME,"Research proxy only; no verified support, executable prices, or real-time signal"
2026-10-08,131090,시큐브,4340,4291.25,4066.58,0.95,1.14,75,85,MA20_NEAR_SUPPORT_PROXY,WATCH_VERIFY,UNVERIFIED,UNVERIFIED,UNVERIFIED,UNVERIFIED,UNVERIFIED,MISSING,MISSING,MISSING,ESTIMATED_CLOSE_X_VOLUME,"Research proxy only; no verified support, executable prices, or real-time signal"
2026-10-08,453340,현대그린푸드,19110,18960.0,18650.83,0.85,0.79,75,85,MA20_NEAR_SUPPORT_PROXY,WATCH_VERIFY,UNVERIFIED,UNVERIFIED,UNVERIFIED,UNVERIFIED,UNVERIFIED,MISSING,MISSING,MISSING,ESTIMATED_CLOSE_X_VOLUME,"Research proxy only; no verified support, executable prices, or real-time signal"
2026-10-08,197140,디지캡,2395,2383.25,2257.0,0.85,0.49,75,85,MA20_NEAR_SUPPORT_PROXY,WATCH_VERIFY,UNVERIFIED,UNVERIFIED,UNVERIFIED,UNVERIFIED,UNVERIFIED,MISSING,MISSING,MISSING,ESTIMATED_CLOSE_X_VOLUME,"Research proxy only; no verified support, executable prices, or real-time signal"
2026-10-08,415380,스튜디오삼익,2195,2147.75,2009.58,0.83,2.2,75,85,MA20_NEAR_SUPPORT_PROXY,WATCH_VERIFY,UNVERIFIED,UNVERIFIED,UNVERIFIED,UNVERIFIED,UNVERIFIED,MISSING,MISSING,MISSING,ESTIMATED_CLOSE_X_VOLUME,"Research proxy only; no verified support, executable prices, or real-time signal"
2026-10-08,192390,윈하이텍,1894,1851.7,1825.23,0.82,2.28,75,85,MA20_NEAR_SUPPORT_PROXY,WATCH_VERIFY,UNVERIFIED,UNVERIFIED,UNVERIFIED,UNVERIFIED,UNVERIFIED,MISSING,MISSING,MISSING,ESTIMATED_CLOSE_X_VOLUME,"Research proxy only; no verified support, executable prices, or real-time signal"
