hold,year,scenario,period_return,daily_mdd,period_end_equity,completed_trades_including_post_period,completed_trades_within_period,delayed_exit_count,accounting_delta,accounting_ok,open_position_at_period_end,trades,win_rate,mean_net_return,median_net_return,profit_factor,mean_holding_calendar_days
1,2023,open,0.004986618333332915,-0.4514255156269432,301495.9854999999,113,112,1,-5.820766091346741e-11,True,False,112,0.4107142857142857,0.0024494602255764144,-0.004833371037963843,1.0024069053115874,1.5089285714285714
1,2023,close,0.04304471999999904,-0.4531732725744123,312913.41599999974,113,112,1,0.0,True,False,112,0.4107142857142857,0.003091413479636141,-0.004833371037963849,1.0201722809761655,1.5089285714285714
1,2023,low,-0.14843775166666684,-0.4470432641344305,255468.67449999996,113,112,1,-5.820766091346741e-11,True,False,112,0.4107142857142857,0.00024149643825676796,-0.00483337103796381,0.9206949552620575,1.5089285714285714
1,2024,open,3.2909406216666692,-0.3232991973123973,1287282.1865000008,115,114,0,0.0,True,False,114,0.45614035087719296,0.017047987576687816,-0.0023539337069042625,1.9082301327377595,1.4210526315789473
1,2024,close,3.2909406216666692,-0.3232991973123973,1287282.1865000008,115,114,0,0.0,True,False,114,0.45614035087719296,0.017047987576687816,-0.0023539337069042625,1.9082301327377595,1.4210526315789473
1,2024,low,3.2909406216666692,-0.3232991973123973,1287282.1865000008,115,114,0,0.0,True,False,114,0.45614035087719296,0.017047987576687816,-0.0023539337069042625,1.9082301327377595,1.4210526315789473
1,2025,open,0.6214370583333342,-0.3171404758153137,486431.1175000002,117,117,0,0.0,True,False,117,0.42735042735042733,0.005756968489614499,-0.005094463567806084,1.258760581359131,1.5726495726495726
1,2025,close,0.6214370583333342,-0.3171404758153137,486431.1175000002,117,117,0,0.0,True,False,117,0.42735042735042733,0.005756968489614499,-0.005094463567806084,1.258760581359131,1.5726495726495726
1,2025,low,0.6214370583333342,-0.3171404758153137,486431.1175000002,117,117,0,0.0,True,False,117,0.42735042735042733,0.005756968489614499,-0.005094463567806084,1.258760581359131,1.5726495726495726
2,2023,open,-0.2657602433333329,-0.6476820224649265,220271.9270000001,77,76,0,2.9103830456733704e-11,True,False,76,0.5,-0.0018359311639903012,-0.0032780509945454267,0.8459183773895016,3.026315789473684
2,2023,close,-0.2657602433333329,-0.6476820224649265,220271.9270000001,77,76,0,2.9103830456733704e-11,True,False,76,0.5,-0.0018359311639903012,-0.0032780509945454267,0.8459183773895016,3.026315789473684
2,2023,low,-0.2657602433333329,-0.6476820224649265,220271.9270000001,77,76,0,2.9103830456733704e-11,True,False,76,0.5,-0.0018359311639903012,-0.0032780509945454267,0.8459183773895016,3.026315789473684
2,2024,open,-0.37450008833333426,-0.5786095521175351,187649.97349999973,78,77,1,-5.820766091346741e-11,True,True,77,0.35064935064935066,-0.004265515339962031,-0.010754296570708076,0.7482794949550841,2.9220779220779223
2,2024,close,-0.4053299216666676,-0.5786095521175351,178401.02349999972,78,77,1,-5.820766091346741e-11,True,True,77,0.35064935064935066,-0.004943890139387602,-0.010754296570708076,0.7232003980401226,2.9220779220779223
2,2024,low,-0.4657248216666674,-0.5786095521175351,160282.55349999978,78,77,1,-5.820766091346741e-11,True,True,77,0.33766233766233766,-0.006271145181741973,-0.011398559805116634,0.6858190202154544,2.9220779220779223
2,2025,open,0.6462807566666666,-0.5242219282840315,493884.227,78,78,0,0.0,True,False,78,0.5,0.009541804807823137,0.0019430639711398,1.362896562913654,2.9743589743589745
2,2025,close,0.6462807566666666,-0.5242219282840315,493884.227,78,78,0,0.0,True,False,78,0.5,0.009541804807823137,0.0019430639711398,1.362896562913654,2.9743589743589745
2,2025,low,0.6462807566666666,-0.5242219282840315,493884.227,78,78,0,0.0,True,False,78,0.5,0.009541804807823137,0.0019430639711398,1.362896562913654,2.9743589743589745
3,2023,open,-0.6910424549999998,-0.7424346403462907,92687.26350000006,58,57,0,4.3655745685100555e-11,True,True,57,0.3157894736842105,-0.016497130500984437,-0.017471071070345588,0.5570395029252814,4.315789473684211
3,2023,close,-0.6910424549999998,-0.7424346403462907,92687.26350000006,58,57,0,4.3655745685100555e-11,True,True,57,0.3157894736842105,-0.016497130500984437,-0.017471071070345588,0.5570395029252814,4.315789473684211
3,2023,low,-0.6910424549999998,-0.7424346403462907,92687.26350000006,58,57,0,4.3655745685100555e-11,True,True,57,0.3157894736842105,-0.016497130500984437,-0.017471071070345588,0.5570395029252814,4.315789473684211
3,2024,open,-0.2844050366666673,-0.5460139898255214,214678.48899999983,60,59,0,-2.9103830456733704e-11,True,False,59,0.3728813559322034,-0.003107586262411649,-0.015510207492109115,0.7649130074020023,4.52542372881356
3,2024,close,-0.2844050366666673,-0.5460139898255214,214678.48899999983,60,59,0,-2.9103830456733704e-11,True,False,59,0.3728813559322034,-0.003107586262411649,-0.015510207492109115,0.7649130074020023,4.52542372881356
3,2024,low,-0.2844050366666673,-0.5460139898255214,214678.48899999983,60,59,0,-2.9103830456733704e-11,True,False,59,0.3728813559322034,-0.003107586262411649,-0.015510207492109115,0.7649130074020023,4.52542372881356
3,2025,open,-0.6271141299999996,-0.6602171068224625,111865.76100000013,60,59,0,7.275957614183426e-11,True,True,59,0.4067796610169492,-0.014634825229240424,-0.00994327324344494,0.50309451951918,4.52542372881356
3,2025,close,-0.6271141299999996,-0.6602171068224625,111865.76100000013,60,59,0,7.275957614183426e-11,True,True,59,0.4067796610169492,-0.014634825229240424,-0.00994327324344494,0.50309451951918,4.52542372881356
3,2025,low,-0.6271141299999996,-0.6602171068224625,111865.76100000013,60,59,0,7.275957614183426e-11,True,True,59,0.4067796610169492,-0.014634825229240424,-0.00994327324344494,0.50309451951918,4.52542372881356
4,2023,open,0.13813768666666637,-0.3540320073271258,341441.3059999999,48,47,0,-1.1641532182693481e-10,True,False,47,0.3829787234042553,0.007753577530375601,-0.010353473479817172,1.1070706479568657,6.319148936170213
4,2023,close,0.13813768666666637,-0.3540320073271258,341441.3059999999,48,47,0,-1.1641532182693481e-10,True,False,47,0.3829787234042553,0.007753577530375601,-0.010353473479817172,1.1070706479568657,6.319148936170213
4,2023,low,0.13813768666666637,-0.3540320073271258,341441.3059999999,48,47,0,-1.1641532182693481e-10,True,False,47,0.3829787234042553,0.007753577530375601,-0.010353473479817172,1.1070706479568657,6.319148936170213
4,2024,open,-0.7701625183333337,-0.7763611547870806,68951.24449999988,48,47,0,-2.9103830456733704e-11,True,True,47,0.3191489361702128,-0.02427951630378279,-0.018858744500591922,0.3274307482748967,6.127659574468085
4,2024,close,-0.7701625183333337,-0.7763611547870806,68951.24449999988,48,47,0,-2.9103830456733704e-11,True,True,47,0.3191489361702128,-0.02427951630378279,-0.018858744500591922,0.3274307482748967,6.127659574468085
4,2024,low,-0.7701625183333337,-0.7763611547870806,68951.24449999988,48,47,0,-2.9103830456733704e-11,True,True,47,0.3191489361702128,-0.02427951630378279,-0.018858744500591922,0.3274307482748967,6.127659574468085
4,2025,open,-0.4541296083333336,-0.47754814693086056,163761.11749999993,48,47,0,2.9103830456733704e-11,True,True,47,0.44680851063829785,-0.0066072942967385275,-0.008965593525878961,0.7077299259098033,5.212765957446808
4,2025,close,-0.4541296083333336,-0.47754814693086056,163761.11749999993,48,47,0,2.9103830456733704e-11,True,True,47,0.44680851063829785,-0.0066072942967385275,-0.008965593525878961,0.7077299259098033,5.212765957446808
4,2025,low,-0.4541296083333336,-0.47754814693086056,163761.11749999993,48,47,0,2.9103830456733704e-11,True,True,47,0.44680851063829785,-0.0066072942967385275,-0.008965593525878961,0.7077299259098033,5.212765957446808
5,2023,open,-0.08062988999999943,-0.6363373833102164,275811.03300000017,40,39,0,0.0,True,True,39,0.38461538461538464,0.008695554868008333,-0.029479119754998034,0.8891582890757125,7.512820512820513
5,2023,close,-0.08062988999999943,-0.6363373833102164,275811.03300000017,40,39,0,0.0,True,True,39,0.38461538461538464,0.008695554868008333,-0.029479119754998034,0.8891582890757125,7.512820512820513
5,2023,low,-0.08062988999999943,-0.6363373833102164,275811.03300000017,40,39,0,0.0,True,True,39,0.38461538461538464,0.008695554868008333,-0.029479119754998034,0.8891582890757125,7.512820512820513
5,2024,open,-0.7142898516666671,-0.7794988575873316,85713.04449999986,40,39,0,-1.0186340659856796e-10,True,True,39,0.38461538461538464,-0.031341955465291345,-0.020868541303399626,0.37752259528412024,7.384615384615385
5,2024,close,-0.7142898516666671,-0.7794988575873316,85713.04449999986,40,39,0,-1.0186340659856796e-10,True,True,39,0.38461538461538464,-0.031341955465291345,-0.020868541303399626,0.37752259528412024,7.384615384615385
5,2024,low,-0.7142898516666671,-0.7794988575873316,85713.04449999986,40,39,0,-1.0186340659856796e-10,True,True,39,0.38461538461538464,-0.031341955465291345,-0.020868541303399626,0.37752259528412024,7.384615384615385
5,2025,open,-0.05745463166666687,-0.45018961803709,282763.61049999995,40,39,0,0.0,True,True,39,0.48717948717948717,0.0013047985561432148,-0.00598055013288453,0.8871719912846104,7.435897435897436
5,2025,close,-0.05745463166666687,-0.45018961803709,282763.61049999995,40,39,0,0.0,True,True,39,0.48717948717948717,0.0013047985561432148,-0.00598055013288453,0.8871719912846104,7.435897435897436
5,2025,low,-0.05745463166666687,-0.45018961803709,282763.61049999995,40,39,0,0.0,True,True,39,0.48717948717948717,0.0013047985561432148,-0.00598055013288453,0.8871719912846104,7.435897435897436
6,2023,open,-0.3274346700000005,-0.5844792568977114,201769.59899999984,35,34,0,0.0,True,True,34,0.5588235294117647,-0.005987354671926287,0.006717165048026755,0.6431915360017119,8.852941176470589
6,2023,close,-0.3274346700000005,-0.5844792568977114,201769.59899999984,35,34,0,0.0,True,True,34,0.5588235294117647,-0.005987354671926287,0.006717165048026755,0.6431915360017119,8.852941176470589
6,2023,low,-0.3274346700000005,-0.5844792568977114,201769.59899999984,35,34,0,0.0,True,True,34,0.5588235294117647,-0.005987354671926287,0.006717165048026755,0.6431915360017119,8.852941176470589
6,2024,open,0.12450943000000003,-0.6264917600423728,337352.829,35,34,0,0.0,True,True,34,0.4411764705882353,0.012195837986714487,-0.005788236412887662,1.188584433505472,8.911764705882353
6,2024,close,0.12450943000000003,-0.6264917600423728,337352.829,35,34,0,0.0,True,True,34,0.4411764705882353,0.012195837986714487,-0.005788236412887662,1.188584433505472,8.911764705882353
6,2024,low,0.12450943000000003,-0.6264917600423728,337352.829,35,34,0,0.0,True,True,34,0.4411764705882353,0.012195837986714487,-0.005788236412887662,1.188584433505472,8.911764705882353
6,2025,open,-0.04126914500000012,-0.45425408893317,287619.25649999996,34,34,0,0.0,True,False,34,0.4411764705882353,0.00530411732400304,-0.006801632232975625,0.9706083472093227,9.029411764705882
6,2025,close,-0.04126914500000012,-0.45425408893317,287619.25649999996,34,34,0,0.0,True,False,34,0.4411764705882353,0.00530411732400304,-0.006801632232975625,0.9706083472093227,9.029411764705882
6,2025,low,-0.04126914500000012,-0.45425408893317,287619.25649999996,34,34,0,0.0,True,False,34,0.4411764705882353,0.00530411732400304,-0.006801632232975625,0.9706083472093227,9.029411764705882
7,2023,open,-0.7375202650000005,-0.7870784405023923,78743.92049999986,30,29,0,0.0,True,True,29,0.4482758620689655,-0.03241579430962315,-0.03223725863718408,0.3532735168124333,10.137931034482758
7,2023,close,-0.7375202650000005,-0.7870784405023923,78743.92049999986,30,29,0,0.0,True,True,29,0.4482758620689655,-0.03241579430962315,-0.03223725863718408,0.3532735168124333,10.137931034482758
7,2023,low,-0.7375202650000005,-0.7870784405023923,78743.92049999986,30,29,0,0.0,True,True,29,0.4482758620689655,-0.03241579430962315,-0.03223725863718408,0.3532735168124333,10.137931034482758
7,2024,open,-0.19146287500000037,-0.5365644183706944,242561.1374999999,30,29,0,0.0,True,True,29,0.4827586206896552,-0.014022524436093853,-0.004190955772576182,0.5423583452629901,10.275862068965518
7,2024,close,-0.19146287500000037,-0.5365644183706944,242561.1374999999,30,29,0,0.0,True,True,29,0.4827586206896552,-0.014022524436093853,-0.004190955772576182,0.5423583452629901,10.275862068965518
7,2024,low,-0.19146287500000037,-0.5365644183706944,242561.1374999999,30,29,0,0.0,True,True,29,0.4827586206896552,-0.014022524436093853,-0.004190955772576182,0.5423583452629901,10.275862068965518
7,2025,open,-0.034285811666666555,-0.4780255208420737,289714.2565,30,30,0,5.820766091346741e-11,True,False,30,0.4666666666666667,0.007863441589102863,-0.005007751696328119,0.975211187972577,10.3
7,2025,close,-0.034285811666666555,-0.4780255208420737,289714.2565,30,30,0,5.820766091346741e-11,True,False,30,0.4666666666666667,0.007863441589102863,-0.005007751696328119,0.975211187972577,10.3
7,2025,low,-0.034285811666666555,-0.4780255208420737,289714.2565,30,30,0,5.820766091346741e-11,True,False,30,0.4666666666666667,0.007863441589102863,-0.005007751696328119,0.975211187972577,10.3
8,2023,open,-0.38197814166666666,-0.7648337422903226,185406.5575,28,27,0,0.0,True,False,27,0.3333333333333333,-0.012910069226629853,-0.02719639835949289,0.6414065444077773,11.666666666666666
8,2023,close,-0.38197814166666666,-0.7648337422903226,185406.5575,28,27,0,0.0,True,False,27,0.3333333333333333,-0.012910069226629853,-0.02719639835949289,0.6414065444077773,11.666666666666666
8,2023,low,-0.38197814166666666,-0.7648337422903226,185406.5575,28,27,0,0.0,True,False,27,0.3333333333333333,-0.012910069226629853,-0.02719639835949289,0.6414065444077773,11.666666666666666
8,2024,open,0.33880321833333316,-0.4266418328801743,401640.96549999993,27,26,0,0.0,True,True,26,0.4230769230769231,0.011341411490036804,-0.01807211807635914,1.1342288723678755,11.615384615384615
8,2024,close,0.33880321833333316,-0.4266418328801743,401640.96549999993,27,26,0,0.0,True,True,26,0.4230769230769231,0.011341411490036804,-0.01807211807635914,1.1342288723678755,11.615384615384615
8,2024,low,0.33880321833333316,-0.4266418328801743,401640.96549999993,27,26,0,0.0,True,True,26,0.4230769230769231,0.011341411490036804,-0.01807211807635914,1.1342288723678755,11.615384615384615
8,2025,open,-0.2061954816666668,-0.5210726187184924,238141.35549999995,27,26,0,0.0,True,True,26,0.34615384615384615,-0.0012385518623479256,-0.017856276316573407,0.8819903901250489,12.115384615384615
8,2025,close,-0.2061954816666668,-0.5210726187184924,238141.35549999995,27,26,0,0.0,True,True,26,0.34615384615384615,-0.0012385518623479256,-0.017856276316573407,0.8819903901250489,12.115384615384615
8,2025,low,-0.2061954816666668,-0.5210726187184924,238141.35549999995,27,26,0,0.0,True,True,26,0.34615384615384615,-0.0012385518623479256,-0.017856276316573407,0.8819903901250489,12.115384615384615
9,2023,open,-0.6125094766666668,-0.7201289209684789,116247.15699999996,25,24,0,0.0,True,True,24,0.3333333333333333,-0.032485947696477016,-0.06895393090426613,0.2860255987191315,13.666666666666666
9,2023,close,-0.6125094766666668,-0.7201289209684789,116247.15699999996,25,24,0,0.0,True,True,24,0.3333333333333333,-0.032485947696477016,-0.06895393090426613,0.2860255987191315,13.666666666666666
9,2023,low,-0.6125094766666668,-0.7201289209684789,116247.15699999996,25,24,0,0.0,True,True,24,0.3333333333333333,-0.032485947696477016,-0.06895393090426613,0.2860255987191315,13.666666666666666
9,2024,open,0.9145088283333334,-0.2626304296638381,574352.6485,24,23,0,0.0,True,True,23,0.5217391304347826,0.047418878493130395,0.0026293423053008807,1.7794719026896046,13.130434782608695
9,2024,close,0.9145088283333334,-0.2626304296638381,574352.6485,24,23,0,0.0,True,True,23,0.5217391304347826,0.047418878493130395,0.0026293423053008807,1.7794719026896046,13.130434782608695
9,2024,low,0.9145088283333334,-0.2626304296638381,574352.6485,24,23,0,0.0,True,True,23,0.5217391304347826,0.047418878493130395,0.0026293423053008807,1.7794719026896046,13.130434782608695
9,2025,open,0.4711039016666665,-0.47687296209318286,441331.17049999995,24,23,0,5.820766091346741e-11,True,True,23,0.43478260869565216,0.03442095430935384,-0.008443618724918087,1.7588614639541051,13.217391304347826
9,2025,close,0.4711039016666665,-0.47687296209318286,441331.17049999995,24,23,0,5.820766091346741e-11,True,True,23,0.43478260869565216,0.03442095430935384,-0.008443618724918087,1.7588614639541051,13.217391304347826
9,2025,low,0.4711039016666665,-0.47687296209318286,441331.17049999995,24,23,0,5.820766091346741e-11,True,True,23,0.43478260869565216,0.03442095430935384,-0.008443618724918087,1.7588614639541051,13.217391304347826
10,2023,open,-0.15576737500000015,-0.34192176278396635,253269.78749999995,22,21,0,-8.731149137020111e-11,True,True,21,0.47619047619047616,-0.00964822319204722,-0.02010097598699989,0.720832793525825,14.666666666666666
10,2023,close,-0.15576737500000015,-0.34192176278396635,253269.78749999995,22,21,0,-8.731149137020111e-11,True,True,21,0.47619047619047616,-0.00964822319204722,-0.02010097598699989,0.720832793525825,14.666666666666666
10,2023,low,-0.15576737500000015,-0.34192176278396635,253269.78749999995,22,21,0,-8.731149137020111e-11,True,True,21,0.47619047619047616,-0.00964822319204722,-0.02010097598699989,0.720832793525825,14.666666666666666
10,2024,open,0.1569097716666663,-0.47865890499970665,347072.9314999999,22,21,0,5.820766091346741e-11,True,True,21,0.42857142857142855,0.029667582441970413,-0.003750241405492094,1.2211819991782766,14.904761904761905
10,2024,close,0.1569097716666663,-0.47865890499970665,347072.9314999999,22,21,0,5.820766091346741e-11,True,True,21,0.42857142857142855,0.029667582441970413,-0.003750241405492094,1.2211819991782766,14.904761904761905
10,2024,low,0.1569097716666663,-0.47865890499970665,347072.9314999999,22,21,0,5.820766091346741e-11,True,True,21,0.42857142857142855,0.029667582441970413,-0.003750241405492094,1.2211819991782766,14.904761904761905
10,2025,open,0.7222050083333331,-0.38268813223038944,516661.50249999994,22,21,0,0.0,True,True,21,0.47619047619047616,0.0439561180612437,-0.012656402992410633,1.9689647037088212,14.952380952380953
10,2025,close,0.7222050083333331,-0.38268813223038944,516661.50249999994,22,21,0,0.0,True,True,21,0.47619047619047616,0.0439561180612437,-0.012656402992410633,1.9689647037088212,14.952380952380953
10,2025,low,0.7222050083333331,-0.38268813223038944,516661.50249999994,22,21,0,0.0,True,True,21,0.47619047619047616,0.0439561180612437,-0.012656402992410633,1.9689647037088212,14.952380952380953
11,2023,open,-0.36730200999999996,-0.48052900815821564,189809.397,20,19,0,0.0,True,True,19,0.42105263157894735,-0.018462775654580106,-0.010915698621180853,0.4796494603963507,16.42105263157895
11,2023,close,-0.36730200999999996,-0.48052900815821564,189809.397,20,19,0,0.0,True,True,19,0.42105263157894735,-0.018462775654580106,-0.010915698621180853,0.4796494603963507,16.42105263157895
11,2023,low,-0.36730200999999996,-0.48052900815821564,189809.397,20,19,0,0.0,True,True,19,0.42105263157894735,-0.018462775654580106,-0.010915698621180853,0.4796494603963507,16.42105263157895
11,2024,open,0.19756159166666665,-0.5758308755787422,359268.4775,21,20,0,-1.1641532182693481e-10,True,True,20,0.5,0.03321218086762405,0.001721833318870582,1.2090527587247586,16.4
11,2024,close,0.19756159166666665,-0.5758308755787422,359268.4775,21,20,0,-1.1641532182693481e-10,True,True,20,0.5,0.03321218086762405,0.001721833318870582,1.2090527587247586,16.4
11,2024,low,0.19756159166666665,-0.5758308755787422,359268.4775,21,20,0,-1.1641532182693481e-10,True,True,20,0.5,0.03321218086762405,0.001721833318870582,1.2090527587247586,16.4
11,2025,open,-0.013392263333333765,-0.542270076609496,295982.3209999999,20,20,0,0.0,True,False,20,0.45,0.008188873975668316,-0.020635549242075578,0.9877447426754649,16.95
11,2025,close,-0.013392263333333765,-0.542270076609496,295982.3209999999,20,20,0,0.0,True,False,20,0.45,0.008188873975668316,-0.020635549242075578,0.9877447426754649,16.95
11,2025,low,-0.013392263333333765,-0.542270076609496,295982.3209999999,20,20,0,0.0,True,False,20,0.45,0.008188873975668316,-0.020635549242075578,0.9877447426754649,16.95
12,2023,open,0.043526698333333336,-0.6619881485492907,313058.0095,19,18,0,0.0,True,True,18,0.4444444444444444,0.02154718858134122,-0.01655107871706491,1.0872025298093941,17.833333333333332
12,2023,close,0.043526698333333336,-0.6619881485492907,313058.0095,19,18,0,0.0,True,True,18,0.4444444444444444,0.02154718858134122,-0.01655107871706491,1.0872025298093941,17.833333333333332
12,2023,low,0.043526698333333336,-0.6619881485492907,313058.0095,19,18,0,0.0,True,True,18,0.4444444444444444,0.02154718858134122,-0.01655107871706491,1.0872025298093941,17.833333333333332
12,2024,open,-0.4425303550000004,-0.6221778574680202,167240.8934999999,19,18,0,-2.9103830456733704e-11,True,True,18,0.3888888888888889,-0.03032472082443366,-0.01175871253403124,0.3773787429163115,17.61111111111111
12,2024,close,-0.4425303550000004,-0.6221778574680202,167240.8934999999,19,18,0,-2.9103830456733704e-11,True,True,18,0.3888888888888889,-0.03032472082443366,-0.01175871253403124,0.3773787429163115,17.61111111111111
12,2024,low,-0.4425303550000004,-0.6221778574680202,167240.8934999999,19,18,0,-2.9103830456733704e-11,True,True,18,0.3888888888888889,-0.03032472082443366,-0.01175871253403124,0.3773787429163115,17.61111111111111
12,2025,open,0.265188758333333,-0.5855296824261143,379556.6274999999,19,18,0,0.0,True,True,18,0.5,0.03288718902012752,0.012677319990618907,1.4277997857238711,17.77777777777778
12,2025,close,0.265188758333333,-0.5855296824261143,379556.6274999999,19,18,0,0.0,True,True,18,0.5,0.03288718902012752,0.012677319990618907,1.4277997857238711,17.77777777777778
12,2025,low,0.265188758333333,-0.5855296824261143,379556.6274999999,19,18,0,0.0,True,True,18,0.5,0.03288718902012752,0.012677319990618907,1.4277997857238711,17.77777777777778
13,2023,open,-0.38261291833333355,-0.5551778507172174,185216.12449999995,18,17,0,0.0,True,True,17,0.47058823529411764,-0.01641883726780233,-0.01174116018954028,0.5084583995813687,18.941176470588236
13,2023,close,-0.38261291833333355,-0.5551778507172174,185216.12449999995,18,17,0,0.0,True,True,17,0.47058823529411764,-0.01641883726780233,-0.01174116018954028,0.5084583995813687,18.941176470588236
13,2023,low,-0.38261291833333355,-0.5551778507172174,185216.12449999995,18,17,0,0.0,True,True,17,0.47058823529411764,-0.01641883726780233,-0.01174116018954028,0.5084583995813687,18.941176470588236
13,2024,open,0.2705987883333332,-0.6694714146992707,381179.63649999996,18,17,0,-5.820766091346741e-11,True,True,17,0.5294117647058824,0.02172981351812107,0.014641409373972398,1.6493211268176065,19.235294117647058
13,2024,close,0.2705987883333332,-0.6694714146992707,381179.63649999996,18,17,0,-5.820766091346741e-11,True,True,17,0.5294117647058824,0.02172981351812107,0.014641409373972398,1.6493211268176065,19.235294117647058
13,2024,low,0.2705987883333332,-0.6694714146992707,381179.63649999996,18,17,0,-5.820766091346741e-11,True,True,17,0.5294117647058824,0.02172981351812107,0.014641409373972398,1.6493211268176065,19.235294117647058
13,2025,open,1.2341740833333334,-0.28397435239685476,670252.225,18,17,0,0.0,True,True,17,0.5294117647058824,0.07309551926311851,0.012767255550569793,1.7551721481041835,19.529411764705884
13,2025,close,1.2341740833333334,-0.28397435239685476,670252.225,18,17,0,0.0,True,True,17,0.5294117647058824,0.07309551926311851,0.012767255550569793,1.7551721481041835,19.529411764705884
13,2025,low,1.2341740833333334,-0.28397435239685476,670252.225,18,17,0,0.0,True,True,17,0.5294117647058824,0.07309551926311851,0.012767255550569793,1.7551721481041835,19.529411764705884
14,2023,open,-0.028441140000000198,-0.4869543750999855,291467.65799999994,17,16,0,0.0,True,True,16,0.4375,-0.002266755905494043,-0.013191711612497378,0.8596757256522867,21.0625
14,2023,close,-0.028441140000000198,-0.4869543750999855,291467.65799999994,17,16,0,0.0,True,True,16,0.4375,-0.002266755905494043,-0.013191711612497378,0.8596757256522867,21.0625
14,2023,low,-0.028441140000000198,-0.4869543750999855,291467.65799999994,17,16,0,0.0,True,True,16,0.4375,-0.002266755905494043,-0.013191711612497378,0.8596757256522867,21.0625
14,2024,open,0.29707746999999984,-0.5230799850177856,389123.241,17,16,0,0.0,True,True,16,0.4375,0.058187149648922146,-0.01461491183151541,1.647351361341222,20.5625
14,2024,close,0.29707746999999984,-0.5230799850177856,389123.241,17,16,0,0.0,True,True,16,0.4375,0.058187149648922146,-0.01461491183151541,1.647351361341222,20.5625
14,2024,low,0.29707746999999984,-0.5230799850177856,389123.241,17,16,0,0.0,True,True,16,0.4375,0.058187149648922146,-0.01461491183151541,1.647351361341222,20.5625
14,2025,open,-0.5868602333333333,-0.6798766825555255,123941.93000000002,17,16,0,0.0,True,True,16,0.375,-0.0347352350863606,-0.027229461469853212,0.3379426659744023,20.75
14,2025,close,-0.5868602333333333,-0.6798766825555255,123941.93000000002,17,16,0,0.0,True,True,16,0.375,-0.0347352350863606,-0.027229461469853212,0.3379426659744023,20.75
14,2025,low,-0.5868602333333333,-0.6798766825555255,123941.93000000002,17,16,0,0.0,True,True,16,0.375,-0.0347352350863606,-0.027229461469853212,0.3379426659744023,20.75
15,2023,open,-0.46488070833333317,-0.6719846630851327,160535.78750000006,16,15,0,5.820766091346741e-11,True,False,15,0.4,-0.039598668609114526,-0.024339752657266955,0.3026220175090693,22.133333333333333
15,2023,close,-0.46488070833333317,-0.6719846630851327,160535.78750000006,16,15,0,5.820766091346741e-11,True,False,15,0.4,-0.039598668609114526,-0.024339752657266955,0.3026220175090693,22.133333333333333
15,2023,low,-0.46488070833333317,-0.6719846630851327,160535.78750000006,16,15,0,5.820766091346741e-11,True,False,15,0.4,-0.039598668609114526,-0.024339752657266955,0.3026220175090693,22.133333333333333
15,2024,open,-0.5982182,-0.7123489163804524,120534.53999999998,16,15,0,0.0,True,True,15,0.3333333333333333,0.0021120479106052485,-0.06382967920999849,0.625882975100132,22.4
15,2024,close,-0.5982182,-0.7123489163804524,120534.53999999998,16,15,0,0.0,True,True,15,0.3333333333333333,0.0021120479106052485,-0.06382967920999849,0.625882975100132,22.4
15,2024,low,-0.5982182,-0.7123489163804524,120534.53999999998,16,15,0,0.0,True,True,15,0.3333333333333333,0.0021120479106052485,-0.06382967920999849,0.625882975100132,22.4
15,2025,open,0.04298359999999968,-0.5186739337556078,312895.0799999999,15,15,0,-5.820766091346741e-11,True,False,15,0.3333333333333333,0.01582018235524871,-0.045490780223107964,1.0391119314202697,22.0
15,2025,close,0.04298359999999968,-0.5186739337556078,312895.0799999999,15,15,0,-5.820766091346741e-11,True,False,15,0.3333333333333333,0.01582018235524871,-0.045490780223107964,1.0391119314202697,22.0
15,2025,low,0.04298359999999968,-0.5186739337556078,312895.0799999999,15,15,0,-5.820766091346741e-11,True,False,15,0.3333333333333333,0.01582018235524871,-0.045490780223107964,1.0391119314202697,22.0
16,2023,open,-0.5383176699999999,-0.7963988144400374,138504.69900000005,15,14,0,2.9103830456733704e-11,True,True,14,0.35714285714285715,-0.026936693313288126,-0.05102944634438028,0.5915983831295986,23.357142857142858
16,2023,close,-0.5383176699999999,-0.7963988144400374,138504.69900000005,15,14,0,2.9103830456733704e-11,True,True,14,0.35714285714285715,-0.026936693313288126,-0.05102944634438028,0.5915983831295986,23.357142857142858
16,2023,low,-0.5383176699999999,-0.7963988144400374,138504.69900000005,15,14,0,2.9103830456733704e-11,True,True,14,0.35714285714285715,-0.026936693313288126,-0.05102944634438028,0.5915983831295986,23.357142857142858
16,2024,open,0.0717631833333332,-0.4009577749483947,321528.95499999996,15,14,0,0.0,True,True,14,0.42857142857142855,0.004361205170266118,-0.018203818467834334,0.8971942836204297,24.142857142857142
16,2024,close,0.0717631833333332,-0.4009577749483947,321528.95499999996,15,14,0,0.0,True,True,14,0.42857142857142855,0.004361205170266118,-0.018203818467834334,0.8971942836204297,24.142857142857142
16,2024,low,0.0717631833333332,-0.4009577749483947,321528.95499999996,15,14,0,0.0,True,True,14,0.42857142857142855,0.004361205170266118,-0.018203818467834334,0.8971942836204297,24.142857142857142
16,2025,open,1.8398938266666662,-0.2227166574594467,851968.1479999999,15,14,0,0.0,True,True,14,0.6428571428571429,0.10051986877006845,0.0434018885092275,5.466748818208004,24.214285714285715
16,2025,close,1.8398938266666662,-0.2227166574594467,851968.1479999999,15,14,0,0.0,True,True,14,0.6428571428571429,0.10051986877006845,0.0434018885092275,5.466748818208004,24.214285714285715
16,2025,low,1.8398938266666662,-0.2227166574594467,851968.1479999999,15,14,0,0.0,True,True,14,0.6428571428571429,0.10051986877006845,0.0434018885092275,5.466748818208004,24.214285714285715
17,2023,open,-0.16688436499999992,-0.576745969896789,249934.69050000003,14,13,0,0.0,True,True,13,0.38461538461538464,-0.029201733666694745,-0.03231582581672905,0.4586591106160563,25.384615384615383
17,2023,close,-0.16688436499999992,-0.576745969896789,249934.69050000003,14,13,0,0.0,True,True,13,0.38461538461538464,-0.029201733666694745,-0.03231582581672905,0.4586591106160563,25.384615384615383
17,2023,low,-0.16688436499999992,-0.576745969896789,249934.69050000003,14,13,0,0.0,True,True,13,0.38461538461538464,-0.029201733666694745,-0.03231582581672905,0.4586591106160563,25.384615384615383
17,2024,open,1.1897539433333333,-0.4766592954910873,656926.183,14,13,0,0.0,True,True,13,0.46153846153846156,0.1470973395605242,-0.019455486581448557,2.2149990654289704,25.384615384615383
17,2024,close,1.1897539433333333,-0.4766592954910873,656926.183,14,13,0,0.0,True,True,13,0.46153846153846156,0.1470973395605242,-0.019455486581448557,2.2149990654289704,25.384615384615383
17,2024,low,1.1897539433333333,-0.4766592954910873,656926.183,14,13,0,0.0,True,True,13,0.46153846153846156,0.1470973395605242,-0.019455486581448557,2.2149990654289704,25.384615384615383
17,2025,open,-0.019777050000000185,-0.4175887348803974,294066.88499999995,14,13,0,0.0,True,True,13,0.38461538461538464,0.02654249863332739,-0.029134201319743338,1.0518624753579484,25.615384615384617
17,2025,close,-0.019777050000000185,-0.4175887348803974,294066.88499999995,14,13,0,0.0,True,True,13,0.38461538461538464,0.02654249863332739,-0.029134201319743338,1.0518624753579484,25.615384615384617
17,2025,low,-0.019777050000000185,-0.4175887348803974,294066.88499999995,14,13,0,0.0,True,True,13,0.38461538461538464,0.02654249863332739,-0.029134201319743338,1.0518624753579484,25.615384615384617
18,2023,open,-0.5430017250000003,-0.730447831977441,137099.48249999993,13,12,0,0.0,True,True,12,0.3333333333333333,-0.05076396531696148,-0.07585596307733417,0.49039062182288834,26.583333333333332
18,2023,close,-0.5430017250000003,-0.730447831977441,137099.48249999993,13,12,0,0.0,True,True,12,0.3333333333333333,-0.05076396531696148,-0.07585596307733417,0.49039062182288834,26.583333333333332
18,2023,low,-0.5430017250000003,-0.730447831977441,137099.48249999993,13,12,0,0.0,True,True,12,0.3333333333333333,-0.05076396531696148,-0.07585596307733417,0.49039062182288834,26.583333333333332
18,2024,open,-0.20791495666666648,-0.5533092348335819,237625.51300000006,13,12,0,2.9103830456733704e-11,True,True,12,0.16666666666666666,-0.05520914372331703,-0.09797215596739725,0.3044854841425571,27.25
18,2024,close,-0.20791495666666648,-0.5533092348335819,237625.51300000006,13,12,0,2.9103830456733704e-11,True,True,12,0.16666666666666666,-0.05520914372331703,-0.09797215596739725,0.3044854841425571,27.25
18,2024,low,-0.20791495666666648,-0.5533092348335819,237625.51300000006,13,12,0,2.9103830456733704e-11,True,True,12,0.16666666666666666,-0.05520914372331703,-0.09797215596739725,0.3044854841425571,27.25
18,2025,open,-0.1625628499999997,-0.47686085948922907,251231.14500000008,13,12,0,0.0,True,True,12,0.3333333333333333,0.003720441769824305,-0.022207899707777583,0.9548983961503937,27.333333333333332
18,2025,close,-0.1625628499999997,-0.47686085948922907,251231.14500000008,13,12,0,0.0,True,True,12,0.3333333333333333,0.003720441769824305,-0.022207899707777583,0.9548983961503937,27.333333333333332
18,2025,low,-0.1625628499999997,-0.47686085948922907,251231.14500000008,13,12,0,0.0,True,True,12,0.3333333333333333,0.003720441769824305,-0.022207899707777583,0.9548983961503937,27.333333333333332
19,2023,open,-0.11813051833333366,-0.5165224315649515,264560.8444999999,13,12,0,0.0,True,True,12,0.5833333333333334,-0.0025605459726471855,0.013232616529552255,0.8386982674099832,28.25
19,2023,close,-0.11813051833333366,-0.5165224315649515,264560.8444999999,13,12,0,0.0,True,True,12,0.5833333333333334,-0.0025605459726471855,0.013232616529552255,0.8386982674099832,28.25
19,2023,low,-0.11813051833333366,-0.5165224315649515,264560.8444999999,13,12,0,0.0,True,True,12,0.5833333333333334,-0.0025605459726471855,0.013232616529552255,0.8386982674099832,28.25
19,2024,open,1.004246146666667,-0.7119534896622692,601273.8440000002,13,12,0,0.0,True,False,12,0.4166666666666667,0.11960804126033443,-0.023091478996849622,1.503185271443445,28.333333333333332
19,2024,close,1.004246146666667,-0.7119534896622692,601273.8440000002,13,12,0,0.0,True,False,12,0.4166666666666667,0.11960804126033443,-0.023091478996849622,1.503185271443445,28.333333333333332
19,2024,low,1.004246146666667,-0.7119534896622692,601273.8440000002,13,12,0,0.0,True,False,12,0.4166666666666667,0.11960804126033443,-0.023091478996849622,1.503185271443445,28.333333333333332
19,2025,open,-0.6443097583333333,-0.6746176412973517,106707.07250000004,13,12,0,0.0,True,True,12,0.08333333333333333,-0.0697360756213502,-0.03510921471066489,0.04462888330042207,28.083333333333332
19,2025,close,-0.6443097583333333,-0.6746176412973517,106707.07250000004,13,12,0,0.0,True,True,12,0.08333333333333333,-0.0697360756213502,-0.03510921471066489,0.04462888330042207,28.083333333333332
19,2025,low,-0.6443097583333333,-0.6746176412973517,106707.07250000004,13,12,0,0.0,True,True,12,0.08333333333333333,-0.0697360756213502,-0.03510921471066489,0.04462888330042207,28.083333333333332
20,2023,open,-0.4865444600000002,-0.6784494776621353,154036.66199999995,12,11,0,2.9103830456733704e-11,True,True,11,0.36363636363636365,-0.07237706772661187,-0.10359880618916392,0.30923625012791733,29.454545454545453
20,2023,close,-0.4865444600000002,-0.6784494776621353,154036.66199999995,12,11,0,2.9103830456733704e-11,True,True,11,0.36363636363636365,-0.07237706772661187,-0.10359880618916392,0.30923625012791733,29.454545454545453
20,2023,low,-0.4865444600000002,-0.6784494776621353,154036.66199999995,12,11,0,2.9103830456733704e-11,True,True,11,0.36363636363636365,-0.07237706772661187,-0.10359880618916392,0.30923625012791733,29.454545454545453
20,2024,open,1.314771841666666,-0.7062184345147502,694431.5524999998,12,11,0,0.0,True,True,11,0.5454545454545454,0.0439720999932891,0.008319802767475414,3.2171484219330693,30.09090909090909
20,2024,close,1.314771841666666,-0.7062184345147502,694431.5524999998,12,11,0,0.0,True,True,11,0.5454545454545454,0.0439720999932891,0.008319802767475414,3.2171484219330693,30.09090909090909
20,2024,low,1.314771841666666,-0.7062184345147502,694431.5524999998,12,11,0,0.0,True,True,11,0.5454545454545454,0.0439720999932891,0.008319802767475414,3.2171484219330693,30.09090909090909
20,2025,open,0.6991740549999998,-0.3616654422293175,509752.2165,12,11,0,-1.1641532182693481e-10,True,True,11,0.5454545454545454,0.07557314325786132,0.01243432470342102,1.922747133180803,30.181818181818183
20,2025,close,0.6991740549999998,-0.3616654422293175,509752.2165,12,11,0,-1.1641532182693481e-10,True,True,11,0.5454545454545454,0.07557314325786132,0.01243432470342102,1.922747133180803,30.181818181818183
20,2025,low,0.6991740549999998,-0.3616654422293175,509752.2165,12,11,0,-1.1641532182693481e-10,True,True,11,0.5454545454545454,0.07557314325786132,0.01243432470342102,1.922747133180803,30.181818181818183
