ticker,latest_date,close_reference,setup,c3_preliminary_score,k100_preliminary_score,extension_vs_ma20_pct,rvol20,warnings,trade_approval,buy_price,stop_price,data_source
003120,2026-10-08,22300.0,PULLBACK_PROXY,97,100,2.13,2.89,PRICE_NOT_CROSS_VERIFIED;LIQUIDITY_FLOW_NOT_VERIFIED,NO,,,pykrx
192400,2026-10-08,27350.0,PULLBACK_PROXY,92,100,0.5,2.418,PRICE_NOT_CROSS_VERIFIED;LIQUIDITY_FLOW_NOT_VERIFIED,NO,,,pykrx
472230,2026-10-08,2105.0,PULLBACK_PROXY,95,100,0.11,3.214,PRICE_NOT_CROSS_VERIFIED;LIQUIDITY_FLOW_NOT_VERIFIED,NO,,,pykrx
473050,2026-10-08,2105.0,PULLBACK_PROXY,95,100,0.08,2.993,PRICE_NOT_CROSS_VERIFIED;LIQUIDITY_FLOW_NOT_VERIFIED,NO,,,pykrx
474660,2026-10-08,2095.0,PULLBACK_PROXY,95,100,0.25,3.573,PRICE_NOT_CROSS_VERIFIED;LIQUIDITY_FLOW_NOT_VERIFIED,NO,,,pykrx
002840,2026-10-08,139600.0,PULLBACK_PROXY,91,99,3.37,1.825,PRICE_NOT_CROSS_VERIFIED;LIQUIDITY_FLOW_NOT_VERIFIED,NO,,,pykrx
066620,2026-10-08,25200.0,PULLBACK_PROXY,88,99,0.19,1.912,PRICE_NOT_CROSS_VERIFIED;LIQUIDITY_FLOW_NOT_VERIFIED,NO,,,pykrx
049430,2026-10-08,22900.0,PULLBACK_PROXY,89,98,1.26,1.773,PRICE_NOT_CROSS_VERIFIED;LIQUIDITY_FLOW_NOT_VERIFIED,NO,,,pykrx
000700,2026-10-08,6640.0,PULLBACK_PROXY,86,97,0.81,1.491,PRICE_NOT_CROSS_VERIFIED;LIQUIDITY_FLOW_NOT_VERIFIED,NO,,,pykrx
002960,2026-10-08,545000.0,BREAKOUT,86,97,6.18,1.624,PRICE_NOT_CROSS_VERIFIED;LIQUIDITY_FLOW_NOT_VERIFIED,NO,,,pykrx
009240,2026-10-08,40500.0,PULLBACK_PROXY,88,97,2.75,1.516,PRICE_NOT_CROSS_VERIFIED;LIQUIDITY_FLOW_NOT_VERIFIED,NO,,,pykrx
020560,2026-10-08,8200.0,PULLBACK_PROXY,86,96,1.43,1.337,PRICE_NOT_CROSS_VERIFIED;LIQUIDITY_FLOW_NOT_VERIFIED,NO,,,pykrx
096870,2026-10-08,2435.0,PULLBACK_PROXY,88,96,3.15,1.454,PRICE_NOT_CROSS_VERIFIED;LIQUIDITY_FLOW_NOT_VERIFIED,NO,,,pykrx
071320,2026-10-08,77100.0,PULLBACK_PROXY,83,95,0.23,1.183,PRICE_NOT_CROSS_VERIFIED;LIQUIDITY_FLOW_NOT_VERIFIED,NO,,,pykrx
003490,2026-10-08,30500.0,PULLBACK_PROXY,83,94,0.51,1.11,PRICE_NOT_CROSS_VERIFIED;LIQUIDITY_FLOW_NOT_VERIFIED,NO,,,pykrx
004080,2026-10-08,14620.0,PULLBACK_PROXY,84,94,1.84,1.11,PRICE_NOT_CROSS_VERIFIED;LIQUIDITY_FLOW_NOT_VERIFIED,NO,,,pykrx
054950,2026-10-08,24200.0,PULLBACK_PROXY,85,94,2.68,1.061,PRICE_NOT_CROSS_VERIFIED;LIQUIDITY_FLOW_NOT_VERIFIED,NO,,,pykrx
066670,2026-10-08,3310.0,PULLBACK_PROXY,84,94,1.81,1.092,PRICE_NOT_CROSS_VERIFIED;LIQUIDITY_FLOW_NOT_VERIFIED,NO,,,pykrx
131090,2026-10-08,4340.0,PULLBACK_PROXY,82,93,1.14,0.954,PRICE_NOT_CROSS_VERIFIED;LIQUIDITY_FLOW_NOT_VERIFIED,NO,,,pykrx
143240,2026-10-08,17760.0,PULLBACK_PROXY,84,93,2.58,0.988,PRICE_NOT_CROSS_VERIFIED;LIQUIDITY_FLOW_NOT_VERIFIED,NO,,,pykrx
331380,2026-10-08,2160.0,PULLBACK_PROXY,85,93,3.09,0.978,PRICE_NOT_CROSS_VERIFIED;LIQUIDITY_FLOW_NOT_VERIFIED,NO,,,pykrx
489460,2026-10-08,11740.0,PULLBACK_PROXY,84,93,2.31,0.998,PRICE_NOT_CROSS_VERIFIED;LIQUIDITY_FLOW_NOT_VERIFIED,NO,,,pykrx
000640,2026-10-08,93400.0,PULLBACK_PROXY,80,92,0.24,0.783,PRICE_NOT_CROSS_VERIFIED;LIQUIDITY_FLOW_NOT_VERIFIED,NO,,,pykrx
012170,2026-10-08,3000.0,PULLBACK_PROXY,81,92,0.94,0.77,PRICE_NOT_CROSS_VERIFIED;LIQUIDITY_FLOW_NOT_VERIFIED,NO,,,pykrx
012750,2026-10-08,83900.0,PULLBACK_PROXY,81,92,1.01,0.872,PRICE_NOT_CROSS_VERIFIED;LIQUIDITY_FLOW_NOT_VERIFIED,NO,,,pykrx
130580,2026-10-08,6810.0,PULLBACK_PROXY,82,92,1.94,0.791,PRICE_NOT_CROSS_VERIFIED;LIQUIDITY_FLOW_NOT_VERIFIED,NO,,,pykrx
192390,2026-10-08,1894.0,PULLBACK_PROXY,83,92,2.28,0.822,PRICE_NOT_CROSS_VERIFIED;LIQUIDITY_FLOW_NOT_VERIFIED,NO,,,pykrx
197140,2026-10-08,2395.0,PULLBACK_PROXY,81,92,0.49,0.853,PRICE_NOT_CROSS_VERIFIED;LIQUIDITY_FLOW_NOT_VERIFIED,NO,,,pykrx
415380,2026-10-08,2195.0,PULLBACK_PROXY,83,92,2.2,0.835,PRICE_NOT_CROSS_VERIFIED;LIQUIDITY_FLOW_NOT_VERIFIED,NO,,,pykrx
453340,2026-10-08,19110.0,PULLBACK_PROXY,81,92,0.79,0.855,PRICE_NOT_CROSS_VERIFIED;LIQUIDITY_FLOW_NOT_VERIFIED,NO,,,pykrx
006125,2026-10-08,43800.0,PULLBACK_PROXY,83,91,2.78,0.597,PRICE_NOT_CROSS_VERIFIED;LIQUIDITY_FLOW_NOT_VERIFIED,NO,,,pykrx
026960,2026-10-08,26300.0,PULLBACK_PROXY,82,91,1.87,0.657,PRICE_NOT_CROSS_VERIFIED;LIQUIDITY_FLOW_NOT_VERIFIED,NO,,,pykrx
028670,2026-10-08,6090.0,PULLBACK_PROXY,84,91,3.16,0.65,PRICE_NOT_CROSS_VERIFIED;LIQUIDITY_FLOW_NOT_VERIFIED,NO,,,pykrx
089860,2026-10-08,51200.0,PULLBACK_PROXY,84,91,3.13,0.677,PRICE_NOT_CROSS_VERIFIED;LIQUIDITY_FLOW_NOT_VERIFIED,NO,,,pykrx
092730,2026-10-08,23200.0,PULLBACK_PROXY,82,91,1.7,0.62,PRICE_NOT_CROSS_VERIFIED;LIQUIDITY_FLOW_NOT_VERIFIED,NO,,,pykrx
101160,2026-10-08,32050.0,PULLBACK_PROXY,84,91,3.03,0.693,PRICE_NOT_CROSS_VERIFIED;LIQUIDITY_FLOW_NOT_VERIFIED,NO,,,pykrx
126560,2026-10-08,3380.0,PULLBACK_PROXY,80,91,0.36,0.682,PRICE_NOT_CROSS_VERIFIED;LIQUIDITY_FLOW_NOT_VERIFIED,NO,,,pykrx
478440,2026-10-08,2070.0,PULLBACK_PROXY,80,91,0.06,0.647,PRICE_NOT_CROSS_VERIFIED;LIQUIDITY_FLOW_NOT_VERIFIED,NO,,,pykrx
493790,2026-10-08,2022.0,PULLBACK_PROXY,80,91,0.08,0.596,PRICE_NOT_CROSS_VERIFIED;LIQUIDITY_FLOW_NOT_VERIFIED,NO,,,pykrx
000500,2026-10-08,299500.0,PULLBACK_PROXY,84,90,3.35,0.405,LOW_RVOL;PRICE_NOT_CROSS_VERIFIED;LIQUIDITY_FLOW_NOT_VERIFIED,NO,,,pykrx
005180,2026-10-08,87200.0,PULLBACK_PROXY,82,90,1.34,0.314,LOW_RVOL;PRICE_NOT_CROSS_VERIFIED;LIQUIDITY_FLOW_NOT_VERIFIED,NO,,,pykrx
006090,2026-10-08,8970.0,PULLBACK_PROXY,81,90,0.4,0.35,LOW_RVOL;PRICE_NOT_CROSS_VERIFIED;LIQUIDITY_FLOW_NOT_VERIFIED,NO,,,pykrx
017650,2026-10-08,10800.0,PULLBACK_PROXY,80,90,0.06,0.0,LOW_RVOL;PRICE_NOT_CROSS_VERIFIED;LIQUIDITY_FLOW_NOT_VERIFIED,NO,,,pykrx
028100,2026-10-08,19440.0,PULLBACK_PROXY,82,90,1.77,0.24,LOW_RVOL;PRICE_NOT_CROSS_VERIFIED;LIQUIDITY_FLOW_NOT_VERIFIED,NO,,,pykrx
033560,2026-10-08,5900.0,BREAKOUT,78,90,18.53,2.689,EXTENDED_GT_12PCT;PRICE_NOT_CROSS_VERIFIED;LIQUIDITY_FLOW_NOT_VERIFIED,NO,,,pykrx
036800,2026-10-08,8150.0,PULLBACK_PROXY,84,90,3.43,0.271,LOW_RVOL;PRICE_NOT_CROSS_VERIFIED;LIQUIDITY_FLOW_NOT_VERIFIED,NO,,,pykrx
050120,2026-10-08,3315.0,PULLBACK_PROXY,82,90,1.24,0.191,LOW_RVOL;PRICE_NOT_CROSS_VERIFIED;LIQUIDITY_FLOW_NOT_VERIFIED,NO,,,pykrx
052300,2026-10-08,1568.0,PULLBACK_PROXY,82,90,1.33,0.12,LOW_RVOL;PRICE_NOT_CROSS_VERIFIED;LIQUIDITY_FLOW_NOT_VERIFIED,NO,,,pykrx
065060,2026-10-08,3410.0,PULLBACK_PROXY,84,90,2.83,0.239,LOW_RVOL;PRICE_NOT_CROSS_VERIFIED;LIQUIDITY_FLOW_NOT_VERIFIED,NO,,,pykrx
066900,2026-10-08,1790.0,PULLBACK_PROXY,82,90,1.91,0.356,LOW_RVOL;PRICE_NOT_CROSS_VERIFIED;LIQUIDITY_FLOW_NOT_VERIFIED,NO,,,pykrx
067010,2026-10-08,2560.0,PULLBACK_PROXY,81,90,0.66,0.436,LOW_RVOL;PRICE_NOT_CROSS_VERIFIED;LIQUIDITY_FLOW_NOT_VERIFIED,NO,,,pykrx
068930,2026-10-08,9250.0,PULLBACK_PROXY,82,90,1.25,0.395,LOW_RVOL;PRICE_NOT_CROSS_VERIFIED;LIQUIDITY_FLOW_NOT_VERIFIED,NO,,,pykrx
070590,2026-10-08,2140.0,PULLBACK_PROXY,81,90,0.65,0.303,LOW_RVOL;PRICE_NOT_CROSS_VERIFIED;LIQUIDITY_FLOW_NOT_VERIFIED,NO,,,pykrx
093520,2026-10-08,28450.0,PULLBACK_PROXY,83,90,2.14,0.449,LOW_RVOL;PRICE_NOT_CROSS_VERIFIED;LIQUIDITY_FLOW_NOT_VERIFIED,NO,,,pykrx
093640,2026-10-08,4755.0,PULLBACK_PROXY,81,90,1.15,0.313,LOW_RVOL;PRICE_NOT_CROSS_VERIFIED;LIQUIDITY_FLOW_NOT_VERIFIED,NO,,,pykrx
109860,2026-10-08,7540.0,PULLBACK_PROXY,80,90,0.39,0.274,LOW_RVOL;PRICE_NOT_CROSS_VERIFIED;LIQUIDITY_FLOW_NOT_VERIFIED,NO,,,pykrx
417310,2026-10-08,2385.0,PULLBACK_PROXY,80,90,0.24,0.348,LOW_RVOL;PRICE_NOT_CROSS_VERIFIED;LIQUIDITY_FLOW_NOT_VERIFIED,NO,,,pykrx
446070,2026-10-08,3950.0,PULLBACK_PROXY,81,90,0.93,0.451,LOW_RVOL;PRICE_NOT_CROSS_VERIFIED;LIQUIDITY_FLOW_NOT_VERIFIED,NO,,,pykrx
473000,2026-10-08,2082.0,PULLBACK_PROXY,80,90,0.05,0.01,LOW_RVOL;PRICE_NOT_CROSS_VERIFIED;LIQUIDITY_FLOW_NOT_VERIFIED,NO,,,pykrx
473950,2026-10-08,2062.0,PULLBACK_PROXY,80,90,0.4,0.201,LOW_RVOL;PRICE_NOT_CROSS_VERIFIED;LIQUIDITY_FLOW_NOT_VERIFIED,NO,,,pykrx
474490,2026-10-08,2090.0,PULLBACK_PROXY,80,90,0.35,0.506,PRICE_NOT_CROSS_VERIFIED;LIQUIDITY_FLOW_NOT_VERIFIED,NO,,,pykrx
475240,2026-10-08,2095.0,PULLBACK_PROXY,80,90,0.04,0.307,LOW_RVOL;PRICE_NOT_CROSS_VERIFIED;LIQUIDITY_FLOW_NOT_VERIFIED,NO,,,pykrx
478110,2026-10-08,2070.0,PULLBACK_PROXY,81,90,0.69,0.182,LOW_RVOL;PRICE_NOT_CROSS_VERIFIED;LIQUIDITY_FLOW_NOT_VERIFIED,NO,,,pykrx
482520,2026-10-08,2065.0,PULLBACK_PROXY,80,90,0.08,0.0,LOW_RVOL;PRICE_NOT_CROSS_VERIFIED;LIQUIDITY_FLOW_NOT_VERIFIED,NO,,,pykrx
000240,2026-10-08,26200.0,BREAKOUT,77,86,5.55,2.02,PRICE_NOT_CROSS_VERIFIED;LIQUIDITY_FLOW_NOT_VERIFIED,NO,,,pykrx
319660,2026-10-08,145100.0,REVERSAL_PROXY,67,81,6.34,1.178,PRICE_NOT_CROSS_VERIFIED;LIQUIDITY_FLOW_NOT_VERIFIED,NO,,,pykrx
085620,2026-10-08,20350.0,PULLBACK_PROXY,72,80,3.1,2.023,PRICE_NOT_CROSS_VERIFIED;LIQUIDITY_FLOW_NOT_VERIFIED,NO,,,pykrx
376980,2026-10-08,3145.0,PULLBACK_PROXY,67,78,0.68,1.702,PRICE_NOT_CROSS_VERIFIED;LIQUIDITY_FLOW_NOT_VERIFIED,NO,,,pykrx
348030,2026-10-08,3885.0,BREAKOUT,61,76,29.21,2.932,EXTENDED_GT_12PCT;PRICE_NOT_CROSS_VERIFIED;LIQUIDITY_FLOW_NOT_VERIFIED,NO,,,pykrx
044820,2026-10-08,24650.0,PULLBACK_PROXY,63,74,0.84,1.026,PRICE_NOT_CROSS_VERIFIED;LIQUIDITY_FLOW_NOT_VERIFIED,NO,,,pykrx
007340,2026-10-08,48450.0,PULLBACK_PROXY,63,73,1.22,0.899,PRICE_NOT_CROSS_VERIFIED;LIQUIDITY_FLOW_NOT_VERIFIED,NO,,,pykrx
236200,2026-10-08,54600.0,PULLBACK_PROXY,63,71,2.21,0.697,PRICE_NOT_CROSS_VERIFIED;LIQUIDITY_FLOW_NOT_VERIFIED,NO,,,pykrx
000590,2026-10-08,71700.0,BREAKOUT,70,70,4.71,1.932,PRICE_NOT_CROSS_VERIFIED;LIQUIDITY_FLOW_NOT_VERIFIED,NO,,,pykrx
033290,2026-10-08,1561.0,REVERSAL_PROXY,72,70,2.12,3.878,PRICE_NOT_CROSS_VERIFIED;LIQUIDITY_FLOW_NOT_VERIFIED,NO,,,pykrx
084870,2026-10-08,2255.0,PULLBACK_PROXY,62,70,1.61,0.119,LOW_RVOL;PRICE_NOT_CROSS_VERIFIED;LIQUIDITY_FLOW_NOT_VERIFIED,NO,,,pykrx
317530,2026-10-08,3310.0,REVERSAL_PROXY,73,70,3.58,3.237,PRICE_NOT_CROSS_VERIFIED;LIQUIDITY_FLOW_NOT_VERIFIED,NO,,,pykrx
083930,2026-10-08,13020.0,BREAKOUT,66,69,7.24,1.845,PRICE_NOT_CROSS_VERIFIED;LIQUIDITY_FLOW_NOT_VERIFIED,NO,,,pykrx
215200,2026-10-08,38700.0,BREAKOUT,66,69,7.44,1.779,PRICE_NOT_CROSS_VERIFIED;LIQUIDITY_FLOW_NOT_VERIFIED,NO,,,pykrx
000650,2026-10-08,221000.0,BREAKOUT,53,60,49.15,108.98,EXTENDED_GT_12PCT;RVOL_GT_10_VERIFY;PRICE_NOT_CROSS_VERIFIED;LIQUIDITY_FLOW_NOT_VERIFIED,NO,,,pykrx
001780,2026-10-08,1790.0,BREAKOUT,68,60,11.95,39.742,RVOL_GT_10_VERIFY;PRICE_NOT_CROSS_VERIFIED;LIQUIDITY_FLOW_NOT_VERIFIED,NO,,,pykrx
003580,2026-10-08,2635.0,BREAKOUT,53,60,46.5,7.472,EXTENDED_GT_12PCT;PRICE_NOT_CROSS_VERIFIED;LIQUIDITY_FLOW_NOT_VERIFIED,NO,,,pykrx
004835,2026-10-08,5370.0,BREAKOUT,58,60,20.0,5.89,EXTENDED_GT_12PCT;PRICE_NOT_CROSS_VERIFIED;LIQUIDITY_FLOW_NOT_VERIFIED,NO,,,pykrx
005160,2026-10-08,4635.0,BREAKOUT,53,60,38.4,7.106,EXTENDED_GT_12PCT;PRICE_NOT_CROSS_VERIFIED;LIQUIDITY_FLOW_NOT_VERIFIED,NO,,,pykrx
006110,2026-10-08,75800.0,BREAKOUT,54,60,23.02,3.611,EXTENDED_GT_12PCT;PRICE_NOT_CROSS_VERIFIED;LIQUIDITY_FLOW_NOT_VERIFIED,NO,,,pykrx
012030,2026-10-08,2260.0,BREAKOUT,53,60,28.16,3.556,EXTENDED_GT_12PCT;PRICE_NOT_CROSS_VERIFIED;LIQUIDITY_FLOW_NOT_VERIFIED,NO,,,pykrx
033790,2026-10-08,11500.0,BREAKOUT,53,60,35.9,3.064,EXTENDED_GT_12PCT;PRICE_NOT_CROSS_VERIFIED;LIQUIDITY_FLOW_NOT_VERIFIED,NO,,,pykrx
042040,2026-10-08,5590.0,BREAKOUT,67,60,12.72,3.011,EXTENDED_GT_12PCT;PRICE_NOT_CROSS_VERIFIED;LIQUIDITY_FLOW_NOT_VERIFIED,NO,,,pykrx
045300,2026-10-08,3230.0,BREAKOUT,63,60,16.04,7.011,EXTENDED_GT_12PCT;PRICE_NOT_CROSS_VERIFIED;LIQUIDITY_FLOW_NOT_VERIFIED,NO,,,pykrx
046210,2026-10-08,1774.0,BREAKOUT,53,60,42.45,14.48,EXTENDED_GT_12PCT;RVOL_GT_10_VERIFY;PRICE_NOT_CROSS_VERIFIED;LIQUIDITY_FLOW_NOT_VERIFIED,NO,,,pykrx
047310,2026-10-08,3440.0,BREAKOUT,71,60,9.95,3.683,PRICE_NOT_CROSS_VERIFIED;LIQUIDITY_FLOW_NOT_VERIFIED,NO,,,pykrx
048910,2026-10-08,8200.0,BREAKOUT,59,60,19.3,9.292,EXTENDED_GT_12PCT;PRICE_NOT_CROSS_VERIFIED;LIQUIDITY_FLOW_NOT_VERIFIED,NO,,,pykrx
067080,2026-10-08,13960.0,BREAKOUT,55,60,22.1,13.736,EXTENDED_GT_12PCT;RVOL_GT_10_VERIFY;PRICE_NOT_CROSS_VERIFIED;LIQUIDITY_FLOW_NOT_VERIFIED,NO,,,pykrx
083500,2026-10-08,16880.0,BREAKOUT,53,60,34.48,10.098,EXTENDED_GT_12PCT;RVOL_GT_10_VERIFY;PRICE_NOT_CROSS_VERIFIED;LIQUIDITY_FLOW_NOT_VERIFIED,NO,,,pykrx
084670,2026-10-08,37200.0,BREAKOUT,53,60,49.79,103.106,EXTENDED_GT_12PCT;RVOL_GT_10_VERIFY;PRICE_NOT_CROSS_VERIFIED;LIQUIDITY_FLOW_NOT_VERIFIED,NO,,,pykrx
084990,2026-10-08,4355.0,BREAKOUT,53,60,31.92,18.156,EXTENDED_GT_12PCT;RVOL_GT_10_VERIFY;PRICE_NOT_CROSS_VERIFIED;LIQUIDITY_FLOW_NOT_VERIFIED,NO,,,pykrx
089790,2026-10-08,7230.0,BREAKOUT,52,60,25.03,2.81,EXTENDED_GT_12PCT;PRICE_NOT_CROSS_VERIFIED;LIQUIDITY_FLOW_NOT_VERIFIED,NO,,,pykrx
092070,2026-10-08,15560.0,BREAKOUT,59,60,19.56,3.101,EXTENDED_GT_12PCT;PRICE_NOT_CROSS_VERIFIED;LIQUIDITY_FLOW_NOT_VERIFIED,NO,,,pykrx
098460,2026-10-08,37350.0,BREAKOUT,51,60,23.61,2.705,EXTENDED_GT_12PCT;PRICE_NOT_CROSS_VERIFIED;LIQUIDITY_FLOW_NOT_VERIFIED,NO,,,pykrx
104480,2026-10-08,1963.0,BREAKOUT,70,60,8.87,2.698,PRICE_NOT_CROSS_VERIFIED;LIQUIDITY_FLOW_NOT_VERIFIED,NO,,,pykrx
115450,2026-10-08,3175.0,BREAKOUT,53,60,39.29,12.72,EXTENDED_GT_12PCT;RVOL_GT_10_VERIFY;PRICE_NOT_CROSS_VERIFIED;LIQUIDITY_FLOW_NOT_VERIFIED,NO,,,pykrx
142210,2026-10-08,7320.0,BREAKOUT,62,60,16.42,3.675,EXTENDED_GT_12PCT;PRICE_NOT_CROSS_VERIFIED;LIQUIDITY_FLOW_NOT_VERIFIED,NO,,,pykrx
143540,2026-10-08,1119.0,BREAKOUT,71,60,9.22,18.314,RVOL_GT_10_VERIFY;PRICE_NOT_CROSS_VERIFIED;LIQUIDITY_FLOW_NOT_VERIFIED,NO,,,pykrx
147760,2026-10-08,4460.0,BREAKOUT,53,60,25.48,4.704,EXTENDED_GT_12PCT;PRICE_NOT_CROSS_VERIFIED;LIQUIDITY_FLOW_NOT_VERIFIED,NO,,,pykrx
156100,2026-10-08,7360.0,BREAKOUT,49,60,23.47,2.332,EXTENDED_GT_12PCT;PRICE_NOT_CROSS_VERIFIED;LIQUIDITY_FLOW_NOT_VERIFIED,NO,,,pykrx
178920,2026-10-08,20650.0,BREAKOUT,66,60,8.34,2.024,PRICE_NOT_CROSS_VERIFIED;LIQUIDITY_FLOW_NOT_VERIFIED,NO,,,pykrx
187870,2026-10-08,15930.0,BREAKOUT,53,60,39.01,6.608,EXTENDED_GT_12PCT;PRICE_NOT_CROSS_VERIFIED;LIQUIDITY_FLOW_NOT_VERIFIED,NO,,,pykrx
200350,2026-10-08,4675.0,BREAKOUT,47,60,59.24,2.162,EXTENDED_GT_12PCT;PRICE_NOT_CROSS_VERIFIED;LIQUIDITY_FLOW_NOT_VERIFIED,NO,,,pykrx
217190,2026-10-08,10200.0,BREAKOUT,53,60,36.78,4.78,EXTENDED_GT_12PCT;PRICE_NOT_CROSS_VERIFIED;LIQUIDITY_FLOW_NOT_VERIFIED,NO,,,pykrx
243840,2026-10-08,6520.0,BREAKOUT,66,60,13.55,6.381,EXTENDED_GT_12PCT;PRICE_NOT_CROSS_VERIFIED;LIQUIDITY_FLOW_NOT_VERIFIED,NO,,,pykrx
278650,2026-10-08,6310.0,BREAKOUT,53,60,109.44,7.848,EXTENDED_GT_12PCT;PRICE_NOT_CROSS_VERIFIED;LIQUIDITY_FLOW_NOT_VERIFIED,NO,,,pykrx
318160,2026-10-08,6790.0,REVERSAL_PROXY,51,60,-2.2,0.306,LOW_RVOL;PRICE_NOT_CROSS_VERIFIED;LIQUIDITY_FLOW_NOT_VERIFIED,NO,,,pykrx
352940,2026-10-08,2155.0,REVERSAL_PROXY,56,60,1.79,0.119,LOW_RVOL;PRICE_NOT_CROSS_VERIFIED;LIQUIDITY_FLOW_NOT_VERIFIED,NO,,,pykrx
354320,2026-10-08,56000.0,BREAKOUT,46,60,37.7,1.963,EXTENDED_GT_12PCT;PRICE_NOT_CROSS_VERIFIED;LIQUIDITY_FLOW_NOT_VERIFIED,NO,,,pykrx
355690,2026-10-08,6380.0,BREAKOUT,53,60,23.07,2.805,EXTENDED_GT_12PCT;PRICE_NOT_CROSS_VERIFIED;LIQUIDITY_FLOW_NOT_VERIFIED,NO,,,pykrx
373220,2026-10-08,403000.0,BREAKOUT,70,60,10.52,3.234,PRICE_NOT_CROSS_VERIFIED;LIQUIDITY_FLOW_NOT_VERIFIED,NO,,,pykrx
382800,2026-10-08,7130.0,BREAKOUT,50,60,28.36,2.516,EXTENDED_GT_12PCT;PRICE_NOT_CROSS_VERIFIED;LIQUIDITY_FLOW_NOT_VERIFIED,NO,,,pykrx
383930,2026-10-08,2540.0,BREAKOUT,51,60,39.59,2.701,EXTENDED_GT_12PCT;PRICE_NOT_CROSS_VERIFIED;LIQUIDITY_FLOW_NOT_VERIFIED,NO,,,pykrx
393890,2026-10-08,11420.0,BREAKOUT,68,60,12.05,4.633,EXTENDED_GT_12PCT;PRICE_NOT_CROSS_VERIFIED;LIQUIDITY_FLOW_NOT_VERIFIED,NO,,,pykrx
417840,2026-10-08,20850.0,BREAKOUT,53,60,26.8,3.173,EXTENDED_GT_12PCT;PRICE_NOT_CROSS_VERIFIED;LIQUIDITY_FLOW_NOT_VERIFIED,NO,,,pykrx
419050,2026-10-08,2305.0,BREAKOUT,53,60,33.59,7.363,EXTENDED_GT_12PCT;PRICE_NOT_CROSS_VERIFIED;LIQUIDITY_FLOW_NOT_VERIFIED,NO,,,pykrx
002320,2026-10-08,17140.0,BREAKOUT,57,59,14.05,1.787,EXTENDED_GT_12PCT;PRICE_NOT_CROSS_VERIFIED;LIQUIDITY_FLOW_NOT_VERIFIED,NO,,,pykrx
200470,2026-10-08,10890.0,BREAKOUT,45,59,36.81,1.785,EXTENDED_GT_12PCT;PRICE_NOT_CROSS_VERIFIED;LIQUIDITY_FLOW_NOT_VERIFIED,NO,,,pykrx
417200,2026-10-08,16430.0,BREAKOUT,46,59,23.3,1.836,EXTENDED_GT_12PCT;PRICE_NOT_CROSS_VERIFIED;LIQUIDITY_FLOW_NOT_VERIFIED,NO,,,pykrx
005320,2026-10-08,1600.0,BREAKOUT,46,58,22.77,1.641,EXTENDED_GT_12PCT;PRICE_NOT_CROSS_VERIFIED;LIQUIDITY_FLOW_NOT_VERIFIED,NO,,,pykrx
083450,2026-10-08,57400.0,BREAKOUT,53,58,16.54,1.643,EXTENDED_GT_12PCT;PRICE_NOT_CROSS_VERIFIED;LIQUIDITY_FLOW_NOT_VERIFIED,NO,,,pykrx
229640,2026-10-08,72900.0,BREAKOUT,44,58,24.11,1.627,EXTENDED_GT_12PCT;PRICE_NOT_CROSS_VERIFIED;LIQUIDITY_FLOW_NOT_VERIFIED,NO,,,pykrx
012630,2026-10-08,24050.0,REVERSAL_PROXY,46,51,-6.03,0.582,PRICE_NOT_CROSS_VERIFIED;LIQUIDITY_FLOW_NOT_VERIFIED,NO,,,pykrx
031430,2026-10-08,11030.0,BREAKOUT,67,50,4.73,3.09,PRICE_NOT_CROSS_VERIFIED;LIQUIDITY_FLOW_NOT_VERIFIED,NO,,,pykrx
011300,2026-10-08,2855.0,REVERSAL_PROXY,41,47,8.52,0.643,PRICE_NOT_CROSS_VERIFIED;LIQUIDITY_FLOW_NOT_VERIFIED,NO,,,pykrx
004540,2026-10-08,1244.0,REVERSAL_PROXY,46,43,0.56,0.923,PRICE_NOT_CROSS_VERIFIED;LIQUIDITY_FLOW_NOT_VERIFIED,NO,,,pykrx
005440,2026-10-08,12850.0,REVERSAL_PROXY,53,40,-0.58,2.201,PRICE_NOT_CROSS_VERIFIED;LIQUIDITY_FLOW_NOT_VERIFIED,NO,,,pykrx
471820,2026-10-08,4195.0,REVERSAL_PROXY,48,40,3.33,0.521,PRICE_NOT_CROSS_VERIFIED;LIQUIDITY_FLOW_NOT_VERIFIED,NO,,,pykrx
376300,2026-10-08,19480.0,REVERSAL_PROXY,50,39,8.57,1.785,PRICE_NOT_CROSS_VERIFIED;LIQUIDITY_FLOW_NOT_VERIFIED,NO,,,pykrx
037400,2026-10-08,3465.0,REVERSAL_PROXY,46,37,-2.39,1.478,PRICE_NOT_CROSS_VERIFIED;LIQUIDITY_FLOW_NOT_VERIFIED,NO,,,pykrx
089970,2026-10-08,66800.0,REVERSAL_PROXY,35,32,15.51,0.793,EXTENDED_GT_12PCT;PRICE_NOT_CROSS_VERIFIED;LIQUIDITY_FLOW_NOT_VERIFIED,NO,,,pykrx
088790,2026-10-08,2350.0,REVERSAL_PROXY,42,30,-1.58,0.285,LOW_RVOL;PRICE_NOT_CROSS_VERIFIED;LIQUIDITY_FLOW_NOT_VERIFIED,NO,,,pykrx
457550,2026-10-08,14130.0,REVERSAL_PROXY,43,30,-0.78,0.0,LOW_RVOL;PRICE_NOT_CROSS_VERIFIED;LIQUIDITY_FLOW_NOT_VERIFIED,NO,,,pykrx
024740,2026-10-08,2155.0,REVERSAL_PROXY,19,10,-4.16,0.35,LOW_RVOL;PRICE_NOT_CROSS_VERIFIED;LIQUIDITY_FLOW_NOT_VERIFIED,NO,,,pykrx
