ticker,name,snapshot_date,age_calendar_days,instrument_status,direction_score,entry_score,setup_proxy,sector,verified_turnover_krw,sector_breadth_pct,relative_strength,ideal_buy,max_buy,no_chase,structural_stop,target,forward_rr,status,blocking_reasons,live_buy_approved
000700,유수홀딩스,2026-10-08,3,UNKNOWN_VERIFY,90,85,MA20_NEAR_SUPPORT_PROXY,,,,,,,,,,,WAIT_DATA_OR_SETUP,COMMON_STOCK_NOT_CONFIRMED|NO_INDEPENDENT_SECURITY_MASTER|NO_VERIFIED_TURNOVER|NO_VERIFIED_SECTOR_BREADTH|NO_VERIFIED_RELATIVE_STRENGTH|NO_VERIFIED_ENTRY_TRIGGER|NO_VERIFIED_PRICE_LEVELS|PRICE_LEVELS_MISSING,False
003120,일성아이에스,2026-10-08,3,UNKNOWN_VERIFY,90,85,MA20_NEAR_SUPPORT_PROXY,,,,,,,,,,,WAIT_DATA_OR_SETUP,COMMON_STOCK_NOT_CONFIRMED|NO_INDEPENDENT_SECURITY_MASTER|NO_VERIFIED_TURNOVER|NO_VERIFIED_SECTOR_BREADTH|NO_VERIFIED_RELATIVE_STRENGTH|NO_VERIFIED_ENTRY_TRIGGER|NO_VERIFIED_PRICE_LEVELS|PRICE_LEVELS_MISSING,False
003490,대한항공,2026-10-08,3,UNKNOWN_VERIFY,90,85,MA20_NEAR_SUPPORT_PROXY,,,,,,,,,,,WAIT_DATA_OR_SETUP,COMMON_STOCK_NOT_CONFIRMED|NO_INDEPENDENT_SECURITY_MASTER|NO_VERIFIED_TURNOVER|NO_VERIFIED_SECTOR_BREADTH|NO_VERIFIED_RELATIVE_STRENGTH|NO_VERIFIED_ENTRY_TRIGGER|NO_VERIFIED_PRICE_LEVELS|PRICE_LEVELS_MISSING,False
004080,신흥,2026-10-08,3,UNKNOWN_VERIFY,90,85,MA20_NEAR_SUPPORT_PROXY,,,,,,,,,,,WAIT_DATA_OR_SETUP,COMMON_STOCK_NOT_CONFIRMED|NO_INDEPENDENT_SECURITY_MASTER|NO_VERIFIED_TURNOVER|NO_VERIFIED_SECTOR_BREADTH|NO_VERIFIED_RELATIVE_STRENGTH|NO_VERIFIED_ENTRY_TRIGGER|NO_VERIFIED_PRICE_LEVELS|PRICE_LEVELS_MISSING,False
020560,아시아나항공,2026-10-08,3,UNKNOWN_VERIFY,90,85,MA20_NEAR_SUPPORT_PROXY,,,,,,,,,,,WAIT_DATA_OR_SETUP,COMMON_STOCK_NOT_CONFIRMED|NO_INDEPENDENT_SECURITY_MASTER|NO_VERIFIED_TURNOVER|NO_VERIFIED_SECTOR_BREADTH|NO_VERIFIED_RELATIVE_STRENGTH|NO_VERIFIED_ENTRY_TRIGGER|NO_VERIFIED_PRICE_LEVELS|PRICE_LEVELS_MISSING,False
049430,코메론,2026-10-08,3,UNKNOWN_VERIFY,90,85,MA20_NEAR_SUPPORT_PROXY,,,,,,,,,,,WAIT_DATA_OR_SETUP,COMMON_STOCK_NOT_CONFIRMED|NO_INDEPENDENT_SECURITY_MASTER|NO_VERIFIED_TURNOVER|NO_VERIFIED_SECTOR_BREADTH|NO_VERIFIED_RELATIVE_STRENGTH|NO_VERIFIED_ENTRY_TRIGGER|NO_VERIFIED_PRICE_LEVELS|PRICE_LEVELS_MISSING,False
066620,국보디자인,2026-10-08,3,UNKNOWN_VERIFY,90,85,MA20_NEAR_SUPPORT_PROXY,,,,,,,,,,,WAIT_DATA_OR_SETUP,COMMON_STOCK_NOT_CONFIRMED|NO_INDEPENDENT_SECURITY_MASTER|NO_VERIFIED_TURNOVER|NO_VERIFIED_SECTOR_BREADTH|NO_VERIFIED_RELATIVE_STRENGTH|NO_VERIFIED_ENTRY_TRIGGER|NO_VERIFIED_PRICE_LEVELS|PRICE_LEVELS_MISSING,False
066670,디티씨,2026-10-08,3,UNKNOWN_VERIFY,90,85,MA20_NEAR_SUPPORT_PROXY,,,,,,,,,,,WAIT_DATA_OR_SETUP,COMMON_STOCK_NOT_CONFIRMED|NO_INDEPENDENT_SECURITY_MASTER|NO_VERIFIED_TURNOVER|NO_VERIFIED_SECTOR_BREADTH|NO_VERIFIED_RELATIVE_STRENGTH|NO_VERIFIED_ENTRY_TRIGGER|NO_VERIFIED_PRICE_LEVELS|PRICE_LEVELS_MISSING,False
071320,지역난방공사,2026-10-08,3,UNKNOWN_VERIFY,90,85,MA20_NEAR_SUPPORT_PROXY,,,,,,,,,,,WAIT_DATA_OR_SETUP,COMMON_STOCK_NOT_CONFIRMED|NO_INDEPENDENT_SECURITY_MASTER|NO_VERIFIED_TURNOVER|NO_VERIFIED_SECTOR_BREADTH|NO_VERIFIED_RELATIVE_STRENGTH|NO_VERIFIED_ENTRY_TRIGGER|NO_VERIFIED_PRICE_LEVELS|PRICE_LEVELS_MISSING,False
192400,쿠쿠홀딩스,2026-10-08,3,UNKNOWN_VERIFY,90,85,MA20_NEAR_SUPPORT_PROXY,,,,,,,,,,,WAIT_DATA_OR_SETUP,COMMON_STOCK_NOT_CONFIRMED|NO_INDEPENDENT_SECURITY_MASTER|NO_VERIFIED_TURNOVER|NO_VERIFIED_SECTOR_BREADTH|NO_VERIFIED_RELATIVE_STRENGTH|NO_VERIFIED_ENTRY_TRIGGER|NO_VERIFIED_PRICE_LEVELS|PRICE_LEVELS_MISSING,False
472230,에스케이증권제11호스팩,2026-10-08,3,EXCLUDE_SPECIAL_NAME,90,85,MA20_NEAR_SUPPORT_PROXY,,,,,,,,,,,WAIT_DATA_OR_SETUP,COMMON_STOCK_NOT_CONFIRMED|NO_INDEPENDENT_SECURITY_MASTER|DIRECTION_OR_ENTRY_GATE_FAILED|NO_VERIFIED_TURNOVER|NO_VERIFIED_SECTOR_BREADTH|NO_VERIFIED_RELATIVE_STRENGTH|NO_VERIFIED_ENTRY_TRIGGER|NO_VERIFIED_PRICE_LEVELS|PRICE_LEVELS_MISSING,False
473050,유안타제15호스팩,2026-10-08,3,EXCLUDE_SPECIAL_NAME,90,85,MA20_NEAR_SUPPORT_PROXY,,,,,,,,,,,WAIT_DATA_OR_SETUP,COMMON_STOCK_NOT_CONFIRMED|NO_INDEPENDENT_SECURITY_MASTER|DIRECTION_OR_ENTRY_GATE_FAILED|NO_VERIFIED_TURNOVER|NO_VERIFIED_SECTOR_BREADTH|NO_VERIFIED_RELATIVE_STRENGTH|NO_VERIFIED_ENTRY_TRIGGER|NO_VERIFIED_PRICE_LEVELS|PRICE_LEVELS_MISSING,False
474660,신한제12호스팩,2026-10-08,3,EXCLUDE_SPECIAL_NAME,90,85,MA20_NEAR_SUPPORT_PROXY,,,,,,,,,,,WAIT_DATA_OR_SETUP,COMMON_STOCK_NOT_CONFIRMED|NO_INDEPENDENT_SECURITY_MASTER|DIRECTION_OR_ENTRY_GATE_FAILED|NO_VERIFIED_TURNOVER|NO_VERIFIED_SECTOR_BREADTH|NO_VERIFIED_RELATIVE_STRENGTH|NO_VERIFIED_ENTRY_TRIGGER|NO_VERIFIED_PRICE_LEVELS|PRICE_LEVELS_MISSING,False
000590,CS홀딩스,2026-10-08,3,UNKNOWN_VERIFY,90,45,EXTENDED_WAIT_PULLBACK,,,,,,,,,,,WAIT_DATA_OR_SETUP,COMMON_STOCK_NOT_CONFIRMED|NO_INDEPENDENT_SECURITY_MASTER|DIRECTION_OR_ENTRY_GATE_FAILED|NO_VERIFIED_TURNOVER|NO_VERIFIED_SECTOR_BREADTH|NO_VERIFIED_RELATIVE_STRENGTH|NO_VERIFIED_ENTRY_TRIGGER|NO_VERIFIED_PRICE_LEVELS|PRICE_LEVELS_MISSING,False
002840,미원상사,2026-10-08,3,UNKNOWN_VERIFY,90,45,EXTENDED_WAIT_PULLBACK,,,,,,,,,,,WAIT_DATA_OR_SETUP,COMMON_STOCK_NOT_CONFIRMED|NO_INDEPENDENT_SECURITY_MASTER|DIRECTION_OR_ENTRY_GATE_FAILED|NO_VERIFIED_TURNOVER|NO_VERIFIED_SECTOR_BREADTH|NO_VERIFIED_RELATIVE_STRENGTH|NO_VERIFIED_ENTRY_TRIGGER|NO_VERIFIED_PRICE_LEVELS|PRICE_LEVELS_MISSING,False
009240,한샘,2026-10-08,3,UNKNOWN_VERIFY,90,45,EXTENDED_WAIT_PULLBACK,,,,,,,,,,,WAIT_DATA_OR_SETUP,COMMON_STOCK_NOT_CONFIRMED|NO_INDEPENDENT_SECURITY_MASTER|DIRECTION_OR_ENTRY_GATE_FAILED|NO_VERIFIED_TURNOVER|NO_VERIFIED_SECTOR_BREADTH|NO_VERIFIED_RELATIVE_STRENGTH|NO_VERIFIED_ENTRY_TRIGGER|NO_VERIFIED_PRICE_LEVELS|PRICE_LEVELS_MISSING,False
054950,제이브이엠,2026-10-08,3,UNKNOWN_VERIFY,90,45,EXTENDED_WAIT_PULLBACK,,,,,,,,,,,WAIT_DATA_OR_SETUP,COMMON_STOCK_NOT_CONFIRMED|NO_INDEPENDENT_SECURITY_MASTER|DIRECTION_OR_ENTRY_GATE_FAILED|NO_VERIFIED_TURNOVER|NO_VERIFIED_SECTOR_BREADTH|NO_VERIFIED_RELATIVE_STRENGTH|NO_VERIFIED_ENTRY_TRIGGER|NO_VERIFIED_PRICE_LEVELS|PRICE_LEVELS_MISSING,False
096870,엘디티,2026-10-08,3,UNKNOWN_VERIFY,90,45,EXTENDED_WAIT_PULLBACK,,,,,,,,,,,WAIT_DATA_OR_SETUP,COMMON_STOCK_NOT_CONFIRMED|NO_INDEPENDENT_SECURITY_MASTER|DIRECTION_OR_ENTRY_GATE_FAILED|NO_VERIFIED_TURNOVER|NO_VERIFIED_SECTOR_BREADTH|NO_VERIFIED_RELATIVE_STRENGTH|NO_VERIFIED_ENTRY_TRIGGER|NO_VERIFIED_PRICE_LEVELS|PRICE_LEVELS_MISSING,False
317530,에피소드컴퍼니,2026-10-08,3,UNKNOWN_VERIFY,90,45,EXTENDED_WAIT_PULLBACK,,,,,,,,,,,WAIT_DATA_OR_SETUP,COMMON_STOCK_NOT_CONFIRMED|NO_INDEPENDENT_SECURITY_MASTER|DIRECTION_OR_ENTRY_GATE_FAILED|NO_VERIFIED_TURNOVER|NO_VERIFIED_SECTOR_BREADTH|NO_VERIFIED_RELATIVE_STRENGTH|NO_VERIFIED_ENTRY_TRIGGER|NO_VERIFIED_PRICE_LEVELS|PRICE_LEVELS_MISSING,False
002960,한국쉘석유,2026-10-08,3,UNKNOWN_VERIFY,90,15,NO_CHASE_OR_TREND_BREAK,,,,,,,,,,,WAIT_DATA_OR_SETUP,COMMON_STOCK_NOT_CONFIRMED|NO_INDEPENDENT_SECURITY_MASTER|DIRECTION_OR_ENTRY_GATE_FAILED|NO_VERIFIED_TURNOVER|NO_VERIFIED_SECTOR_BREADTH|NO_VERIFIED_RELATIVE_STRENGTH|NO_VERIFIED_ENTRY_TRIGGER|NO_VERIFIED_PRICE_LEVELS|PRICE_LEVELS_MISSING,False
005320,온타이드,2026-10-08,3,UNKNOWN_VERIFY,90,15,NO_CHASE_OR_TREND_BREAK,,,,,,,,,,,WAIT_DATA_OR_SETUP,COMMON_STOCK_NOT_CONFIRMED|NO_INDEPENDENT_SECURITY_MASTER|DIRECTION_OR_ENTRY_GATE_FAILED|NO_VERIFIED_TURNOVER|NO_VERIFIED_SECTOR_BREADTH|NO_VERIFIED_RELATIVE_STRENGTH|NO_VERIFIED_ENTRY_TRIGGER|NO_VERIFIED_PRICE_LEVELS|PRICE_LEVELS_MISSING,False
006110,삼아알미늄,2026-10-08,3,UNKNOWN_VERIFY,90,15,NO_CHASE_OR_TREND_BREAK,,,,,,,,,,,WAIT_DATA_OR_SETUP,COMMON_STOCK_NOT_CONFIRMED|NO_INDEPENDENT_SECURITY_MASTER|DIRECTION_OR_ENTRY_GATE_FAILED|NO_VERIFIED_TURNOVER|NO_VERIFIED_SECTOR_BREADTH|NO_VERIFIED_RELATIVE_STRENGTH|NO_VERIFIED_ENTRY_TRIGGER|NO_VERIFIED_PRICE_LEVELS|PRICE_LEVELS_MISSING,False
012030,DB,2026-10-08,3,UNKNOWN_VERIFY,90,15,NO_CHASE_OR_TREND_BREAK,,,,,,,,,,,WAIT_DATA_OR_SETUP,COMMON_STOCK_NOT_CONFIRMED|NO_INDEPENDENT_SECURITY_MASTER|DIRECTION_OR_ENTRY_GATE_FAILED|NO_VERIFIED_TURNOVER|NO_VERIFIED_SECTOR_BREADTH|NO_VERIFIED_RELATIVE_STRENGTH|NO_VERIFIED_ENTRY_TRIGGER|NO_VERIFIED_PRICE_LEVELS|PRICE_LEVELS_MISSING,False
033560,블루콤,2026-10-08,3,UNKNOWN_VERIFY,90,15,NO_CHASE_OR_TREND_BREAK,,,,,,,,,,,WAIT_DATA_OR_SETUP,COMMON_STOCK_NOT_CONFIRMED|NO_INDEPENDENT_SECURITY_MASTER|DIRECTION_OR_ENTRY_GATE_FAILED|NO_VERIFIED_TURNOVER|NO_VERIFIED_SECTOR_BREADTH|NO_VERIFIED_RELATIVE_STRENGTH|NO_VERIFIED_ENTRY_TRIGGER|NO_VERIFIED_PRICE_LEVELS|PRICE_LEVELS_MISSING,False
033790,피노,2026-10-08,3,UNKNOWN_VERIFY,90,15,NO_CHASE_OR_TREND_BREAK,,,,,,,,,,,WAIT_DATA_OR_SETUP,COMMON_STOCK_NOT_CONFIRMED|NO_INDEPENDENT_SECURITY_MASTER|DIRECTION_OR_ENTRY_GATE_FAILED|NO_VERIFIED_TURNOVER|NO_VERIFIED_SECTOR_BREADTH|NO_VERIFIED_RELATIVE_STRENGTH|NO_VERIFIED_ENTRY_TRIGGER|NO_VERIFIED_PRICE_LEVELS|PRICE_LEVELS_MISSING,False
042040,케이피엠테크,2026-10-08,3,UNKNOWN_VERIFY,90,15,NO_CHASE_OR_TREND_BREAK,,,,,,,,,,,WAIT_DATA_OR_SETUP,COMMON_STOCK_NOT_CONFIRMED|NO_INDEPENDENT_SECURITY_MASTER|DIRECTION_OR_ENTRY_GATE_FAILED|NO_VERIFIED_TURNOVER|NO_VERIFIED_SECTOR_BREADTH|NO_VERIFIED_RELATIVE_STRENGTH|NO_VERIFIED_ENTRY_TRIGGER|NO_VERIFIED_PRICE_LEVELS|PRICE_LEVELS_MISSING,False
047310,파워로직스,2026-10-08,3,UNKNOWN_VERIFY,90,15,NO_CHASE_OR_TREND_BREAK,,,,,,,,,,,WAIT_DATA_OR_SETUP,COMMON_STOCK_NOT_CONFIRMED|NO_INDEPENDENT_SECURITY_MASTER|DIRECTION_OR_ENTRY_GATE_FAILED|NO_VERIFIED_TURNOVER|NO_VERIFIED_SECTOR_BREADTH|NO_VERIFIED_RELATIVE_STRENGTH|NO_VERIFIED_ENTRY_TRIGGER|NO_VERIFIED_PRICE_LEVELS|PRICE_LEVELS_MISSING,False
083450,GST,2026-10-08,3,UNKNOWN_VERIFY,90,15,NO_CHASE_OR_TREND_BREAK,,,,,,,,,,,WAIT_DATA_OR_SETUP,COMMON_STOCK_NOT_CONFIRMED|NO_INDEPENDENT_SECURITY_MASTER|DIRECTION_OR_ENTRY_GATE_FAILED|NO_VERIFIED_TURNOVER|NO_VERIFIED_SECTOR_BREADTH|NO_VERIFIED_RELATIVE_STRENGTH|NO_VERIFIED_ENTRY_TRIGGER|NO_VERIFIED_PRICE_LEVELS|PRICE_LEVELS_MISSING,False
083930,아바코,2026-10-08,3,UNKNOWN_VERIFY,90,15,NO_CHASE_OR_TREND_BREAK,,,,,,,,,,,WAIT_DATA_OR_SETUP,COMMON_STOCK_NOT_CONFIRMED|NO_INDEPENDENT_SECURITY_MASTER|DIRECTION_OR_ENTRY_GATE_FAILED|NO_VERIFIED_TURNOVER|NO_VERIFIED_SECTOR_BREADTH|NO_VERIFIED_RELATIVE_STRENGTH|NO_VERIFIED_ENTRY_TRIGGER|NO_VERIFIED_PRICE_LEVELS|PRICE_LEVELS_MISSING,False
089790,제이티,2026-10-08,3,UNKNOWN_VERIFY,90,15,NO_CHASE_OR_TREND_BREAK,,,,,,,,,,,WAIT_DATA_OR_SETUP,COMMON_STOCK_NOT_CONFIRMED|NO_INDEPENDENT_SECURITY_MASTER|DIRECTION_OR_ENTRY_GATE_FAILED|NO_VERIFIED_TURNOVER|NO_VERIFIED_SECTOR_BREADTH|NO_VERIFIED_RELATIVE_STRENGTH|NO_VERIFIED_ENTRY_TRIGGER|NO_VERIFIED_PRICE_LEVELS|PRICE_LEVELS_MISSING,False
092070,디엔에프,2026-10-08,3,UNKNOWN_VERIFY,90,15,NO_CHASE_OR_TREND_BREAK,,,,,,,,,,,WAIT_DATA_OR_SETUP,COMMON_STOCK_NOT_CONFIRMED|NO_INDEPENDENT_SECURITY_MASTER|DIRECTION_OR_ENTRY_GATE_FAILED|NO_VERIFIED_TURNOVER|NO_VERIFIED_SECTOR_BREADTH|NO_VERIFIED_RELATIVE_STRENGTH|NO_VERIFIED_ENTRY_TRIGGER|NO_VERIFIED_PRICE_LEVELS|PRICE_LEVELS_MISSING,False
098460,고영,2026-10-08,3,UNKNOWN_VERIFY,90,15,NO_CHASE_OR_TREND_BREAK,,,,,,,,,,,WAIT_DATA_OR_SETUP,COMMON_STOCK_NOT_CONFIRMED|NO_INDEPENDENT_SECURITY_MASTER|DIRECTION_OR_ENTRY_GATE_FAILED|NO_VERIFIED_TURNOVER|NO_VERIFIED_SECTOR_BREADTH|NO_VERIFIED_RELATIVE_STRENGTH|NO_VERIFIED_ENTRY_TRIGGER|NO_VERIFIED_PRICE_LEVELS|PRICE_LEVELS_MISSING,False
104480,티케이케미칼,2026-10-08,3,UNKNOWN_VERIFY,90,15,NO_CHASE_OR_TREND_BREAK,,,,,,,,,,,WAIT_DATA_OR_SETUP,COMMON_STOCK_NOT_CONFIRMED|NO_INDEPENDENT_SECURITY_MASTER|DIRECTION_OR_ENTRY_GATE_FAILED|NO_VERIFIED_TURNOVER|NO_VERIFIED_SECTOR_BREADTH|NO_VERIFIED_RELATIVE_STRENGTH|NO_VERIFIED_ENTRY_TRIGGER|NO_VERIFIED_PRICE_LEVELS|PRICE_LEVELS_MISSING,False
142210,유니트론텍,2026-10-08,3,UNKNOWN_VERIFY,90,15,NO_CHASE_OR_TREND_BREAK,,,,,,,,,,,WAIT_DATA_OR_SETUP,COMMON_STOCK_NOT_CONFIRMED|NO_INDEPENDENT_SECURITY_MASTER|DIRECTION_OR_ENTRY_GATE_FAILED|NO_VERIFIED_TURNOVER|NO_VERIFIED_SECTOR_BREADTH|NO_VERIFIED_RELATIVE_STRENGTH|NO_VERIFIED_ENTRY_TRIGGER|NO_VERIFIED_PRICE_LEVELS|PRICE_LEVELS_MISSING,False
147760,피엠티,2026-10-08,3,UNKNOWN_VERIFY,90,15,NO_CHASE_OR_TREND_BREAK,,,,,,,,,,,WAIT_DATA_OR_SETUP,COMMON_STOCK_NOT_CONFIRMED|NO_INDEPENDENT_SECURITY_MASTER|DIRECTION_OR_ENTRY_GATE_FAILED|NO_VERIFIED_TURNOVER|NO_VERIFIED_SECTOR_BREADTH|NO_VERIFIED_RELATIVE_STRENGTH|NO_VERIFIED_ENTRY_TRIGGER|NO_VERIFIED_PRICE_LEVELS|PRICE_LEVELS_MISSING,False
156100,엘앤케이바이오,2026-10-08,3,UNKNOWN_VERIFY,90,15,NO_CHASE_OR_TREND_BREAK,,,,,,,,,,,WAIT_DATA_OR_SETUP,COMMON_STOCK_NOT_CONFIRMED|NO_INDEPENDENT_SECURITY_MASTER|DIRECTION_OR_ENTRY_GATE_FAILED|NO_VERIFIED_TURNOVER|NO_VERIFIED_SECTOR_BREADTH|NO_VERIFIED_RELATIVE_STRENGTH|NO_VERIFIED_ENTRY_TRIGGER|NO_VERIFIED_PRICE_LEVELS|PRICE_LEVELS_MISSING,False
178920,PI첨단소재,2026-10-08,3,UNKNOWN_VERIFY,90,15,NO_CHASE_OR_TREND_BREAK,,,,,,,,,,,WAIT_DATA_OR_SETUP,COMMON_STOCK_NOT_CONFIRMED|NO_INDEPENDENT_SECURITY_MASTER|DIRECTION_OR_ENTRY_GATE_FAILED|NO_VERIFIED_TURNOVER|NO_VERIFIED_SECTOR_BREADTH|NO_VERIFIED_RELATIVE_STRENGTH|NO_VERIFIED_ENTRY_TRIGGER|NO_VERIFIED_PRICE_LEVELS|PRICE_LEVELS_MISSING,False
200350,아티스트스튜디오,2026-10-08,3,UNKNOWN_VERIFY,90,15,NO_CHASE_OR_TREND_BREAK,,,,,,,,,,,WAIT_DATA_OR_SETUP,COMMON_STOCK_NOT_CONFIRMED|NO_INDEPENDENT_SECURITY_MASTER|DIRECTION_OR_ENTRY_GATE_FAILED|NO_VERIFIED_TURNOVER|NO_VERIFIED_SECTOR_BREADTH|NO_VERIFIED_RELATIVE_STRENGTH|NO_VERIFIED_ENTRY_TRIGGER|NO_VERIFIED_PRICE_LEVELS|PRICE_LEVELS_MISSING,False
200470,에이팩트,2026-10-08,3,UNKNOWN_VERIFY,90,15,NO_CHASE_OR_TREND_BREAK,,,,,,,,,,,WAIT_DATA_OR_SETUP,COMMON_STOCK_NOT_CONFIRMED|NO_INDEPENDENT_SECURITY_MASTER|DIRECTION_OR_ENTRY_GATE_FAILED|NO_VERIFIED_TURNOVER|NO_VERIFIED_SECTOR_BREADTH|NO_VERIFIED_RELATIVE_STRENGTH|NO_VERIFIED_ENTRY_TRIGGER|NO_VERIFIED_PRICE_LEVELS|PRICE_LEVELS_MISSING,False
217190,제너셈,2026-10-08,3,UNKNOWN_VERIFY,90,15,NO_CHASE_OR_TREND_BREAK,,,,,,,,,,,WAIT_DATA_OR_SETUP,COMMON_STOCK_NOT_CONFIRMED|NO_INDEPENDENT_SECURITY_MASTER|DIRECTION_OR_ENTRY_GATE_FAILED|NO_VERIFIED_TURNOVER|NO_VERIFIED_SECTOR_BREADTH|NO_VERIFIED_RELATIVE_STRENGTH|NO_VERIFIED_ENTRY_TRIGGER|NO_VERIFIED_PRICE_LEVELS|PRICE_LEVELS_MISSING,False
229640,LS에코에너지,2026-10-08,3,UNKNOWN_VERIFY,90,15,NO_CHASE_OR_TREND_BREAK,,,,,,,,,,,WAIT_DATA_OR_SETUP,COMMON_STOCK_NOT_CONFIRMED|NO_INDEPENDENT_SECURITY_MASTER|DIRECTION_OR_ENTRY_GATE_FAILED|NO_VERIFIED_TURNOVER|NO_VERIFIED_SECTOR_BREADTH|NO_VERIFIED_RELATIVE_STRENGTH|NO_VERIFIED_ENTRY_TRIGGER|NO_VERIFIED_PRICE_LEVELS|PRICE_LEVELS_MISSING,False
354320,알멕,2026-10-08,3,UNKNOWN_VERIFY,90,15,NO_CHASE_OR_TREND_BREAK,,,,,,,,,,,WAIT_DATA_OR_SETUP,COMMON_STOCK_NOT_CONFIRMED|NO_INDEPENDENT_SECURITY_MASTER|DIRECTION_OR_ENTRY_GATE_FAILED|NO_VERIFIED_TURNOVER|NO_VERIFIED_SECTOR_BREADTH|NO_VERIFIED_RELATIVE_STRENGTH|NO_VERIFIED_ENTRY_TRIGGER|NO_VERIFIED_PRICE_LEVELS|PRICE_LEVELS_MISSING,False
355690,에이텀,2026-10-08,3,UNKNOWN_VERIFY,90,15,NO_CHASE_OR_TREND_BREAK,,,,,,,,,,,WAIT_DATA_OR_SETUP,COMMON_STOCK_NOT_CONFIRMED|NO_INDEPENDENT_SECURITY_MASTER|DIRECTION_OR_ENTRY_GATE_FAILED|NO_VERIFIED_TURNOVER|NO_VERIFIED_SECTOR_BREADTH|NO_VERIFIED_RELATIVE_STRENGTH|NO_VERIFIED_ENTRY_TRIGGER|NO_VERIFIED_PRICE_LEVELS|PRICE_LEVELS_MISSING,False
373220,LG에너지솔루션,2026-10-08,3,UNKNOWN_VERIFY,90,15,NO_CHASE_OR_TREND_BREAK,,,,,,,,,,,WAIT_DATA_OR_SETUP,COMMON_STOCK_NOT_CONFIRMED|NO_INDEPENDENT_SECURITY_MASTER|DIRECTION_OR_ENTRY_GATE_FAILED|NO_VERIFIED_TURNOVER|NO_VERIFIED_SECTOR_BREADTH|NO_VERIFIED_RELATIVE_STRENGTH|NO_VERIFIED_ENTRY_TRIGGER|NO_VERIFIED_PRICE_LEVELS|PRICE_LEVELS_MISSING,False
382800,지앤비에스 에코,2026-10-08,3,UNKNOWN_VERIFY,90,15,NO_CHASE_OR_TREND_BREAK,,,,,,,,,,,WAIT_DATA_OR_SETUP,COMMON_STOCK_NOT_CONFIRMED|NO_INDEPENDENT_SECURITY_MASTER|DIRECTION_OR_ENTRY_GATE_FAILED|NO_VERIFIED_TURNOVER|NO_VERIFIED_SECTOR_BREADTH|NO_VERIFIED_RELATIVE_STRENGTH|NO_VERIFIED_ENTRY_TRIGGER|NO_VERIFIED_PRICE_LEVELS|PRICE_LEVELS_MISSING,False
383930,디티앤씨알오,2026-10-08,3,UNKNOWN_VERIFY,90,15,NO_CHASE_OR_TREND_BREAK,,,,,,,,,,,WAIT_DATA_OR_SETUP,COMMON_STOCK_NOT_CONFIRMED|NO_INDEPENDENT_SECURITY_MASTER|DIRECTION_OR_ENTRY_GATE_FAILED|NO_VERIFIED_TURNOVER|NO_VERIFIED_SECTOR_BREADTH|NO_VERIFIED_RELATIVE_STRENGTH|NO_VERIFIED_ENTRY_TRIGGER|NO_VERIFIED_PRICE_LEVELS|PRICE_LEVELS_MISSING,False
393890,더블유씨피,2026-10-08,3,UNKNOWN_VERIFY,90,15,NO_CHASE_OR_TREND_BREAK,,,,,,,,,,,WAIT_DATA_OR_SETUP,COMMON_STOCK_NOT_CONFIRMED|NO_INDEPENDENT_SECURITY_MASTER|DIRECTION_OR_ENTRY_GATE_FAILED|NO_VERIFIED_TURNOVER|NO_VERIFIED_SECTOR_BREADTH|NO_VERIFIED_RELATIVE_STRENGTH|NO_VERIFIED_ENTRY_TRIGGER|NO_VERIFIED_PRICE_LEVELS|PRICE_LEVELS_MISSING,False
417200,LS머트리얼즈,2026-10-08,3,UNKNOWN_VERIFY,90,15,NO_CHASE_OR_TREND_BREAK,,,,,,,,,,,WAIT_DATA_OR_SETUP,COMMON_STOCK_NOT_CONFIRMED|NO_INDEPENDENT_SECURITY_MASTER|DIRECTION_OR_ENTRY_GATE_FAILED|NO_VERIFIED_TURNOVER|NO_VERIFIED_SECTOR_BREADTH|NO_VERIFIED_RELATIVE_STRENGTH|NO_VERIFIED_ENTRY_TRIGGER|NO_VERIFIED_PRICE_LEVELS|PRICE_LEVELS_MISSING,False
417840,저스템,2026-10-08,3,UNKNOWN_VERIFY,90,15,NO_CHASE_OR_TREND_BREAK,,,,,,,,,,,WAIT_DATA_OR_SETUP,COMMON_STOCK_NOT_CONFIRMED|NO_INDEPENDENT_SECURITY_MASTER|DIRECTION_OR_ENTRY_GATE_FAILED|NO_VERIFIED_TURNOVER|NO_VERIFIED_SECTOR_BREADTH|NO_VERIFIED_RELATIVE_STRENGTH|NO_VERIFIED_ENTRY_TRIGGER|NO_VERIFIED_PRICE_LEVELS|PRICE_LEVELS_MISSING,False
000640,동아쏘시오홀딩스,2026-10-08,3,UNKNOWN_VERIFY,75,85,MA20_NEAR_SUPPORT_PROXY,,,,,,,,,,,WAIT_DATA_OR_SETUP,COMMON_STOCK_NOT_CONFIRMED|NO_INDEPENDENT_SECURITY_MASTER|NO_VERIFIED_TURNOVER|NO_VERIFIED_SECTOR_BREADTH|NO_VERIFIED_RELATIVE_STRENGTH|NO_VERIFIED_ENTRY_TRIGGER|NO_VERIFIED_PRICE_LEVELS|PRICE_LEVELS_MISSING,False
005180,빙그레,2026-10-08,3,UNKNOWN_VERIFY,75,85,MA20_NEAR_SUPPORT_PROXY,,,,,,,,,,,WAIT_DATA_OR_SETUP,COMMON_STOCK_NOT_CONFIRMED|NO_INDEPENDENT_SECURITY_MASTER|NO_VERIFIED_TURNOVER|NO_VERIFIED_SECTOR_BREADTH|NO_VERIFIED_RELATIVE_STRENGTH|NO_VERIFIED_ENTRY_TRIGGER|NO_VERIFIED_PRICE_LEVELS|PRICE_LEVELS_MISSING,False
006090,사조오양,2026-10-08,3,UNKNOWN_VERIFY,75,85,MA20_NEAR_SUPPORT_PROXY,,,,,,,,,,,WAIT_DATA_OR_SETUP,COMMON_STOCK_NOT_CONFIRMED|NO_INDEPENDENT_SECURITY_MASTER|NO_VERIFIED_TURNOVER|NO_VERIFIED_SECTOR_BREADTH|NO_VERIFIED_RELATIVE_STRENGTH|NO_VERIFIED_ENTRY_TRIGGER|NO_VERIFIED_PRICE_LEVELS|PRICE_LEVELS_MISSING,False
012170,아센디오,2026-10-08,3,UNKNOWN_VERIFY,75,85,MA20_NEAR_SUPPORT_PROXY,,,,,,,,,,,WAIT_DATA_OR_SETUP,COMMON_STOCK_NOT_CONFIRMED|NO_INDEPENDENT_SECURITY_MASTER|NO_VERIFIED_TURNOVER|NO_VERIFIED_SECTOR_BREADTH|NO_VERIFIED_RELATIVE_STRENGTH|NO_VERIFIED_ENTRY_TRIGGER|NO_VERIFIED_PRICE_LEVELS|PRICE_LEVELS_MISSING,False
012750,에스원,2026-10-08,3,UNKNOWN_VERIFY,75,85,MA20_NEAR_SUPPORT_PROXY,,,,,,,,,,,WAIT_DATA_OR_SETUP,COMMON_STOCK_NOT_CONFIRMED|NO_INDEPENDENT_SECURITY_MASTER|NO_VERIFIED_TURNOVER|NO_VERIFIED_SECTOR_BREADTH|NO_VERIFIED_RELATIVE_STRENGTH|NO_VERIFIED_ENTRY_TRIGGER|NO_VERIFIED_PRICE_LEVELS|PRICE_LEVELS_MISSING,False
017650,대림제지,2026-10-08,3,UNKNOWN_VERIFY,75,85,MA20_NEAR_SUPPORT_PROXY,,,,,,,,,,,WAIT_DATA_OR_SETUP,COMMON_STOCK_NOT_CONFIRMED|NO_INDEPENDENT_SECURITY_MASTER|NO_VERIFIED_TURNOVER|NO_VERIFIED_SECTOR_BREADTH|NO_VERIFIED_RELATIVE_STRENGTH|NO_VERIFIED_ENTRY_TRIGGER|NO_VERIFIED_PRICE_LEVELS|PRICE_LEVELS_MISSING,False
026960,동서,2026-10-08,3,UNKNOWN_VERIFY,75,85,MA20_NEAR_SUPPORT_PROXY,,,,,,,,,,,WAIT_DATA_OR_SETUP,COMMON_STOCK_NOT_CONFIRMED|NO_INDEPENDENT_SECURITY_MASTER|NO_VERIFIED_TURNOVER|NO_VERIFIED_SECTOR_BREADTH|NO_VERIFIED_RELATIVE_STRENGTH|NO_VERIFIED_ENTRY_TRIGGER|NO_VERIFIED_PRICE_LEVELS|PRICE_LEVELS_MISSING,False
028100,동아지질,2026-10-08,3,UNKNOWN_VERIFY,75,85,MA20_NEAR_SUPPORT_PROXY,,,,,,,,,,,WAIT_DATA_OR_SETUP,COMMON_STOCK_NOT_CONFIRMED|NO_INDEPENDENT_SECURITY_MASTER|NO_VERIFIED_TURNOVER|NO_VERIFIED_SECTOR_BREADTH|NO_VERIFIED_RELATIVE_STRENGTH|NO_VERIFIED_ENTRY_TRIGGER|NO_VERIFIED_PRICE_LEVELS|PRICE_LEVELS_MISSING,False
050120,ES큐브,2026-10-08,3,UNKNOWN_VERIFY,75,85,MA20_NEAR_SUPPORT_PROXY,,,,,,,,,,,WAIT_DATA_OR_SETUP,COMMON_STOCK_NOT_CONFIRMED|NO_INDEPENDENT_SECURITY_MASTER|NO_VERIFIED_TURNOVER|NO_VERIFIED_SECTOR_BREADTH|NO_VERIFIED_RELATIVE_STRENGTH|NO_VERIFIED_ENTRY_TRIGGER|NO_VERIFIED_PRICE_LEVELS|PRICE_LEVELS_MISSING,False
052300,오션인더블유,2026-10-08,3,UNKNOWN_VERIFY,75,85,MA20_NEAR_SUPPORT_PROXY,,,,,,,,,,,WAIT_DATA_OR_SETUP,COMMON_STOCK_NOT_CONFIRMED|NO_INDEPENDENT_SECURITY_MASTER|NO_VERIFIED_TURNOVER|NO_VERIFIED_SECTOR_BREADTH|NO_VERIFIED_RELATIVE_STRENGTH|NO_VERIFIED_ENTRY_TRIGGER|NO_VERIFIED_PRICE_LEVELS|PRICE_LEVELS_MISSING,False
066900,디에이피,2026-10-08,3,UNKNOWN_VERIFY,75,85,MA20_NEAR_SUPPORT_PROXY,,,,,,,,,,,WAIT_DATA_OR_SETUP,COMMON_STOCK_NOT_CONFIRMED|NO_INDEPENDENT_SECURITY_MASTER|NO_VERIFIED_TURNOVER|NO_VERIFIED_SECTOR_BREADTH|NO_VERIFIED_RELATIVE_STRENGTH|NO_VERIFIED_ENTRY_TRIGGER|NO_VERIFIED_PRICE_LEVELS|PRICE_LEVELS_MISSING,False
067010,이씨에스,2026-10-08,3,UNKNOWN_VERIFY,75,85,MA20_NEAR_SUPPORT_PROXY,,,,,,,,,,,WAIT_DATA_OR_SETUP,COMMON_STOCK_NOT_CONFIRMED|NO_INDEPENDENT_SECURITY_MASTER|NO_VERIFIED_TURNOVER|NO_VERIFIED_SECTOR_BREADTH|NO_VERIFIED_RELATIVE_STRENGTH|NO_VERIFIED_ENTRY_TRIGGER|NO_VERIFIED_PRICE_LEVELS|PRICE_LEVELS_MISSING,False
068930,디지털대성,2026-10-08,3,UNKNOWN_VERIFY,75,85,MA20_NEAR_SUPPORT_PROXY,,,,,,,,,,,WAIT_DATA_OR_SETUP,COMMON_STOCK_NOT_CONFIRMED|NO_INDEPENDENT_SECURITY_MASTER|NO_VERIFIED_TURNOVER|NO_VERIFIED_SECTOR_BREADTH|NO_VERIFIED_RELATIVE_STRENGTH|NO_VERIFIED_ENTRY_TRIGGER|NO_VERIFIED_PRICE_LEVELS|PRICE_LEVELS_MISSING,False
070590,인티큐브,2026-10-08,3,UNKNOWN_VERIFY,75,85,MA20_NEAR_SUPPORT_PROXY,,,,,,,,,,,WAIT_DATA_OR_SETUP,COMMON_STOCK_NOT_CONFIRMED|NO_INDEPENDENT_SECURITY_MASTER|NO_VERIFIED_TURNOVER|NO_VERIFIED_SECTOR_BREADTH|NO_VERIFIED_RELATIVE_STRENGTH|NO_VERIFIED_ENTRY_TRIGGER|NO_VERIFIED_PRICE_LEVELS|PRICE_LEVELS_MISSING,False
092730,네오팜,2026-10-08,3,UNKNOWN_VERIFY,75,85,MA20_NEAR_SUPPORT_PROXY,,,,,,,,,,,WAIT_DATA_OR_SETUP,COMMON_STOCK_NOT_CONFIRMED|NO_INDEPENDENT_SECURITY_MASTER|NO_VERIFIED_TURNOVER|NO_VERIFIED_SECTOR_BREADTH|NO_VERIFIED_RELATIVE_STRENGTH|NO_VERIFIED_ENTRY_TRIGGER|NO_VERIFIED_PRICE_LEVELS|PRICE_LEVELS_MISSING,False
093520,매커스,2026-10-08,3,UNKNOWN_VERIFY,75,85,MA20_NEAR_SUPPORT_PROXY,,,,,,,,,,,WAIT_DATA_OR_SETUP,COMMON_STOCK_NOT_CONFIRMED|NO_INDEPENDENT_SECURITY_MASTER|NO_VERIFIED_TURNOVER|NO_VERIFIED_SECTOR_BREADTH|NO_VERIFIED_RELATIVE_STRENGTH|NO_VERIFIED_ENTRY_TRIGGER|NO_VERIFIED_PRICE_LEVELS|PRICE_LEVELS_MISSING,False
093640,케이알엠,2026-10-08,3,UNKNOWN_VERIFY,75,85,MA20_NEAR_SUPPORT_PROXY,,,,,,,,,,,WAIT_DATA_OR_SETUP,COMMON_STOCK_NOT_CONFIRMED|NO_INDEPENDENT_SECURITY_MASTER|NO_VERIFIED_TURNOVER|NO_VERIFIED_SECTOR_BREADTH|NO_VERIFIED_RELATIVE_STRENGTH|NO_VERIFIED_ENTRY_TRIGGER|NO_VERIFIED_PRICE_LEVELS|PRICE_LEVELS_MISSING,False
109860,동일금속,2026-10-08,3,UNKNOWN_VERIFY,75,85,MA20_NEAR_SUPPORT_PROXY,,,,,,,,,,,WAIT_DATA_OR_SETUP,COMMON_STOCK_NOT_CONFIRMED|NO_INDEPENDENT_SECURITY_MASTER|NO_VERIFIED_TURNOVER|NO_VERIFIED_SECTOR_BREADTH|NO_VERIFIED_RELATIVE_STRENGTH|NO_VERIFIED_ENTRY_TRIGGER|NO_VERIFIED_PRICE_LEVELS|PRICE_LEVELS_MISSING,False
126560,현대퓨처넷,2026-10-08,3,UNKNOWN_VERIFY,75,85,MA20_NEAR_SUPPORT_PROXY,,,,,,,,,,,WAIT_DATA_OR_SETUP,COMMON_STOCK_NOT_CONFIRMED|NO_INDEPENDENT_SECURITY_MASTER|NO_VERIFIED_TURNOVER|NO_VERIFIED_SECTOR_BREADTH|NO_VERIFIED_RELATIVE_STRENGTH|NO_VERIFIED_ENTRY_TRIGGER|NO_VERIFIED_PRICE_LEVELS|PRICE_LEVELS_MISSING,False
130580,나이스디앤비,2026-10-08,3,UNKNOWN_VERIFY,75,85,MA20_NEAR_SUPPORT_PROXY,,,,,,,,,,,WAIT_DATA_OR_SETUP,COMMON_STOCK_NOT_CONFIRMED|NO_INDEPENDENT_SECURITY_MASTER|NO_VERIFIED_TURNOVER|NO_VERIFIED_SECTOR_BREADTH|NO_VERIFIED_RELATIVE_STRENGTH|NO_VERIFIED_ENTRY_TRIGGER|NO_VERIFIED_PRICE_LEVELS|PRICE_LEVELS_MISSING,False
131090,시큐브,2026-10-08,3,UNKNOWN_VERIFY,75,85,MA20_NEAR_SUPPORT_PROXY,,,,,,,,,,,WAIT_DATA_OR_SETUP,COMMON_STOCK_NOT_CONFIRMED|NO_INDEPENDENT_SECURITY_MASTER|NO_VERIFIED_TURNOVER|NO_VERIFIED_SECTOR_BREADTH|NO_VERIFIED_RELATIVE_STRENGTH|NO_VERIFIED_ENTRY_TRIGGER|NO_VERIFIED_PRICE_LEVELS|PRICE_LEVELS_MISSING,False
192390,윈하이텍,2026-10-08,3,UNKNOWN_VERIFY,75,85,MA20_NEAR_SUPPORT_PROXY,,,,,,,,,,,WAIT_DATA_OR_SETUP,COMMON_STOCK_NOT_CONFIRMED|NO_INDEPENDENT_SECURITY_MASTER|NO_VERIFIED_TURNOVER|NO_VERIFIED_SECTOR_BREADTH|NO_VERIFIED_RELATIVE_STRENGTH|NO_VERIFIED_ENTRY_TRIGGER|NO_VERIFIED_PRICE_LEVELS|PRICE_LEVELS_MISSING,False
197140,디지캡,2026-10-08,3,UNKNOWN_VERIFY,75,85,MA20_NEAR_SUPPORT_PROXY,,,,,,,,,,,WAIT_DATA_OR_SETUP,COMMON_STOCK_NOT_CONFIRMED|NO_INDEPENDENT_SECURITY_MASTER|NO_VERIFIED_TURNOVER|NO_VERIFIED_SECTOR_BREADTH|NO_VERIFIED_RELATIVE_STRENGTH|NO_VERIFIED_ENTRY_TRIGGER|NO_VERIFIED_PRICE_LEVELS|PRICE_LEVELS_MISSING,False
352940,인바이오,2026-10-08,3,UNKNOWN_VERIFY,75,85,MA20_NEAR_SUPPORT_PROXY,,,,,,,,,,,WAIT_DATA_OR_SETUP,COMMON_STOCK_NOT_CONFIRMED|NO_INDEPENDENT_SECURITY_MASTER|NO_VERIFIED_TURNOVER|NO_VERIFIED_SECTOR_BREADTH|NO_VERIFIED_RELATIVE_STRENGTH|NO_VERIFIED_ENTRY_TRIGGER|NO_VERIFIED_PRICE_LEVELS|PRICE_LEVELS_MISSING,False
415380,스튜디오삼익,2026-10-08,3,UNKNOWN_VERIFY,75,85,MA20_NEAR_SUPPORT_PROXY,,,,,,,,,,,WAIT_DATA_OR_SETUP,COMMON_STOCK_NOT_CONFIRMED|NO_INDEPENDENT_SECURITY_MASTER|NO_VERIFIED_TURNOVER|NO_VERIFIED_SECTOR_BREADTH|NO_VERIFIED_RELATIVE_STRENGTH|NO_VERIFIED_ENTRY_TRIGGER|NO_VERIFIED_PRICE_LEVELS|PRICE_LEVELS_MISSING,False
417310,코람코더원리츠,2026-10-08,3,EXCLUDE_SPECIAL_NAME,75,85,MA20_NEAR_SUPPORT_PROXY,,,,,,,,,,,WAIT_DATA_OR_SETUP,COMMON_STOCK_NOT_CONFIRMED|NO_INDEPENDENT_SECURITY_MASTER|DIRECTION_OR_ENTRY_GATE_FAILED|NO_VERIFIED_TURNOVER|NO_VERIFIED_SECTOR_BREADTH|NO_VERIFIED_RELATIVE_STRENGTH|NO_VERIFIED_ENTRY_TRIGGER|NO_VERIFIED_PRICE_LEVELS|PRICE_LEVELS_MISSING,False
446070,유니드비티플러스,2026-10-08,3,UNKNOWN_VERIFY,75,85,MA20_NEAR_SUPPORT_PROXY,,,,,,,,,,,WAIT_DATA_OR_SETUP,COMMON_STOCK_NOT_CONFIRMED|NO_INDEPENDENT_SECURITY_MASTER|NO_VERIFIED_TURNOVER|NO_VERIFIED_SECTOR_BREADTH|NO_VERIFIED_RELATIVE_STRENGTH|NO_VERIFIED_ENTRY_TRIGGER|NO_VERIFIED_PRICE_LEVELS|PRICE_LEVELS_MISSING,False
453340,현대그린푸드,2026-10-08,3,UNKNOWN_VERIFY,75,85,MA20_NEAR_SUPPORT_PROXY,,,,,,,,,,,WAIT_DATA_OR_SETUP,COMMON_STOCK_NOT_CONFIRMED|NO_INDEPENDENT_SECURITY_MASTER|NO_VERIFIED_TURNOVER|NO_VERIFIED_SECTOR_BREADTH|NO_VERIFIED_RELATIVE_STRENGTH|NO_VERIFIED_ENTRY_TRIGGER|NO_VERIFIED_PRICE_LEVELS|PRICE_LEVELS_MISSING,False
473000,에스케이증권제12호스팩,2026-10-08,3,EXCLUDE_SPECIAL_NAME,75,85,MA20_NEAR_SUPPORT_PROXY,,,,,,,,,,,WAIT_DATA_OR_SETUP,COMMON_STOCK_NOT_CONFIRMED|NO_INDEPENDENT_SECURITY_MASTER|DIRECTION_OR_ENTRY_GATE_FAILED|NO_VERIFIED_TURNOVER|NO_VERIFIED_SECTOR_BREADTH|NO_VERIFIED_RELATIVE_STRENGTH|NO_VERIFIED_ENTRY_TRIGGER|NO_VERIFIED_PRICE_LEVELS|PRICE_LEVELS_MISSING,False
473950,에스케이증권제13호스팩,2026-10-08,3,EXCLUDE_SPECIAL_NAME,75,85,MA20_NEAR_SUPPORT_PROXY,,,,,,,,,,,WAIT_DATA_OR_SETUP,COMMON_STOCK_NOT_CONFIRMED|NO_INDEPENDENT_SECURITY_MASTER|DIRECTION_OR_ENTRY_GATE_FAILED|NO_VERIFIED_TURNOVER|NO_VERIFIED_SECTOR_BREADTH|NO_VERIFIED_RELATIVE_STRENGTH|NO_VERIFIED_ENTRY_TRIGGER|NO_VERIFIED_PRICE_LEVELS|PRICE_LEVELS_MISSING,False
474490,유안타제16호스팩,2026-10-08,3,EXCLUDE_SPECIAL_NAME,75,85,MA20_NEAR_SUPPORT_PROXY,,,,,,,,,,,WAIT_DATA_OR_SETUP,COMMON_STOCK_NOT_CONFIRMED|NO_INDEPENDENT_SECURITY_MASTER|DIRECTION_OR_ENTRY_GATE_FAILED|NO_VERIFIED_TURNOVER|NO_VERIFIED_SECTOR_BREADTH|NO_VERIFIED_RELATIVE_STRENGTH|NO_VERIFIED_ENTRY_TRIGGER|NO_VERIFIED_PRICE_LEVELS|PRICE_LEVELS_MISSING,False
475240,하나32호스팩,2026-10-08,3,EXCLUDE_SPECIAL_NAME,75,85,MA20_NEAR_SUPPORT_PROXY,,,,,,,,,,,WAIT_DATA_OR_SETUP,COMMON_STOCK_NOT_CONFIRMED|NO_INDEPENDENT_SECURITY_MASTER|DIRECTION_OR_ENTRY_GATE_FAILED|NO_VERIFIED_TURNOVER|NO_VERIFIED_SECTOR_BREADTH|NO_VERIFIED_RELATIVE_STRENGTH|NO_VERIFIED_ENTRY_TRIGGER|NO_VERIFIED_PRICE_LEVELS|PRICE_LEVELS_MISSING,False
478110,이베스트스팩6호,2026-10-08,3,EXCLUDE_SPECIAL_NAME,75,85,MA20_NEAR_SUPPORT_PROXY,,,,,,,,,,,WAIT_DATA_OR_SETUP,COMMON_STOCK_NOT_CONFIRMED|NO_INDEPENDENT_SECURITY_MASTER|DIRECTION_OR_ENTRY_GATE_FAILED|NO_VERIFIED_TURNOVER|NO_VERIFIED_SECTOR_BREADTH|NO_VERIFIED_RELATIVE_STRENGTH|NO_VERIFIED_ENTRY_TRIGGER|NO_VERIFIED_PRICE_LEVELS|PRICE_LEVELS_MISSING,False
478440,미래에셋비전스팩6호,2026-10-08,3,EXCLUDE_SPECIAL_NAME,75,85,MA20_NEAR_SUPPORT_PROXY,,,,,,,,,,,WAIT_DATA_OR_SETUP,COMMON_STOCK_NOT_CONFIRMED|NO_INDEPENDENT_SECURITY_MASTER|DIRECTION_OR_ENTRY_GATE_FAILED|NO_VERIFIED_TURNOVER|NO_VERIFIED_SECTOR_BREADTH|NO_VERIFIED_RELATIVE_STRENGTH|NO_VERIFIED_ENTRY_TRIGGER|NO_VERIFIED_PRICE_LEVELS|PRICE_LEVELS_MISSING,False
482520,교보16호스팩,2026-10-08,3,EXCLUDE_SPECIAL_NAME,75,85,MA20_NEAR_SUPPORT_PROXY,,,,,,,,,,,WAIT_DATA_OR_SETUP,COMMON_STOCK_NOT_CONFIRMED|NO_INDEPENDENT_SECURITY_MASTER|DIRECTION_OR_ENTRY_GATE_FAILED|NO_VERIFIED_TURNOVER|NO_VERIFIED_SECTOR_BREADTH|NO_VERIFIED_RELATIVE_STRENGTH|NO_VERIFIED_ENTRY_TRIGGER|NO_VERIFIED_PRICE_LEVELS|PRICE_LEVELS_MISSING,False
489460,바이오비쥬,2026-10-08,3,UNKNOWN_VERIFY,75,85,MA20_NEAR_SUPPORT_PROXY,,,,,,,,,,,WAIT_DATA_OR_SETUP,COMMON_STOCK_NOT_CONFIRMED|NO_INDEPENDENT_SECURITY_MASTER|NO_VERIFIED_TURNOVER|NO_VERIFIED_SECTOR_BREADTH|NO_VERIFIED_RELATIVE_STRENGTH|NO_VERIFIED_ENTRY_TRIGGER|NO_VERIFIED_PRICE_LEVELS|PRICE_LEVELS_MISSING,False
493790,유안타제17호스팩,2026-10-08,3,EXCLUDE_SPECIAL_NAME,75,85,MA20_NEAR_SUPPORT_PROXY,,,,,,,,,,,WAIT_DATA_OR_SETUP,COMMON_STOCK_NOT_CONFIRMED|NO_INDEPENDENT_SECURITY_MASTER|DIRECTION_OR_ENTRY_GATE_FAILED|NO_VERIFIED_TURNOVER|NO_VERIFIED_SECTOR_BREADTH|NO_VERIFIED_RELATIVE_STRENGTH|NO_VERIFIED_ENTRY_TRIGGER|NO_VERIFIED_PRICE_LEVELS|PRICE_LEVELS_MISSING,False
000500,가온전선,2026-10-08,3,UNKNOWN_VERIFY,75,45,EXTENDED_WAIT_PULLBACK,,,,,,,,,,,WAIT_DATA_OR_SETUP,COMMON_STOCK_NOT_CONFIRMED|NO_INDEPENDENT_SECURITY_MASTER|DIRECTION_OR_ENTRY_GATE_FAILED|NO_VERIFIED_TURNOVER|NO_VERIFIED_SECTOR_BREADTH|NO_VERIFIED_RELATIVE_STRENGTH|NO_VERIFIED_ENTRY_TRIGGER|NO_VERIFIED_PRICE_LEVELS|PRICE_LEVELS_MISSING,False
006125,SK디스커버리우,2026-10-08,3,EXCLUDE_SPECIAL_NAME,75,45,EXTENDED_WAIT_PULLBACK,,,,,,,,,,,WAIT_DATA_OR_SETUP,COMMON_STOCK_NOT_CONFIRMED|NO_INDEPENDENT_SECURITY_MASTER|DIRECTION_OR_ENTRY_GATE_FAILED|NO_VERIFIED_TURNOVER|NO_VERIFIED_SECTOR_BREADTH|NO_VERIFIED_RELATIVE_STRENGTH|NO_VERIFIED_ENTRY_TRIGGER|NO_VERIFIED_PRICE_LEVELS|PRICE_LEVELS_MISSING,False
028670,팬오션,2026-10-08,3,UNKNOWN_VERIFY,75,45,EXTENDED_WAIT_PULLBACK,,,,,,,,,,,WAIT_DATA_OR_SETUP,COMMON_STOCK_NOT_CONFIRMED|NO_INDEPENDENT_SECURITY_MASTER|DIRECTION_OR_ENTRY_GATE_FAILED|NO_VERIFIED_TURNOVER|NO_VERIFIED_SECTOR_BREADTH|NO_VERIFIED_RELATIVE_STRENGTH|NO_VERIFIED_ENTRY_TRIGGER|NO_VERIFIED_PRICE_LEVELS|PRICE_LEVELS_MISSING,False
036800,나이스정보통신,2026-10-08,3,UNKNOWN_VERIFY,75,45,EXTENDED_WAIT_PULLBACK,,,,,,,,,,,WAIT_DATA_OR_SETUP,COMMON_STOCK_NOT_CONFIRMED|NO_INDEPENDENT_SECURITY_MASTER|DIRECTION_OR_ENTRY_GATE_FAILED|NO_VERIFIED_TURNOVER|NO_VERIFIED_SECTOR_BREADTH|NO_VERIFIED_RELATIVE_STRENGTH|NO_VERIFIED_ENTRY_TRIGGER|NO_VERIFIED_PRICE_LEVELS|PRICE_LEVELS_MISSING,False
065060,지엔코,2026-10-08,3,UNKNOWN_VERIFY,75,45,EXTENDED_WAIT_PULLBACK,,,,,,,,,,,WAIT_DATA_OR_SETUP,COMMON_STOCK_NOT_CONFIRMED|NO_INDEPENDENT_SECURITY_MASTER|DIRECTION_OR_ENTRY_GATE_FAILED|NO_VERIFIED_TURNOVER|NO_VERIFIED_SECTOR_BREADTH|NO_VERIFIED_RELATIVE_STRENGTH|NO_VERIFIED_ENTRY_TRIGGER|NO_VERIFIED_PRICE_LEVELS|PRICE_LEVELS_MISSING,False
089860,롯데렌탈,2026-10-08,3,UNKNOWN_VERIFY,75,45,EXTENDED_WAIT_PULLBACK,,,,,,,,,,,WAIT_DATA_OR_SETUP,COMMON_STOCK_NOT_CONFIRMED|NO_INDEPENDENT_SECURITY_MASTER|DIRECTION_OR_ENTRY_GATE_FAILED|NO_VERIFIED_TURNOVER|NO_VERIFIED_SECTOR_BREADTH|NO_VERIFIED_RELATIVE_STRENGTH|NO_VERIFIED_ENTRY_TRIGGER|NO_VERIFIED_PRICE_LEVELS|PRICE_LEVELS_MISSING,False
101160,월덱스,2026-10-08,3,UNKNOWN_VERIFY,75,45,EXTENDED_WAIT_PULLBACK,,,,,,,,,,,WAIT_DATA_OR_SETUP,COMMON_STOCK_NOT_CONFIRMED|NO_INDEPENDENT_SECURITY_MASTER|DIRECTION_OR_ENTRY_GATE_FAILED|NO_VERIFIED_TURNOVER|NO_VERIFIED_SECTOR_BREADTH|NO_VERIFIED_RELATIVE_STRENGTH|NO_VERIFIED_ENTRY_TRIGGER|NO_VERIFIED_PRICE_LEVELS|PRICE_LEVELS_MISSING,False
143240,사람인,2026-10-08,3,UNKNOWN_VERIFY,75,45,EXTENDED_WAIT_PULLBACK,,,,,,,,,,,WAIT_DATA_OR_SETUP,COMMON_STOCK_NOT_CONFIRMED|NO_INDEPENDENT_SECURITY_MASTER|DIRECTION_OR_ENTRY_GATE_FAILED|NO_VERIFIED_TURNOVER|NO_VERIFIED_SECTOR_BREADTH|NO_VERIFIED_RELATIVE_STRENGTH|NO_VERIFIED_ENTRY_TRIGGER|NO_VERIFIED_PRICE_LEVELS|PRICE_LEVELS_MISSING,False
331380,포커스에이아이,2026-10-08,3,UNKNOWN_VERIFY,75,45,EXTENDED_WAIT_PULLBACK,,,,,,,,,,,WAIT_DATA_OR_SETUP,COMMON_STOCK_NOT_CONFIRMED|NO_INDEPENDENT_SECURITY_MASTER|DIRECTION_OR_ENTRY_GATE_FAILED|NO_VERIFIED_TURNOVER|NO_VERIFIED_SECTOR_BREADTH|NO_VERIFIED_RELATIVE_STRENGTH|NO_VERIFIED_ENTRY_TRIGGER|NO_VERIFIED_PRICE_LEVELS|PRICE_LEVELS_MISSING,False
005440,현대지에프홀딩스,2026-10-08,3,UNKNOWN_VERIFY,75,30,BELOW_MA20_WAIT_RECLAIM,,,,,,,,,,,WAIT_DATA_OR_SETUP,COMMON_STOCK_NOT_CONFIRMED|NO_INDEPENDENT_SECURITY_MASTER|DIRECTION_OR_ENTRY_GATE_FAILED|NO_VERIFIED_TURNOVER|NO_VERIFIED_SECTOR_BREADTH|NO_VERIFIED_RELATIVE_STRENGTH|NO_VERIFIED_ENTRY_TRIGGER|NO_VERIFIED_PRICE_LEVELS|PRICE_LEVELS_MISSING,False
037400,우리엔터프라이즈,2026-10-08,3,UNKNOWN_VERIFY,75,30,BELOW_MA20_WAIT_RECLAIM,,,,,,,,,,,WAIT_DATA_OR_SETUP,COMMON_STOCK_NOT_CONFIRMED|NO_INDEPENDENT_SECURITY_MASTER|DIRECTION_OR_ENTRY_GATE_FAILED|NO_VERIFIED_TURNOVER|NO_VERIFIED_SECTOR_BREADTH|NO_VERIFIED_RELATIVE_STRENGTH|NO_VERIFIED_ENTRY_TRIGGER|NO_VERIFIED_PRICE_LEVELS|PRICE_LEVELS_MISSING,False
044820,코스맥스비티아이,2026-10-08,3,UNKNOWN_VERIFY,75,30,MA20_NEAR_SUPPORT_PROXY,,,,,,,,,,,WAIT_DATA_OR_SETUP,COMMON_STOCK_NOT_CONFIRMED|NO_INDEPENDENT_SECURITY_MASTER|DIRECTION_OR_ENTRY_GATE_FAILED|NO_VERIFIED_TURNOVER|NO_VERIFIED_SECTOR_BREADTH|NO_VERIFIED_RELATIVE_STRENGTH|NO_VERIFIED_ENTRY_TRIGGER|NO_VERIFIED_PRICE_LEVELS|PRICE_LEVELS_MISSING,False
085620,미래에셋생명,2026-10-08,3,UNKNOWN_VERIFY,75,30,EXTENDED_WAIT_PULLBACK,,,,,,,,,,,WAIT_DATA_OR_SETUP,COMMON_STOCK_NOT_CONFIRMED|NO_INDEPENDENT_SECURITY_MASTER|DIRECTION_OR_ENTRY_GATE_FAILED|NO_VERIFIED_TURNOVER|NO_VERIFIED_SECTOR_BREADTH|NO_VERIFIED_RELATIVE_STRENGTH|NO_VERIFIED_ENTRY_TRIGGER|NO_VERIFIED_PRICE_LEVELS|PRICE_LEVELS_MISSING,False
376980,원티드랩,2026-10-08,3,UNKNOWN_VERIFY,75,30,MA20_NEAR_SUPPORT_PROXY,,,,,,,,,,,WAIT_DATA_OR_SETUP,COMMON_STOCK_NOT_CONFIRMED|NO_INDEPENDENT_SECURITY_MASTER|DIRECTION_OR_ENTRY_GATE_FAILED|NO_VERIFIED_TURNOVER|NO_VERIFIED_SECTOR_BREADTH|NO_VERIFIED_RELATIVE_STRENGTH|NO_VERIFIED_ENTRY_TRIGGER|NO_VERIFIED_PRICE_LEVELS|PRICE_LEVELS_MISSING,False
003580,HLB글로벌,2026-10-08,3,UNKNOWN_VERIFY,75,15,NO_CHASE_OR_TREND_BREAK,,,,,,,,,,,WAIT_DATA_OR_SETUP,COMMON_STOCK_NOT_CONFIRMED|NO_INDEPENDENT_SECURITY_MASTER|DIRECTION_OR_ENTRY_GATE_FAILED|NO_VERIFIED_TURNOVER|NO_VERIFIED_SECTOR_BREADTH|NO_VERIFIED_RELATIVE_STRENGTH|NO_VERIFIED_ENTRY_TRIGGER|NO_VERIFIED_PRICE_LEVELS|PRICE_LEVELS_MISSING,False
004835,덕성우,2026-10-08,3,EXCLUDE_SPECIAL_NAME,75,15,NO_CHASE_OR_TREND_BREAK,,,,,,,,,,,WAIT_DATA_OR_SETUP,COMMON_STOCK_NOT_CONFIRMED|NO_INDEPENDENT_SECURITY_MASTER|DIRECTION_OR_ENTRY_GATE_FAILED|NO_VERIFIED_TURNOVER|NO_VERIFIED_SECTOR_BREADTH|NO_VERIFIED_RELATIVE_STRENGTH|NO_VERIFIED_ENTRY_TRIGGER|NO_VERIFIED_PRICE_LEVELS|PRICE_LEVELS_MISSING,False
005160,동국산업,2026-10-08,3,UNKNOWN_VERIFY,75,15,NO_CHASE_OR_TREND_BREAK,,,,,,,,,,,WAIT_DATA_OR_SETUP,COMMON_STOCK_NOT_CONFIRMED|NO_INDEPENDENT_SECURITY_MASTER|DIRECTION_OR_ENTRY_GATE_FAILED|NO_VERIFIED_TURNOVER|NO_VERIFIED_SECTOR_BREADTH|NO_VERIFIED_RELATIVE_STRENGTH|NO_VERIFIED_ENTRY_TRIGGER|NO_VERIFIED_PRICE_LEVELS|PRICE_LEVELS_MISSING,False
012630,HDC,2026-10-08,3,UNKNOWN_VERIFY,75,15,NO_CHASE_OR_TREND_BREAK,,,,,,,,,,,WAIT_DATA_OR_SETUP,COMMON_STOCK_NOT_CONFIRMED|NO_INDEPENDENT_SECURITY_MASTER|DIRECTION_OR_ENTRY_GATE_FAILED|NO_VERIFIED_TURNOVER|NO_VERIFIED_SECTOR_BREADTH|NO_VERIFIED_RELATIVE_STRENGTH|NO_VERIFIED_ENTRY_TRIGGER|NO_VERIFIED_PRICE_LEVELS|PRICE_LEVELS_MISSING,False
045300,성우테크론,2026-10-08,3,UNKNOWN_VERIFY,75,15,NO_CHASE_OR_TREND_BREAK,,,,,,,,,,,WAIT_DATA_OR_SETUP,COMMON_STOCK_NOT_CONFIRMED|NO_INDEPENDENT_SECURITY_MASTER|DIRECTION_OR_ENTRY_GATE_FAILED|NO_VERIFIED_TURNOVER|NO_VERIFIED_SECTOR_BREADTH|NO_VERIFIED_RELATIVE_STRENGTH|NO_VERIFIED_ENTRY_TRIGGER|NO_VERIFIED_PRICE_LEVELS|PRICE_LEVELS_MISSING,False
046210,HLB파나진,2026-10-08,3,UNKNOWN_VERIFY,75,15,NO_CHASE_OR_TREND_BREAK,,,,,,,,,,,WAIT_DATA_OR_SETUP,COMMON_STOCK_NOT_CONFIRMED|NO_INDEPENDENT_SECURITY_MASTER|DIRECTION_OR_ENTRY_GATE_FAILED|NO_VERIFIED_TURNOVER|NO_VERIFIED_SECTOR_BREADTH|NO_VERIFIED_RELATIVE_STRENGTH|NO_VERIFIED_ENTRY_TRIGGER|NO_VERIFIED_PRICE_LEVELS|PRICE_LEVELS_MISSING,False
048910,대원미디어,2026-10-08,3,UNKNOWN_VERIFY,75,15,NO_CHASE_OR_TREND_BREAK,,,,,,,,,,,WAIT_DATA_OR_SETUP,COMMON_STOCK_NOT_CONFIRMED|NO_INDEPENDENT_SECURITY_MASTER|DIRECTION_OR_ENTRY_GATE_FAILED|NO_VERIFIED_TURNOVER|NO_VERIFIED_SECTOR_BREADTH|NO_VERIFIED_RELATIVE_STRENGTH|NO_VERIFIED_ENTRY_TRIGGER|NO_VERIFIED_PRICE_LEVELS|PRICE_LEVELS_MISSING,False
067080,대화제약,2026-10-08,3,UNKNOWN_VERIFY,75,15,NO_CHASE_OR_TREND_BREAK,,,,,,,,,,,WAIT_DATA_OR_SETUP,COMMON_STOCK_NOT_CONFIRMED|NO_INDEPENDENT_SECURITY_MASTER|DIRECTION_OR_ENTRY_GATE_FAILED|NO_VERIFIED_TURNOVER|NO_VERIFIED_SECTOR_BREADTH|NO_VERIFIED_RELATIVE_STRENGTH|NO_VERIFIED_ENTRY_TRIGGER|NO_VERIFIED_PRICE_LEVELS|PRICE_LEVELS_MISSING,False
083500,에프엔에스테크,2026-10-08,3,UNKNOWN_VERIFY,75,15,NO_CHASE_OR_TREND_BREAK,,,,,,,,,,,WAIT_DATA_OR_SETUP,COMMON_STOCK_NOT_CONFIRMED|NO_INDEPENDENT_SECURITY_MASTER|DIRECTION_OR_ENTRY_GATE_FAILED|NO_VERIFIED_TURNOVER|NO_VERIFIED_SECTOR_BREADTH|NO_VERIFIED_RELATIVE_STRENGTH|NO_VERIFIED_ENTRY_TRIGGER|NO_VERIFIED_PRICE_LEVELS|PRICE_LEVELS_MISSING,False
084670,동양고속,2026-10-08,3,UNKNOWN_VERIFY,75,15,NO_CHASE_OR_TREND_BREAK,,,,,,,,,,,WAIT_DATA_OR_SETUP,COMMON_STOCK_NOT_CONFIRMED|NO_INDEPENDENT_SECURITY_MASTER|DIRECTION_OR_ENTRY_GATE_FAILED|NO_VERIFIED_TURNOVER|NO_VERIFIED_SECTOR_BREADTH|NO_VERIFIED_RELATIVE_STRENGTH|NO_VERIFIED_ENTRY_TRIGGER|NO_VERIFIED_PRICE_LEVELS|PRICE_LEVELS_MISSING,False
084990,헬릭스미스,2026-10-08,3,UNKNOWN_VERIFY,75,15,NO_CHASE_OR_TREND_BREAK,,,,,,,,,,,WAIT_DATA_OR_SETUP,COMMON_STOCK_NOT_CONFIRMED|NO_INDEPENDENT_SECURITY_MASTER|DIRECTION_OR_ENTRY_GATE_FAILED|NO_VERIFIED_TURNOVER|NO_VERIFIED_SECTOR_BREADTH|NO_VERIFIED_RELATIVE_STRENGTH|NO_VERIFIED_ENTRY_TRIGGER|NO_VERIFIED_PRICE_LEVELS|PRICE_LEVELS_MISSING,False
115450,HLB테라퓨틱스,2026-10-08,3,UNKNOWN_VERIFY,75,15,NO_CHASE_OR_TREND_BREAK,,,,,,,,,,,WAIT_DATA_OR_SETUP,COMMON_STOCK_NOT_CONFIRMED|NO_INDEPENDENT_SECURITY_MASTER|DIRECTION_OR_ENTRY_GATE_FAILED|NO_VERIFIED_TURNOVER|NO_VERIFIED_SECTOR_BREADTH|NO_VERIFIED_RELATIVE_STRENGTH|NO_VERIFIED_ENTRY_TRIGGER|NO_VERIFIED_PRICE_LEVELS|PRICE_LEVELS_MISSING,False
143540,영우디에스피,2026-10-08,3,UNKNOWN_VERIFY,75,15,NO_CHASE_OR_TREND_BREAK,,,,,,,,,,,WAIT_DATA_OR_SETUP,COMMON_STOCK_NOT_CONFIRMED|NO_INDEPENDENT_SECURITY_MASTER|DIRECTION_OR_ENTRY_GATE_FAILED|NO_VERIFIED_TURNOVER|NO_VERIFIED_SECTOR_BREADTH|NO_VERIFIED_RELATIVE_STRENGTH|NO_VERIFIED_ENTRY_TRIGGER|NO_VERIFIED_PRICE_LEVELS|PRICE_LEVELS_MISSING,False
243840,신흥에스이씨,2026-10-08,3,UNKNOWN_VERIFY,75,15,NO_CHASE_OR_TREND_BREAK,,,,,,,,,,,WAIT_DATA_OR_SETUP,COMMON_STOCK_NOT_CONFIRMED|NO_INDEPENDENT_SECURITY_MASTER|DIRECTION_OR_ENTRY_GATE_FAILED|NO_VERIFIED_TURNOVER|NO_VERIFIED_SECTOR_BREADTH|NO_VERIFIED_RELATIVE_STRENGTH|NO_VERIFIED_ENTRY_TRIGGER|NO_VERIFIED_PRICE_LEVELS|PRICE_LEVELS_MISSING,False
278650,HLB바이오스텝,2026-10-08,3,UNKNOWN_VERIFY,75,15,NO_CHASE_OR_TREND_BREAK,,,,,,,,,,,WAIT_DATA_OR_SETUP,COMMON_STOCK_NOT_CONFIRMED|NO_INDEPENDENT_SECURITY_MASTER|DIRECTION_OR_ENTRY_GATE_FAILED|NO_VERIFIED_TURNOVER|NO_VERIFIED_SECTOR_BREADTH|NO_VERIFIED_RELATIVE_STRENGTH|NO_VERIFIED_ENTRY_TRIGGER|NO_VERIFIED_PRICE_LEVELS|PRICE_LEVELS_MISSING,False
419050,삼기에너지솔루션즈,2026-10-08,3,UNKNOWN_VERIFY,75,15,NO_CHASE_OR_TREND_BREAK,,,,,,,,,,,WAIT_DATA_OR_SETUP,COMMON_STOCK_NOT_CONFIRMED|NO_INDEPENDENT_SECURITY_MASTER|DIRECTION_OR_ENTRY_GATE_FAILED|NO_VERIFIED_TURNOVER|NO_VERIFIED_SECTOR_BREADTH|NO_VERIFIED_RELATIVE_STRENGTH|NO_VERIFIED_ENTRY_TRIGGER|NO_VERIFIED_PRICE_LEVELS|PRICE_LEVELS_MISSING,False
033290,로젠,2026-10-08,3,UNKNOWN_VERIFY,70,30,MA20_NEAR_SUPPORT_PROXY,,,,,,,,,,,WAIT_DATA_OR_SETUP,COMMON_STOCK_NOT_CONFIRMED|NO_INDEPENDENT_SECURITY_MASTER|DIRECTION_OR_ENTRY_GATE_FAILED|NO_VERIFIED_TURNOVER|NO_VERIFIED_SECTOR_BREADTH|NO_VERIFIED_RELATIVE_STRENGTH|NO_VERIFIED_ENTRY_TRIGGER|NO_VERIFIED_PRICE_LEVELS|PRICE_LEVELS_MISSING,False
000240,한국앤컴퍼니,2026-10-08,3,UNKNOWN_VERIFY,70,15,NO_CHASE_OR_TREND_BREAK,,,,,,,,,,,WAIT_DATA_OR_SETUP,COMMON_STOCK_NOT_CONFIRMED|NO_INDEPENDENT_SECURITY_MASTER|DIRECTION_OR_ENTRY_GATE_FAILED|NO_VERIFIED_TURNOVER|NO_VERIFIED_SECTOR_BREADTH|NO_VERIFIED_RELATIVE_STRENGTH|NO_VERIFIED_ENTRY_TRIGGER|NO_VERIFIED_PRICE_LEVELS|PRICE_LEVELS_MISSING,False
002320,한진,2026-10-08,3,UNKNOWN_VERIFY,70,15,NO_CHASE_OR_TREND_BREAK,,,,,,,,,,,WAIT_DATA_OR_SETUP,COMMON_STOCK_NOT_CONFIRMED|NO_INDEPENDENT_SECURITY_MASTER|DIRECTION_OR_ENTRY_GATE_FAILED|NO_VERIFIED_TURNOVER|NO_VERIFIED_SECTOR_BREADTH|NO_VERIFIED_RELATIVE_STRENGTH|NO_VERIFIED_ENTRY_TRIGGER|NO_VERIFIED_PRICE_LEVELS|PRICE_LEVELS_MISSING,False
215200,메가스터디교육,2026-10-08,3,UNKNOWN_VERIFY,70,15,NO_CHASE_OR_TREND_BREAK,,,,,,,,,,,WAIT_DATA_OR_SETUP,COMMON_STOCK_NOT_CONFIRMED|NO_INDEPENDENT_SECURITY_MASTER|DIRECTION_OR_ENTRY_GATE_FAILED|NO_VERIFIED_TURNOVER|NO_VERIFIED_SECTOR_BREADTH|NO_VERIFIED_RELATIVE_STRENGTH|NO_VERIFIED_ENTRY_TRIGGER|NO_VERIFIED_PRICE_LEVELS|PRICE_LEVELS_MISSING,False
319660,피에스케이,2026-10-08,3,UNKNOWN_VERIFY,70,15,NO_CHASE_OR_TREND_BREAK,,,,,,,,,,,WAIT_DATA_OR_SETUP,COMMON_STOCK_NOT_CONFIRMED|NO_INDEPENDENT_SECURITY_MASTER|DIRECTION_OR_ENTRY_GATE_FAILED|NO_VERIFIED_TURNOVER|NO_VERIFIED_SECTOR_BREADTH|NO_VERIFIED_RELATIVE_STRENGTH|NO_VERIFIED_ENTRY_TRIGGER|NO_VERIFIED_PRICE_LEVELS|PRICE_LEVELS_MISSING,False
348030,모비릭스,2026-10-08,3,UNKNOWN_VERIFY,70,15,NO_CHASE_OR_TREND_BREAK,,,,,,,,,,,WAIT_DATA_OR_SETUP,COMMON_STOCK_NOT_CONFIRMED|NO_INDEPENDENT_SECURITY_MASTER|DIRECTION_OR_ENTRY_GATE_FAILED|NO_VERIFIED_TURNOVER|NO_VERIFIED_SECTOR_BREADTH|NO_VERIFIED_RELATIVE_STRENGTH|NO_VERIFIED_ENTRY_TRIGGER|NO_VERIFIED_PRICE_LEVELS|PRICE_LEVELS_MISSING,False
007340,DN오토모티브,2026-10-08,3,UNKNOWN_VERIFY,60,30,MA20_NEAR_SUPPORT_PROXY,,,,,,,,,,,WAIT_DATA_OR_SETUP,COMMON_STOCK_NOT_CONFIRMED|NO_INDEPENDENT_SECURITY_MASTER|DIRECTION_OR_ENTRY_GATE_FAILED|NO_VERIFIED_TURNOVER|NO_VERIFIED_SECTOR_BREADTH|NO_VERIFIED_RELATIVE_STRENGTH|NO_VERIFIED_ENTRY_TRIGGER|NO_VERIFIED_PRICE_LEVELS|PRICE_LEVELS_MISSING,False
084870,TBH글로벌,2026-10-08,3,UNKNOWN_VERIFY,60,30,MA20_NEAR_SUPPORT_PROXY,,,,,,,,,,,WAIT_DATA_OR_SETUP,COMMON_STOCK_NOT_CONFIRMED|NO_INDEPENDENT_SECURITY_MASTER|DIRECTION_OR_ENTRY_GATE_FAILED|NO_VERIFIED_TURNOVER|NO_VERIFIED_SECTOR_BREADTH|NO_VERIFIED_RELATIVE_STRENGTH|NO_VERIFIED_ENTRY_TRIGGER|NO_VERIFIED_PRICE_LEVELS|PRICE_LEVELS_MISSING,False
088790,진도,2026-10-08,3,UNKNOWN_VERIFY,60,30,BELOW_MA20_WAIT_RECLAIM,,,,,,,,,,,WAIT_DATA_OR_SETUP,COMMON_STOCK_NOT_CONFIRMED|NO_INDEPENDENT_SECURITY_MASTER|DIRECTION_OR_ENTRY_GATE_FAILED|NO_VERIFIED_TURNOVER|NO_VERIFIED_SECTOR_BREADTH|NO_VERIFIED_RELATIVE_STRENGTH|NO_VERIFIED_ENTRY_TRIGGER|NO_VERIFIED_PRICE_LEVELS|PRICE_LEVELS_MISSING,False
236200,슈프리마,2026-10-08,3,UNKNOWN_VERIFY,60,30,MA20_NEAR_SUPPORT_PROXY,,,,,,,,,,,WAIT_DATA_OR_SETUP,COMMON_STOCK_NOT_CONFIRMED|NO_INDEPENDENT_SECURITY_MASTER|DIRECTION_OR_ENTRY_GATE_FAILED|NO_VERIFIED_TURNOVER|NO_VERIFIED_SECTOR_BREADTH|NO_VERIFIED_RELATIVE_STRENGTH|NO_VERIFIED_ENTRY_TRIGGER|NO_VERIFIED_PRICE_LEVELS|PRICE_LEVELS_MISSING,False
318160,셀바이오휴먼텍,2026-10-08,3,UNKNOWN_VERIFY,60,30,BELOW_MA20_WAIT_RECLAIM,,,,,,,,,,,WAIT_DATA_OR_SETUP,COMMON_STOCK_NOT_CONFIRMED|NO_INDEPENDENT_SECURITY_MASTER|DIRECTION_OR_ENTRY_GATE_FAILED|NO_VERIFIED_TURNOVER|NO_VERIFIED_SECTOR_BREADTH|NO_VERIFIED_RELATIVE_STRENGTH|NO_VERIFIED_ENTRY_TRIGGER|NO_VERIFIED_PRICE_LEVELS|PRICE_LEVELS_MISSING,False
457550,우진엔텍,2026-10-08,3,UNKNOWN_VERIFY,60,30,BELOW_MA20_WAIT_RECLAIM,,,,,,,,,,,WAIT_DATA_OR_SETUP,COMMON_STOCK_NOT_CONFIRMED|NO_INDEPENDENT_SECURITY_MASTER|DIRECTION_OR_ENTRY_GATE_FAILED|NO_VERIFIED_TURNOVER|NO_VERIFIED_SECTOR_BREADTH|NO_VERIFIED_RELATIVE_STRENGTH|NO_VERIFIED_ENTRY_TRIGGER|NO_VERIFIED_PRICE_LEVELS|PRICE_LEVELS_MISSING,False
031430,신세계인터내셔날,2026-10-08,3,UNKNOWN_VERIFY,55,30,EXTENDED_WAIT_PULLBACK,,,,,,,,,,,WAIT_DATA_OR_SETUP,COMMON_STOCK_NOT_CONFIRMED|NO_INDEPENDENT_SECURITY_MASTER|DIRECTION_OR_ENTRY_GATE_FAILED|NO_VERIFIED_TURNOVER|NO_VERIFIED_SECTOR_BREADTH|NO_VERIFIED_RELATIVE_STRENGTH|NO_VERIFIED_ENTRY_TRIGGER|NO_VERIFIED_PRICE_LEVELS|PRICE_LEVELS_MISSING,False
000650,천일고속,2026-10-08,3,UNKNOWN_VERIFY,55,15,NO_CHASE_OR_TREND_BREAK,,,,,,,,,,,WAIT_DATA_OR_SETUP,COMMON_STOCK_NOT_CONFIRMED|NO_INDEPENDENT_SECURITY_MASTER|DIRECTION_OR_ENTRY_GATE_FAILED|NO_VERIFIED_TURNOVER|NO_VERIFIED_SECTOR_BREADTH|NO_VERIFIED_RELATIVE_STRENGTH|NO_VERIFIED_ENTRY_TRIGGER|NO_VERIFIED_PRICE_LEVELS|PRICE_LEVELS_MISSING,False
001780,알루코,2026-10-08,3,UNKNOWN_VERIFY,55,15,NO_CHASE_OR_TREND_BREAK,,,,,,,,,,,WAIT_DATA_OR_SETUP,COMMON_STOCK_NOT_CONFIRMED|NO_INDEPENDENT_SECURITY_MASTER|DIRECTION_OR_ENTRY_GATE_FAILED|NO_VERIFIED_TURNOVER|NO_VERIFIED_SECTOR_BREADTH|NO_VERIFIED_RELATIVE_STRENGTH|NO_VERIFIED_ENTRY_TRIGGER|NO_VERIFIED_PRICE_LEVELS|PRICE_LEVELS_MISSING,False
187870,디바이스,2026-10-08,3,UNKNOWN_VERIFY,55,15,NO_CHASE_OR_TREND_BREAK,,,,,,,,,,,WAIT_DATA_OR_SETUP,COMMON_STOCK_NOT_CONFIRMED|NO_INDEPENDENT_SECURITY_MASTER|DIRECTION_OR_ENTRY_GATE_FAILED|NO_VERIFIED_TURNOVER|NO_VERIFIED_SECTOR_BREADTH|NO_VERIFIED_RELATIVE_STRENGTH|NO_VERIFIED_ENTRY_TRIGGER|NO_VERIFIED_PRICE_LEVELS|PRICE_LEVELS_MISSING,False
376300,디어유,2026-10-08,3,UNKNOWN_VERIFY,55,15,NO_CHASE_OR_TREND_BREAK,,,,,,,,,,,WAIT_DATA_OR_SETUP,COMMON_STOCK_NOT_CONFIRMED|NO_INDEPENDENT_SECURITY_MASTER|DIRECTION_OR_ENTRY_GATE_FAILED|NO_VERIFIED_TURNOVER|NO_VERIFIED_SECTOR_BREADTH|NO_VERIFIED_RELATIVE_STRENGTH|NO_VERIFIED_ENTRY_TRIGGER|NO_VERIFIED_PRICE_LEVELS|PRICE_LEVELS_MISSING,False
024740,한일단조,2026-10-08,3,UNKNOWN_VERIFY,45,15,NO_CHASE_OR_TREND_BREAK,,,,,,,,,,,WAIT_DATA_OR_SETUP,COMMON_STOCK_NOT_CONFIRMED|NO_INDEPENDENT_SECURITY_MASTER|DIRECTION_OR_ENTRY_GATE_FAILED|NO_VERIFIED_TURNOVER|NO_VERIFIED_SECTOR_BREADTH|NO_VERIFIED_RELATIVE_STRENGTH|NO_VERIFIED_ENTRY_TRIGGER|NO_VERIFIED_PRICE_LEVELS|PRICE_LEVELS_MISSING,False
004540,깨끗한나라,2026-10-08,3,UNKNOWN_VERIFY,40,30,MA20_NEAR_SUPPORT_PROXY,,,,,,,,,,,WAIT_DATA_OR_SETUP,COMMON_STOCK_NOT_CONFIRMED|NO_INDEPENDENT_SECURITY_MASTER|DIRECTION_OR_ENTRY_GATE_FAILED|NO_VERIFIED_TURNOVER|NO_VERIFIED_SECTOR_BREADTH|NO_VERIFIED_RELATIVE_STRENGTH|NO_VERIFIED_ENTRY_TRIGGER|NO_VERIFIED_PRICE_LEVELS|PRICE_LEVELS_MISSING,False
471820,셀로맥스사이언스,2026-10-08,3,UNKNOWN_VERIFY,40,30,EXTENDED_WAIT_PULLBACK,,,,,,,,,,,WAIT_DATA_OR_SETUP,COMMON_STOCK_NOT_CONFIRMED|NO_INDEPENDENT_SECURITY_MASTER|DIRECTION_OR_ENTRY_GATE_FAILED|NO_VERIFIED_TURNOVER|NO_VERIFIED_SECTOR_BREADTH|NO_VERIFIED_RELATIVE_STRENGTH|NO_VERIFIED_ENTRY_TRIGGER|NO_VERIFIED_PRICE_LEVELS|PRICE_LEVELS_MISSING,False
011300,우성머티리얼스,2026-10-08,3,UNKNOWN_VERIFY,40,15,NO_CHASE_OR_TREND_BREAK,,,,,,,,,,,WAIT_DATA_OR_SETUP,COMMON_STOCK_NOT_CONFIRMED|NO_INDEPENDENT_SECURITY_MASTER|DIRECTION_OR_ENTRY_GATE_FAILED|NO_VERIFIED_TURNOVER|NO_VERIFIED_SECTOR_BREADTH|NO_VERIFIED_RELATIVE_STRENGTH|NO_VERIFIED_ENTRY_TRIGGER|NO_VERIFIED_PRICE_LEVELS|PRICE_LEVELS_MISSING,False
089970,브이엠,2026-10-08,3,UNKNOWN_VERIFY,40,15,NO_CHASE_OR_TREND_BREAK,,,,,,,,,,,WAIT_DATA_OR_SETUP,COMMON_STOCK_NOT_CONFIRMED|NO_INDEPENDENT_SECURITY_MASTER|DIRECTION_OR_ENTRY_GATE_FAILED|NO_VERIFIED_TURNOVER|NO_VERIFIED_SECTOR_BREADTH|NO_VERIFIED_RELATIVE_STRENGTH|NO_VERIFIED_ENTRY_TRIGGER|NO_VERIFIED_PRICE_LEVELS|PRICE_LEVELS_MISSING,False
