hold,year,setup,signals,signal_days,win_rate,mean_net_return,median_net_return,p10_net_return,p90_net_return,mean_ci95_low_cluster_day,mean_ci95_high_cluster_day
1,2023,breakout,215,132,0.3581395348837209,-0.006517904618181572,-0.008807061428582563,-0.060688582568510875,0.03804572040779139,-0.015065055581555815,0.002737355711896592
1,2023,pullback,454,185,0.3568281938325991,-0.004679151926111172,-0.005994186016317016,-0.03790339172092917,0.026210304831816664,-0.008072166796112784,-0.0015148487367547638
1,2024,breakout,199,130,0.4271356783919598,0.0063185076085735935,-0.004873104655634286,-0.047194221136413986,0.055787710040393464,-0.004952446147100469,0.02034652500213347
1,2024,pullback,350,181,0.41714285714285715,-0.0008685833001380762,-0.002995506739890186,-0.03517667732249966,0.03468672381391588,-0.005285309599232516,0.0037065134725101445
1,2025,breakout,336,157,0.44047619047619047,-0.0032535191276348435,-0.004594397774049075,-0.05586936605933168,0.04955560943682735,-0.009575603561260485,0.0029916761247271322
1,2025,pullback,553,207,0.379746835443038,-0.0030936846719866124,-0.004714480004131771,-0.035349177915503426,0.029435322366969576,-0.0061987306670419065,0.000283017884037709
2,2023,breakout,215,132,0.3813953488372093,-0.005604616114005972,-0.013249031473962725,-0.08633582569778364,0.058372219940598956,-0.01828774396456215,0.0104206393877217
2,2023,pullback,454,185,0.4118942731277533,-0.008592741909952113,-0.008049597305168521,-0.051815392412900375,0.032455248027901666,-0.013382263804817036,-0.004241879137672783
2,2024,breakout,199,130,0.44221105527638194,0.007596272062913697,-0.005914992810929998,-0.0660056284560886,0.06881042116771154,-0.00811763331295041,0.029003908972739387
2,2024,pullback,350,181,0.44,0.0015043127320443531,-0.004325746535259134,-0.04963137288223218,0.05012618557743116,-0.005240312303321776,0.0089195097832366
2,2025,breakout,336,157,0.4642857142857143,-2.1981593619871464e-05,-0.0029955067398901303,-0.07660646109318259,0.07779815646197885,-0.008729345244226827,0.0091150928201009
2,2025,pullback,553,207,0.42495479204339964,-0.001898056183585716,-0.004791911232250756,-0.04934881344138415,0.046538099378281135,-0.0064181359455775955,0.0026191586091621594
3,2023,breakout,215,132,0.33488372093023255,-0.003306783556487495,-0.01628889998335825,-0.08552757160373989,0.06866016189964184,-0.019425229030741908,0.019195668081364938
3,2023,pullback,454,185,0.4052863436123348,-0.010091014223670288,-0.008593753035199214,-0.06350012880853335,0.03774805832488373,-0.017877245543540914,-0.004013071252648617
3,2024,breakout,199,130,0.46733668341708545,0.0034991897952634144,-0.005585128800306038,-0.07972983506710393,0.09676612414675737,-0.015265443952564751,0.02233534819409258
3,2024,pullback,350,181,0.42857142857142855,0.0012634812716408735,-0.005431117093068261,-0.0626942265828565,0.06000645805897933,-0.007118124232443053,0.009790671613086749
3,2025,breakout,336,157,0.4851190476190476,-0.0016901149230663843,-0.0013916251998017937,-0.08969465950793942,0.09255141936087752,-0.012364819593429086,0.008710923361245479
3,2025,pullback,553,207,0.43037974683544306,-0.0008266296919696139,-0.004698332518301984,-0.059583771351991485,0.05937966485815709,-0.006196509011311259,0.004107827388438068
4,2023,breakout,215,132,0.3674418604651163,-0.0029559007123994762,-0.018655263178530723,-0.10639081747974305,0.061798883646506,-0.025895564729176365,0.025896608839941708
4,2023,pullback,454,185,0.40748898678414097,-0.010274272964889312,-0.011608640410681381,-0.07585226186468444,0.0446033915233116,-0.017060178962538176,-0.0029615943156922316
4,2024,breakout,199,130,0.4221105527638191,-0.007872632880696534,-0.012010013912223783,-0.11199703473807829,0.11016797856506055,-0.02733788194328114,0.010012989351508777
4,2024,pullback,350,181,0.46285714285714286,0.0017913887664235285,-0.003257050415981455,-0.07001501256352204,0.07463475288205973,-0.006772016902721911,0.010137790418490415
4,2025,breakout,336,157,0.5148809523809523,0.002926966295267464,0.0028934332354151326,-0.0984413944274975,0.12094951294665668,-0.00839659327303905,0.014635923532934731
4,2025,pullback,553,207,0.45207956600361665,0.0009881609882540095,-0.004055022673216557,-0.06396297404055037,0.07620168433720521,-0.004256338286266653,0.006514696752470645
5,2023,breakout,215,132,0.37209302325581395,-0.003707973713236428,-0.01859319906248258,-0.10809221062501288,0.1007616305212729,-0.023882154893767327,0.02807656199967255
5,2023,pullback,454,185,0.3788546255506608,-0.012836391793840619,-0.015714363033649537,-0.07979904170399095,0.05083625474070298,-0.020999162943453525,-0.00484808498952908
5,2024,breakout,199,130,0.39195979899497485,-0.013397030858450029,-0.01562522088700047,-0.12892081577434303,0.12317179498890461,-0.034298824136455665,0.0058769399047535935
5,2024,pullback,350,181,0.4742857142857143,0.001844651699386137,-0.002995506739890186,-0.08793557900908221,0.0902176425332844,-0.007829994221376712,0.013232962910370715
5,2025,breakout,336,157,0.4851190476190476,0.0073565120612323846,-0.002995506739890186,-0.102986522038436,0.13654046819418353,-0.005332313589184182,0.02042582036494805
5,2025,pullback,553,207,0.46835443037974683,0.0019652500478950434,-0.0029955067398902413,-0.06780233086353017,0.07392271321524509,-0.00516377850223646,0.008291970796091999
6,2023,breakout,215,132,0.39069767441860465,-0.010981880462399125,-0.015019681532976947,-0.12192847767943786,0.07829218694897855,-0.028240679010023816,0.008845369819602064
6,2023,pullback,454,185,0.4052863436123348,-0.010303991564092075,-0.014952354509164656,-0.08980810598934603,0.06418178456024316,-0.01909262333552215,-0.002064583214973602
6,2024,breakout,199,130,0.3869346733668342,-0.01124745873814362,-0.01826994883718991,-0.1397579279461314,0.11494829588043882,-0.028947310819602372,0.009094136786499191
6,2024,pullback,350,181,0.45714285714285713,-0.0007082229535162383,-0.0057602992222065,-0.09915707203448476,0.08894158304903058,-0.010409262585488788,0.010740009692519934
6,2025,breakout,336,157,0.4642857142857143,0.01073427528134537,-0.00595718190360045,-0.11355953094561494,0.16106474683853955,-0.0021804488550133897,0.026478732904634157
6,2025,pullback,553,207,0.47377938517179025,0.0047205187116843,-0.0029955067398902413,-0.06987430406108298,0.09048367555343938,-0.00265087011554996,0.011762174891319118
7,2023,breakout,215,132,0.3674418604651163,-0.010139158321310088,-0.02073580021426935,-0.12093860814945272,0.10054705007554288,-0.028480218146216676,0.00943212319613641
7,2023,pullback,454,185,0.3788546255506608,-0.010880111344070305,-0.01707331979714538,-0.09753375035545261,0.05799522617536368,-0.021215626588231232,-0.0028212956737126483
7,2024,breakout,199,130,0.39195979899497485,-0.0109053050917513,-0.015832474464269275,-0.14859667861432993,0.13554637098977074,-0.03143212946308137,0.008614602731110407
7,2024,pullback,350,181,0.43714285714285717,-0.0026748820888374933,-0.010226090422286116,-0.11050639366293029,0.10327659638343618,-0.012504337029148112,0.007844444209920937
7,2025,breakout,336,157,0.4791666666666667,0.011842219094371859,-0.0038208415853041577,-0.11741906123911477,0.16169812361835467,-0.004371680429926875,0.02676798383852122
7,2025,pullback,553,207,0.4719710669077758,0.008528690437294026,-0.0029955067398901303,-0.07594301227031375,0.10570789928876041,-0.0001682569043700024,0.015666107202639026
8,2023,breakout,215,132,0.4,-0.007706029266114588,-0.01957973020899173,-0.11938483491320319,0.12795461647352666,-0.025198054388515117,0.010993389102579005
8,2023,pullback,454,185,0.3766519823788546,-0.00990295101272761,-0.01701522017880336,-0.09668909576880201,0.06962206264106854,-0.01891945591957094,-0.00081737557321841
8,2024,breakout,199,130,0.4020100502512563,-0.0024027949238038244,-0.02168934098851716,-0.15731505291047468,0.15990362921154122,-0.026565162812231754,0.027032565126613017
8,2024,pullback,350,181,0.4142857142857143,-0.004952426951174326,-0.012854714278575374,-0.10696336130499733,0.09524510094519782,-0.014757957123802106,0.005293332272059567
8,2025,breakout,336,157,0.4851190476190476,0.011216829483828631,-0.0025082122661559403,-0.11832492845277437,0.1590583518276547,-0.0038267555885059296,0.027679580791297835
8,2025,pullback,553,207,0.4701627486437613,0.008677958421627332,-0.0029955067398902413,-0.08386467290494426,0.10768757950316431,0.0006981005262343438,0.017106168132030693
9,2023,breakout,215,132,0.3953488372093023,-0.007726996794327127,-0.024253598280617572,-0.1169746082585414,0.1134920303491199,-0.024278352346658774,0.011723082846449675
9,2023,pullback,454,185,0.40308370044052866,-0.008213466163106779,-0.016972510444945133,-0.10122546641292669,0.06951979223541992,-0.018473329619296257,5.7489452054912524e-05
9,2024,breakout,199,130,0.3969849246231156,0.0023940179296667668,-0.021669888507509283,-0.1765546606036428,0.15884050192752444,-0.024681516035615,0.03263816523542778
9,2024,pullback,350,181,0.4085714285714286,-0.009739101554314926,-0.014076266442436924,-0.11564719272260242,0.09200510658070492,-0.019281041997030127,0.001688599362919413
9,2025,breakout,336,157,0.47023809523809523,0.01199133682655939,-0.006784270198321285,-0.13466382931323279,0.17054781426011478,-0.00415915148374364,0.02892530267252446
9,2025,pullback,553,207,0.4972875226039783,0.01113226519137887,-0.0004521279305531589,-0.09203442753636992,0.11559644561702186,0.002517248180307944,0.01917912384623537
10,2023,breakout,215,132,0.40930232558139534,-0.009131572119415048,-0.020334715318326757,-0.13636358055657702,0.1178791442701533,-0.02556107838127383,0.010418880054585942
10,2023,pullback,454,185,0.3854625550660793,-0.010229422694660121,-0.01936616643939776,-0.10878201736815075,0.07705141890542865,-0.020130554651037535,-0.0008008213705754107
10,2024,breakout,199,130,0.38190954773869346,0.001687078345568169,-0.02509264353355123,-0.19112581228539105,0.18696145171427403,-0.023544067486245674,0.0318356941490406
10,2024,pullback,350,181,0.39714285714285713,-0.010045438334866602,-0.012843965758678966,-0.12059196488166672,0.09640192479967924,-0.01998352302973057,0.0009514272161540832
10,2025,breakout,336,157,0.47619047619047616,0.014471798741185952,-0.00623793436141179,-0.13928073784765221,0.19551420929074803,-0.0021808202895118862,0.03188643002596774
10,2025,pullback,553,207,0.484629294755877,0.01158471293381926,-0.001505216017528288,-0.0874046157009822,0.13283411573649337,0.002845196455254872,0.02102639938402156
11,2023,breakout,215,132,0.386046511627907,-0.010818179137167353,-0.028979759822023277,-0.13917554621973785,0.13138585390646082,-0.02701037292237326,0.007748373574809072
11,2023,pullback,454,185,0.3788546255506608,-0.013945170299197965,-0.019807166083718908,-0.11525927450851949,0.08352473812145243,-0.023354402685535125,-0.004593296744851889
11,2024,breakout,199,130,0.4120603015075377,0.0010330289854089756,-0.02082462857930556,-0.1823496875661587,0.17309731314751178,-0.02428851200442898,0.03219933609871151
11,2024,pullback,350,181,0.38857142857142857,-0.011410911574208366,-0.017216094073389143,-0.1196131617069161,0.09082382306771104,-0.02253310420648889,-9.952642639491338e-05
11,2025,breakout,336,157,0.4851190476190476,0.01812912618785455,-0.003675502187793056,-0.13844986368358303,0.20973206841972714,0.0009138798526980932,0.03416825795198443
11,2025,pullback,553,207,0.484629294755877,0.012586574673041409,-0.0029955067398901303,-0.09679315283772787,0.13761680216888067,0.002044448930078569,0.023483949228926486
12,2023,breakout,215,132,0.3813953488372093,-0.013673526181622377,-0.03275683489690839,-0.13676582170866286,0.12971840784236371,-0.03692284908326718,0.008842877666460986
12,2023,pullback,454,185,0.3744493392070485,-0.01441810242538209,-0.02184864851703644,-0.11903843974829843,0.0904338903878225,-0.025744769789865552,-0.0033448326756221895
12,2024,breakout,199,130,0.3768844221105528,0.006727818288856788,-0.019893887981586866,-0.1879354157665591,0.16989190729553988,-0.0249812725627193,0.044685132711189506
12,2024,pullback,350,181,0.37142857142857144,-0.01202184490825973,-0.017363116171404736,-0.1353581139237013,0.08618950591588537,-0.02393797575394726,0.0011237701612180863
12,2025,breakout,336,157,0.48214285714285715,0.022088028226221263,-0.0029955067398901303,-0.14141167368951313,0.2311112353264695,0.004572414407763796,0.04179954225923443
12,2025,pullback,553,207,0.49547920433996384,0.013623460026135197,-0.0009412392400409697,-0.1047233987271649,0.1403067666519668,0.0027131573503663487,0.02527139824101143
13,2023,breakout,215,132,0.3488372093023256,-0.018052379349397796,-0.031557261043810736,-0.14672645762001915,0.11710636402800421,-0.036775020913977954,0.002195184006107172
13,2023,pullback,454,185,0.3876651982378855,-0.01639953017512643,-0.02366296216829733,-0.1257087106409351,0.09405732714909842,-0.02712006499044648,-0.004064737067476129
13,2024,breakout,199,130,0.37185929648241206,0.007199592705202901,-0.025706315242398303,-0.19155365764305715,0.1718895685785558,-0.02105443201009442,0.04575422373194013
13,2024,pullback,350,181,0.3914285714285714,-0.011304069538233623,-0.01870598044816263,-0.13418156782725466,0.09483700719027821,-0.022808235232795463,-0.0002849505920891408
13,2025,breakout,336,157,0.4732142857142857,0.02440136019900486,-0.0059047507494390805,-0.142508997446591,0.24468264223873248,0.00384159813443462,0.043724396225971573
13,2025,pullback,553,207,0.47920433996383366,0.016102702555598352,-0.0029955067398901303,-0.10190393975672689,0.13411505558982018,0.005264989291129667,0.027974279180571195
14,2023,breakout,215,132,0.3674418604651163,-0.01264618033735058,-0.035281921677070005,-0.14154710535565793,0.11772799174214266,-0.03502881546652434,0.009960100320887894
14,2023,pullback,454,185,0.3788546255506608,-0.019939096767354156,-0.028240765139074697,-0.12983715531061135,0.09325088678877207,-0.03294688201329506,-0.008235486033651098
14,2024,breakout,199,130,0.3869346733668342,0.020887856991726364,-0.031023745506238654,-0.2002537819281461,0.1926699582902346,-0.017332936222963634,0.0792217390303604
14,2024,pullback,350,181,0.38,-0.015502860496705196,-0.018282234819074206,-0.1317810801329563,0.09920603469378952,-0.028746277806540356,-0.0025372680277940887
14,2025,breakout,336,157,0.46130952380952384,0.019506160005700823,-0.010933938207434712,-0.14675922680643355,0.23090223123457287,-0.0022001794979540764,0.03926537010978921
14,2025,pullback,553,207,0.47739602169981915,0.016272321981358702,-0.0018495245637291102,-0.10663238995306928,0.14461101300484736,0.0044844728454065995,0.02861269088675727
15,2023,breakout,215,132,0.39069767441860465,-0.01589698772349046,-0.03259068369123885,-0.15130060441322057,0.12489632215397337,-0.03477615823004579,0.008292179716770454
15,2023,pullback,454,185,0.3502202643171806,-0.02182234708872664,-0.029574096690608842,-0.12705209263676256,0.09770257781937701,-0.034968139156346036,-0.009537468828303705
15,2024,breakout,199,130,0.3869346733668342,0.022237029483975053,-0.0307848740336929,-0.20059532844782857,0.2177979856958844,-0.01940882421241416,0.07013999165346581
15,2024,pullback,350,181,0.3914285714285714,-0.013977340376006503,-0.018301190388010924,-0.14086579487863743,0.1064045982716579,-0.025146978425767443,-0.00330415149007503
15,2025,breakout,336,157,0.47619047619047616,0.022130177244692243,-0.005593755777735965,-0.1592373071408929,0.2599770167980353,0.001361901658235241,0.04492121145448217
15,2025,pullback,553,207,0.47739602169981915,0.017364623984516183,-0.0029955067398902413,-0.1077518697617712,0.15392079228096636,0.004099881737555159,0.03010561700089013
16,2023,breakout,215,132,0.386046511627907,-0.02198168805998287,-0.02759691631384087,-0.17384049602811785,0.1281864162128808,-0.04455485491060131,0.0021658563037610288
16,2023,pullback,454,185,0.3590308370044053,-0.023737692062185484,-0.030148068534299577,-0.1306529279415403,0.09583609191722402,-0.036606526696266274,-0.010910078034290508
16,2024,breakout,199,130,0.37185929648241206,0.017228786836382466,-0.038649972061774895,-0.19829893692181882,0.20813439279062676,-0.025891621847333346,0.0791989954348145
16,2024,pullback,350,181,0.38857142857142857,-0.01289506831687318,-0.017520925079133776,-0.1405071200936512,0.11017606766037469,-0.024543556560444702,-0.0007790938844797038
16,2025,breakout,336,157,0.49702380952380953,0.02679541184800545,-0.0006922789538810759,-0.15823502823493701,0.28091488949540977,0.0028848618847775176,0.050030503148554895
16,2025,pullback,553,207,0.49005424954792043,0.018294257923631232,-0.0009677009908866108,-0.10463977260653647,0.17070063821129183,0.003654821743405053,0.03299140509968725
17,2023,breakout,215,132,0.4,-0.021625852847621266,-0.02630210528363308,-0.17925670988030817,0.11644859144086904,-0.04337635156848357,-0.00037538326246901903
17,2023,pullback,454,185,0.34140969162995594,-0.025477765151822644,-0.03670049497052519,-0.1326520428064475,0.10915968958088264,-0.04115024223024959,-0.01138774990029119
17,2024,breakout,199,130,0.3768844221105528,0.00350894383079159,-0.033129045358486375,-0.19726116628313706,0.1762092190339127,-0.037816826054374655,0.056026320990864346
17,2024,pullback,350,181,0.38857142857142857,-0.012599321412751639,-0.01946358986547364,-0.1488368951948422,0.10465098008544847,-0.02603265231472098,0.0008850212735677939
17,2025,breakout,336,157,0.5148809523809523,0.03416694769841272,0.0061898039020997775,-0.16334982981586915,0.2864360497889794,0.009009075713303293,0.059596316526949106
17,2025,pullback,553,207,0.4936708860759494,0.020608725257160593,-0.0017006957096822317,-0.10648247629801041,0.1789226399726412,0.004784559714635118,0.03676656525155865
18,2023,breakout,215,132,0.4046511627906977,-0.019750577049979786,-0.02607037609115337,-0.1945037086130848,0.1316272415333443,-0.0404393492669135,0.0030031447303206656
18,2023,pullback,454,185,0.3524229074889868,-0.026861034383843893,-0.037820932069689894,-0.13811511563719706,0.11001410405476736,-0.040134830521169965,-0.012652086895791408
18,2024,breakout,199,130,0.3969849246231156,-0.007744698126575268,-0.025465557923548765,-0.21426620741097144,0.1902555410032756,-0.03506942169407254,0.03818143020016912
18,2024,pullback,350,181,0.38571428571428573,-0.013126607191707464,-0.021232343502167295,-0.14815585508324836,0.11927754509837364,-0.026111534520120713,-0.0002909995165012476
18,2025,breakout,336,157,0.5029761904761905,0.034791662315880476,0.0008642826625386846,-0.16025375385265034,0.2925271586986521,0.01111650763587209,0.05958207956037455
18,2025,pullback,553,207,0.4701627486437613,0.02117544186294876,-0.006296846121546129,-0.11395680937376033,0.18287839772270087,0.0063341211110913695,0.03548840664972267
19,2023,breakout,215,132,0.4232558139534884,-0.01691179777220915,-0.036388001729463326,-0.19272409825651077,0.14066268294323367,-0.03816375134906911,0.006470826022803316
19,2023,pullback,454,185,0.34140969162995594,-0.028048035856969147,-0.039356429387842895,-0.1437148753454616,0.11300077288147614,-0.04432138312420532,-0.012440999304020752
19,2024,breakout,199,130,0.3969849246231156,-0.01856395055313723,-0.03520722043563107,-0.22081683926532533,0.17899194026982945,-0.04541250119930231,0.011208610972757348
19,2024,pullback,350,181,0.3942857142857143,-0.01183121315865712,-0.023091478996849657,-0.14232432825121288,0.12946062632569175,-0.02612640371397664,0.0024530427913336088
19,2025,breakout,336,157,0.5,0.03500835023678933,-0.00017301333930958007,-0.16265976897135515,0.3091398459485628,0.010687741448777616,0.05964767739571481
19,2025,pullback,553,207,0.47920433996383366,0.02446942297671295,-0.004182416850914028,-0.10976480821171476,0.19197467992496894,0.010228307816863423,0.040307004625137026
20,2023,breakout,215,132,0.3953488372093023,-0.02128632483969182,-0.03787613041079774,-0.20967057250572882,0.1531376257473514,-0.044132312060018115,0.00508340815455933
20,2023,pullback,454,185,0.3370044052863436,-0.03040789415931164,-0.04069584356248157,-0.15075504905535264,0.11517570467653213,-0.04760819091227629,-0.015530823396606577
20,2024,breakout,199,130,0.38190954773869346,-0.02001366263254285,-0.03612858657632878,-0.2096152793358858,0.17926479454578642,-0.04580180007607345,0.008455773804119151
20,2024,pullback,350,181,0.38857142857142857,-0.012242642018253506,-0.025314283932907633,-0.14648323542271813,0.1335083859966225,-0.025081609813679143,0.000607431407066225
20,2025,breakout,336,157,0.49404761904761907,0.03498117429007377,-0.0015206360917077166,-0.16632997469563288,0.2931998881058464,0.01108365609299164,0.057658989130923925
20,2025,pullback,553,207,0.4810126582278481,0.023683923930729444,-0.0029955067398901303,-0.11425608352638159,0.18212634483064738,0.010134144908745058,0.03811389071982946
