hold,initial_capital,fractional_reference,closed_trade_mdd_pct_A_baseline,closed_trade_mdd_pct_B_improved,total_return_pct_A_baseline,total_return_pct_B_improved,trades_A_baseline,trades_B_improved,improved_minus_baseline_pp
5,300000,False,-67.28816025573991,-35.637933249578644,-26.472306666666732,228.87346116666674,138,99,255.34576783333347
5,500000,False,-70.00423209033788,-35.5414187889677,-20.081634500000067,229.87693469999994,140,99,249.9585692
5,1000000,False,-71.71955832076362,-36.366317456978145,-39.56818034999999,227.76291524999993,140,99,267.3310955999999
5,1000000,True,-73.01184221386073,-36.87241014023292,-25.521289916210932,226.99156116371975,142,99,252.51285107993067
5,3000000,False,-72.59856267994861,-36.81105020128648,-25.519809633333278,226.41988086666663,142,99,251.9396904999999
5,10000000,False,-72.99797125139767,-36.85973432249795,-25.51084858499997,226.89962665999994,142,99,252.4104752449999
10,300000,False,-83.99352107113941,-50.45765285922331,-44.65297466666666,10.145896499999996,71,56,54.79887116666666
10,500000,False,-79.70126348517381,-50.514378701009264,-20.65027869999996,9.368924399999923,71,56,30.01920309999988
10,1000000,False,-79.68610518212162,-51.530361541461154,-17.954826699999938,14.05835859999991,71,56,32.01318529999985
10,1000000,True,-79.90121302821743,-52.07094392326965,-45.053670378981515,12.689263640393467,72,56,57.742934019374985
10,3000000,False,-79.91674019423553,-51.645720001024095,-45.40872826666661,13.473532816666633,72,56,58.88226108333324
10,10000000,False,-79.88236267563748,-52.03378133873642,-44.826968340000015,12.746315749999981,72,56,57.573284089999994
15,300000,False,-80.64602912810331,-20.986409889139612,-30.18052750000002,1135.9404373333332,49,42,1166.1209648333331
15,500000,False,-81.01404892999456,-21.12572144687731,-32.762578100000006,1171.3004445000004,49,42,1204.0630226000003
15,1000000,False,-81.5727618949684,-21.071992658144733,-34.04912339999999,1180.76640785,49,42,1214.81553125
15,1000000,True,-81.53719484720902,-21.173363619965446,-33.11167518811137,1188.9070735280418,49,42,1222.0187487161531
15,3000000,False,-81.34930850791481,-21.149951090963004,-32.615089499999996,1186.3234094833335,49,42,1218.9384989833336
15,10000000,False,-81.47756441071282,-21.16198663498049,-32.990509414999956,1188.12616433,49,42,1221.1166737449998
20,300000,False,-49.9657746270333,-35.888526,15.827871166666728,-27.279093999999983,37,31,-43.10696516666671
20,500000,False,-50.288874136349435,-35.97810010000001,14.96225140000005,-25.78784599999998,37,31,-40.75009740000003
20,1000000,False,-59.235976372642455,-36.656062150000004,33.400875299999974,-25.5989888,37,31,-58.999864099999975
20,1000000,True,-60.527791762585515,-37.20348556785923,31.297172270672835,7.0049038437386635,37,31,-24.29226842693417
20,3000000,False,-59.602805809433605,-37.09901468333332,33.24755884999999,2.646788466666661,37,31,-30.60077038333333
20,10000000,False,-60.34437578017491,-37.16800142500002,31.410766904999974,7.041209624999967,37,31,-24.36955728000001
