variant,dip_threshold_pct,strategy,selection,hold,capital,stop_pct,take_pct,trades_closed,open_position,skipped_missing_or_price_mismatch,blocked_nontradable_entries,nontrading_holding_days,invalid_holding_days,total_return_pct,cagr_pct,daily_close_mdd_pct,win_rate_pct,ending_equity,adds_executed,control_total_return_pct,control_daily_close_mdd_pct,control_win_rate_pct,delta_total_return_pct_pp,delta_daily_close_mdd_pct_pp,delta_win_rate_pct_pp
dip_50_50,2.0,A_baseline,ticker_ascending,5,300000,,,165,False,0,0,0,,1.9695148226839265,0.6165372906125066,-35.211465306216226,49.09090909090909,305908.54446805175,51,-7.097530108633143,-33.82642574709779,46.06060606060606,9.06704493131707,-1.3850395591184395,3.030303030303031
dip_50_50,3.0,A_baseline,ticker_ascending,5,300000,,,165,False,0,0,0,,-10.679597895546312,-3.496630355039232,-34.67135999572132,47.878787878787875,267961.20631336106,29,-7.097530108633143,-33.82642574709779,46.06060606060606,-3.5820677869131687,-0.844934248623531,1.818181818181813
dip_50_50,4.0,A_baseline,ticker_ascending,5,300000,,,165,False,0,0,0,,-7.905870173457197,-2.562087354439846,-35.39382985507861,47.878787878787875,276282.3894796284,14,-7.097530108633143,-33.82642574709779,46.06060606060606,-0.808340064824054,-1.5674041079808205,1.818181818181813
dip_50_50,5.0,A_baseline,ticker_ascending,5,300000,,,165,False,0,0,0,,-3.1789783876156053,-1.0129353933803098,-34.385470057494494,46.666666666666664,290463.0648371532,4,-7.097530108633143,-33.82642574709779,46.06060606060606,3.918551721017538,-0.5590443103967075,0.606060606060602
dip_50_50,2.0,A_baseline,factor_rank,5,300000,,,185,False,0,0,2,,37.256994108161635,10.495080424698688,-39.4631694745325,42.16216216216216,411770.9823244849,46,15.34725983364007,-42.2170733932238,39.45945945945946,21.909734274521565,2.7539039186913,2.7027027027027017
dip_50_50,3.0,A_baseline,factor_rank,5,300000,,,185,False,0,0,2,,28.039961855747354,8.100854277285151,-38.192201625908105,41.08108108108108,384119.88556724205,26,15.34725983364007,-42.2170733932238,39.45945945945946,12.692702022107284,4.024871767315695,1.621621621621621
dip_50_50,4.0,A_baseline,factor_rank,5,300000,,,185,False,0,0,2,,34.52427121431248,9.797016864315221,-38.21780671840715,41.08108108108108,403572.8136429374,15,15.34725983364007,-42.2170733932238,39.45945945945946,19.177011380672408,3.9992666748166528,1.621621621621621
dip_50_50,5.0,A_baseline,factor_rank,5,300000,,,185,False,0,0,2,,27.158597918735538,7.865797868216573,-39.99761124070521,40.54054054054054,381475.79375620664,8,15.34725983364007,-42.2170733932238,39.45945945945946,11.811338085095468,2.219462152518588,1.0810810810810807
dip_50_50,2.0,B_improved,ticker_ascending,5,300000,,,103,False,0,0,0,,66.72800686328853,17.480098496063047,-21.55889289590465,51.45631067961165,500184.02058986557,39,41.62339145611518,-22.1189158363307,44.66019417475729,25.10461540717335,0.5600229404260517,6.796116504854361
dip_50_50,3.0,B_improved,ticker_ascending,5,300000,,,103,False,0,0,0,,63.49763156743662,16.757962617709698,-19.512244137774736,48.54368932038835,490492.89470230986,21,41.62339145611518,-22.1189158363307,44.66019417475729,21.87424011132144,2.6066716985559637,3.8834951456310662
dip_50_50,4.0,B_improved,ticker_ascending,5,300000,,,103,False,0,0,0,,65.6228923111496,17.234142106191296,-17.82853661158388,48.54368932038835,496868.67693344876,11,41.62339145611518,-22.1189158363307,44.66019417475729,23.99950085503442,4.290379224746822,3.8834951456310662
dip_50_50,5.0,B_improved,ticker_ascending,5,300000,,,103,False,0,0,0,,51.366179255333776,13.95534938297116,-18.350523694038902,47.57281553398058,454098.5377660013,4,41.62339145611518,-22.1189158363307,44.66019417475729,9.742787799218597,3.7683921422917983,2.9126213592232943
dip_50_50,2.0,B_improved,factor_rank,5,300000,,,107,False,0,0,0,,47.25725166950414,12.9712894183027,-26.959411705043568,50.467289719626166,441771.7550085124,43,26.552388544503525,-29.77486047937372,43.39622641509434,20.704863125000617,2.8154487743301537,7.071063304531826
dip_50_50,3.0,B_improved,factor_rank,5,300000,,,107,False,0,0,0,,39.793288160672176,11.134500766868548,-25.513369379741658,47.66355140186916,419379.86448201654,25,26.552388544503525,-29.77486047937372,43.39622641509434,13.240899616168651,4.261491099632064,4.267324986774817
dip_50_50,4.0,B_improved,factor_rank,5,300000,,,107,False,0,0,0,,47.26125979171882,12.972258443547325,-24.517819577667332,47.66355140186916,441783.7793751565,13,26.552388544503525,-29.77486047937372,43.39622641509434,20.708871247215296,5.2570409017063895,4.267324986774817
dip_50_50,5.0,B_improved,factor_rank,5,300000,,,107,False,0,0,0,,38.345757997768736,10.770549556674425,-25.427400170268154,46.728971962616825,415037.2739933062,4,26.552388544503525,-29.77486047937372,43.39622641509434,11.79336945326521,4.347460309105568,3.332745547522485
dip_50_50,2.0,A_baseline,ticker_ascending,5,500000,,,165,False,0,0,0,,16.94394758354818,5.056437297518812,-26.266108534688936,48.484848484848484,584719.737917741,51,-18.696383535812487,-40.96316373765675,45.18072289156627,35.64033111936067,14.697055202967814,3.3041255932822153
dip_50_50,3.0,A_baseline,ticker_ascending,5,500000,,,166,False,0,0,0,,-24.595935401021563,-8.512471846687063,-45.37827153317567,47.59036144578313,377020.3229948922,28,-18.696383535812487,-40.96316373765675,45.18072289156627,-5.899551865209077,-4.415107795518921,2.409638554216862
dip_50_50,4.0,A_baseline,ticker_ascending,5,500000,,,165,False,0,0,0,,-10.37453332751771,-3.3928815455995354,-38.62480424037579,48.484848484848484,448127.3333624115,15,-18.696383535812487,-40.96316373765675,45.18072289156627,8.321850208294777,2.338359497280962,3.3041255932822153
dip_50_50,5.0,A_baseline,ticker_ascending,5,500000,,,166,False,0,0,0,,-13.44138450755964,-4.447111474921894,-36.87077933573404,46.98795180722892,432793.0774622018,4,-18.696383535812487,-40.96316373765675,45.18072289156627,5.254999028252847,4.092384401922708,1.8072289156626482
dip_50_50,2.0,A_baseline,factor_rank,5,500000,,,186,False,0,0,2,,11.824356164343698,3.5847632683741137,-43.24282343640754,41.39784946236559,559121.7808217185,43,11.613096062695472,-38.698382558802734,38.70967741935484,0.21126010164822517,-4.544440877604806,2.688172043010752
dip_50_50,3.0,A_baseline,factor_rank,5,500000,,,186,False,0,0,2,,12.432797152295617,3.762050423970953,-38.56980633639531,40.86021505376344,562163.9857614781,23,11.613096062695472,-38.698382558802734,38.70967741935484,0.8197010896001444,0.12857622240742472,2.1505376344086002
dip_50_50,4.0,A_baseline,factor_rank,5,500000,,,186,False,0,0,2,,14.144005376676706,4.257164295166338,-39.947522009645255,41.39784946236559,570720.0268833835,14,11.613096062695472,-38.698382558802734,38.70967741935484,2.5309093139812333,-1.2491394508425202,2.688172043010752
dip_50_50,5.0,A_baseline,factor_rank,5,500000,,,186,False,0,0,2,,13.018114705846639,3.931980885133912,-38.93459725475229,39.784946236559136,565090.5735292332,7,11.613096062695472,-38.698382558802734,38.70967741935484,1.4050186431511662,-0.23621469594955613,1.0752688172042966
dip_50_50,2.0,B_improved,ticker_ascending,5,500000,,,103,False,0,0,0,,58.087833164560855,15.526423024518653,-22.304887108139525,50.48543689320388,790439.1658228043,39,36.285981481525994,-24.690621299944326,43.689320388349515,21.80185168303486,2.3857341918048007,6.796116504854368
dip_50_50,3.0,B_improved,ticker_ascending,5,500000,,,103,False,0,0,0,,54.56144027709946,14.708020527635401,-20.245652429071825,47.57281553398058,772807.2013854973,21,36.285981481525994,-24.690621299944326,43.689320388349515,18.275458795573464,4.444968870872501,3.8834951456310662
dip_50_50,4.0,B_improved,ticker_ascending,5,500000,,,103,False,0,0,0,,58.14736535718708,15.540131386143209,-20.653283188332516,46.601941747572816,790736.8267859353,11,36.285981481525994,-24.690621299944326,43.689320388349515,21.861383875661083,4.03733811161181,2.9126213592233015
dip_50_50,5.0,B_improved,ticker_ascending,5,500000,,,103,False,0,0,0,,44.41831653744765,12.280345957702089,-20.884108609937236,46.601941747572816,722091.5826872382,4,36.285981481525994,-24.690621299944326,43.689320388349515,8.132335055921658,3.8065126900070894,2.9126213592233015
dip_50_50,2.0,B_improved,factor_rank,5,500000,,,107,False,0,0,0,,35.46194884238587,10.037628405084975,-28.90770849091675,48.598130841121495,677309.7442119294,43,23.795149566732256,-31.45147666522815,42.99065420560748,11.666799275653617,2.543768174311399,5.607476635514018
dip_50_50,3.0,B_improved,factor_rank,5,500000,,,107,False,0,0,0,,30.308362302957526,8.700774438419012,-28.97086625845272,46.728971962616825,651541.8115147876,25,23.795149566732256,-31.45147666522815,42.99065420560748,6.51321273622527,2.4806104067754298,3.738317757009348
dip_50_50,4.0,B_improved,factor_rank,5,500000,,,107,False,0,0,0,,38.37638963304191,10.77827818654975,-27.90060995833973,45.794392523364486,691881.9481652095,13,23.795149566732256,-31.45147666522815,42.99065420560748,14.581240066309654,3.5508667068884208,2.803738317757009
dip_50_50,5.0,B_improved,factor_rank,5,500000,,,107,False,0,0,0,,31.18948446969114,8.931874641653238,-29.27250268943854,45.794392523364486,655947.4223484558,4,23.795149566732256,-31.45147666522815,42.99065420560748,7.394334902958885,2.17897397578961,2.803738317757009
dip_50_50,2.0,A_baseline,ticker_ascending,5,1000000,,,165,False,0,0,0,,13.113110300328357,3.9595032939096386,-26.8510386573392,48.484848484848484,1131131.1030032835,51,-7.859929011211941,-32.81718736236291,44.84848484848485,20.973039311540298,5.966148705023709,3.636363636363633
dip_50_50,3.0,A_baseline,ticker_ascending,5,1000000,,,165,False,0,0,0,,-12.820188434977997,-4.231533335195725,-36.617704106148885,47.27272727272727,871798.1156502201,30,-7.859929011211941,-32.81718736236291,44.84848484848485,-4.960259423766056,-3.800516743785977,2.424242424242422
dip_50_50,4.0,A_baseline,ticker_ascending,5,1000000,,,165,False,0,0,0,,-6.177526146705315,-1.9894729337434969,-32.69855950580484,47.27272727272727,938224.7385329469,15,-7.859929011211941,-32.81718736236291,44.84848484848485,1.682402864506626,0.11862785655807073,2.424242424242422
dip_50_50,5.0,A_baseline,ticker_ascending,5,1000000,,,165,False,0,0,0,,-3.810401138738928,-1.2168311228060613,-30.685510981958164,46.06060606060606,961895.9886126107,4,-7.859929011211941,-32.81718736236291,44.84848484848485,4.049527872473012,2.1316763804047447,1.212121212121211
dip_50_50,2.0,A_baseline,factor_rank,5,1000000,,,187,False,0,0,2,,-7.55685013551437,-2.445864803745723,-42.813289661546996,40.106951871657756,924431.4986448563,43,-10.63207492080166,-44.21937935126062,37.967914438502675,3.07522478528729,1.4060896897136246,2.1390374331550817
dip_50_50,3.0,A_baseline,factor_rank,5,1000000,,,187,False,0,0,2,,-11.094401359466211,-3.6380900959967155,-42.90476411053693,40.106951871657756,889055.9864053379,23,-10.63207492080166,-44.21937935126062,37.967914438502675,-0.4623264386645509,1.3146152407236897,2.1390374331550817
dip_50_50,4.0,A_baseline,factor_rank,5,1000000,,,187,False,0,0,2,,-10.161956779458514,-3.320729701291647,-44.315206390607095,40.106951871657756,898380.4322054149,14,-10.63207492080166,-44.21937935126062,37.967914438502675,0.47011814134314633,-0.09582703934647441,2.1390374331550817
dip_50_50,5.0,A_baseline,factor_rank,5,1000000,,,187,False,0,0,2,,-7.540704042330903,-2.440495484598282,-43.965954917678175,39.037433155080215,924592.9595766909,7,-10.63207492080166,-44.21937935126062,37.967914438502675,3.091370878470757,0.2534244335824454,1.0695187165775408
dip_50_50,2.0,B_improved,ticker_ascending,5,1000000,,,104,False,0,0,0,,65.2230591572931,17.144877623877885,-22.54789003580626,50.96153846153846,1652230.591572931,39,40.84221774053294,-24.96714365288659,44.230769230769226,24.380841416760155,2.4192536170803294,6.7307692307692335
dip_50_50,3.0,B_improved,ticker_ascending,5,1000000,,,104,False,0,0,0,,60.19023945697415,16.008413826705436,-20.38326472387372,48.07692307692308,1601902.3945697416,21,40.84221774053294,-24.96714365288659,44.230769230769226,19.34802171644121,4.583878929012872,3.846153846153854
dip_50_50,4.0,B_improved,ticker_ascending,5,1000000,,,104,False,0,0,0,,63.830872379163004,16.83290666528563,-20.58695502158544,47.11538461538461,1638308.72379163,11,40.84221774053294,-24.96714365288659,44.230769230769226,22.988654638630067,4.380188631301152,2.884615384615387
dip_50_50,5.0,B_improved,ticker_ascending,5,1000000,,,104,False,0,0,0,,49.902147363934255,13.60684596272701,-21.422134778068013,47.11538461538461,1499021.4736393425,4,40.84221774053294,-24.96714365288659,44.230769230769226,9.059929623401317,3.5450088748185777,2.884615384615387
dip_50_50,2.0,B_improved,factor_rank,5,1000000,,,108,False,0,0,0,,40.60047194867489,11.336330447373566,-29.59803562263591,49.074074074074076,1406004.7194867488,43,29.132128966906954,-32.21881590167893,43.51851851851852,11.468342981767933,2.6207802790430215,5.555555555555557
dip_50_50,3.0,B_improved,factor_rank,5,1000000,,,108,False,0,0,0,,36.3271053818228,10.258621114124654,-28.558626084950834,47.22222222222222,1363271.053818228,25,29.132128966906954,-32.21881590167893,43.51851851851852,7.194976414915843,3.6601898167280957,3.7037037037037024
dip_50_50,4.0,B_improved,factor_rank,5,1000000,,,108,False,0,0,0,,43.82361800079075,12.134431441056414,-28.096764546291407,46.2962962962963,1438236.1800079076,13,29.132128966906954,-32.21881590167893,43.51851851851852,14.691489033883798,4.122051355387523,2.7777777777777786
dip_50_50,5.0,B_improved,factor_rank,5,1000000,,,108,False,0,0,0,,34.7896980844141,9.865242621915726,-29.506162032517345,46.2962962962963,1347896.980844141,4,29.132128966906954,-32.21881590167893,43.51851851851852,5.657569117507144,2.712653869161585,2.7777777777777786
dip_50_50,2.0,A_baseline,ticker_ascending,5,3000000,,,166,False,0,0,0,,-4.110111126388116,-1.3139328106801629,-29.72570749283914,47.59036144578313,2876696.6662083566,53,-10.35057548316345,-32.3003538518026,44.57831325301205,6.240464356775334,2.5746463589634594,3.0120481927710827
dip_50_50,3.0,A_baseline,ticker_ascending,5,3000000,,,166,False,0,0,0,,-16.41644499747118,-5.494523319277089,-36.75835413664521,46.98795180722892,2507506.6500758645,30,-10.35057548316345,-32.3003538518026,44.57831325301205,-6.065869514307732,-4.458000284842612,2.409638554216869
dip_50_50,4.0,A_baseline,ticker_ascending,5,3000000,,,166,False,0,0,0,,-10.908181527068383,-3.574528064699678,-32.46956298052012,46.98795180722892,2672754.5541879483,15,-10.35057548316345,-32.3003538518026,44.57831325301205,-0.5576060439049328,-0.1692091287175188,2.409638554216869
dip_50_50,5.0,A_baseline,ticker_ascending,5,3000000,,,166,False,0,0,0,,-8.848106096645381,-2.8773627790806833,-31.10544976224826,45.78313253012048,2734556.8171006385,4,-10.35057548316345,-32.3003538518026,44.57831325301205,1.5024693865180687,1.1949040895543384,1.2048192771084345
dip_50_50,2.0,A_baseline,factor_rank,5,3000000,,,188,False,0,0,2,,7.948640532629803,2.439662697487388,-41.30602736283768,40.95744680851064,3238459.215978894,45,0.6566873449899591,-42.802466220824606,38.82978723404255,7.291953187639844,1.4964388579869237,2.1276595744680904
dip_50_50,3.0,A_baseline,factor_rank,5,3000000,,,188,False,0,0,2,,3.040342968147658,0.9483325844657609,-42.63554165919763,40.95744680851064,3091210.2890444295,26,0.6566873449899591,-42.802466220824606,38.82978723404255,2.383655623157699,0.16692456162697766,2.1276595744680904
dip_50_50,4.0,A_baseline,factor_rank,5,3000000,,,188,False,0,0,2,,7.92982790780703,2.4340362656161796,-42.19282107259996,40.95744680851064,3237894.837234211,15,0.6566873449899591,-42.802466220824606,38.82978723404255,7.273140562817071,0.6096451482246437,2.1276595744680904
dip_50_50,5.0,A_baseline,factor_rank,5,3000000,,,188,False,0,0,2,,4.623071760535047,1.4344424345323459,-42.560215699310454,39.8936170212766,3138692.1528160516,7,0.6566873449899591,-42.802466220824606,38.82978723404255,3.966384415545088,0.24225052151415127,1.0638297872340488
dip_50_50,2.0,B_improved,ticker_ascending,5,3000000,,,104,False,0,0,0,,67.4759329871922,17.64592550945041,-22.544787951637566,50.96153846153846,5024277.989615765,39,42.39088110701075,-25.701909164637126,44.230769230769226,25.085051880181446,3.1571212129995594,6.7307692307692335
dip_50_50,3.0,B_improved,ticker_ascending,5,3000000,,,104,False,0,0,0,,63.25103141337254,16.70243620580678,-20.731201539015654,48.07692307692308,4897530.942401176,21,42.39088110701075,-25.701909164637126,44.230769230769226,20.86015030636179,4.970707625621472,3.846153846153854
dip_50_50,4.0,B_improved,ticker_ascending,5,3000000,,,104,False,0,0,0,,65.70465425976874,17.252377635182704,-21.57084912555195,47.11538461538461,4971139.6277930625,11,42.39088110701075,-25.701909164637126,44.230769230769226,23.313773152757996,4.1310600390851775,2.884615384615387
dip_50_50,5.0,B_improved,ticker_ascending,5,3000000,,,104,False,0,0,0,,51.232435208613026,13.923608532194343,-22.499648367740622,47.11538461538461,4536973.056258391,4,42.39088110701075,-25.701909164637126,44.230769230769226,8.841554101602277,3.2022607968965033,2.884615384615387
dip_50_50,2.0,B_improved,factor_rank,5,3000000,,,108,False,0,0,0,,42.288652622794864,11.755894759287289,-30.31451894765952,49.074074074074076,4268659.578683846,43,27.9050033314274,-33.023251347706925,43.51851851851852,14.383649291367462,2.7087324000474062,5.555555555555557
dip_50_50,3.0,B_improved,factor_rank,5,3000000,,,108,False,0,0,0,,39.49454265983139,11.059599558915423,-28.880822462569267,47.22222222222222,4184836.2797949417,25,27.9050033314274,-33.023251347706925,43.51851851851852,11.589539328403987,4.142428885137658,3.7037037037037024
dip_50_50,4.0,B_improved,factor_rank,5,3000000,,,108,False,0,0,0,,47.1931116477454,12.955780122741212,-28.20631966215721,46.2962962962963,4415793.349432362,13,27.9050033314274,-33.023251347706925,43.51851851851852,19.288108316317995,4.816931685549715,2.7777777777777786
dip_50_50,5.0,B_improved,factor_rank,5,3000000,,,108,False,0,0,0,,37.67036226330038,10.599842698081385,-29.5828251856426,46.2962962962963,4130110.8678990114,4,27.9050033314274,-33.023251347706925,43.51851851851852,9.765358931872981,3.4404261620643233,2.7777777777777786
dip_50_50,2.0,A_baseline,ticker_ascending,5,10000000,,,166,False,0,0,0,,-2.603242535530592,-0.8278140144451163,-30.347714386325798,47.59036144578313,9739675.746446941,54,-21.12641118906824,-32.527180474206205,43.97590361445783,18.523168653537645,2.1794660878804066,3.6144578313253035
dip_50_50,3.0,A_baseline,ticker_ascending,5,10000000,,,166,False,0,0,0,,-22.404685692741445,-7.682826742094939,-37.398314619992526,46.3855421686747,7759531.430725856,31,-21.12641118906824,-32.527180474206205,43.97590361445783,-1.278274503673206,-4.871134145786321,2.409638554216869
dip_50_50,4.0,A_baseline,ticker_ascending,5,10000000,,,166,False,0,0,0,,-19.212556656879155,-6.502472486669797,-32.78905216597911,46.3855421686747,8078744.334312085,16,-21.12641118906824,-32.527180474206205,43.97590361445783,1.9138545321890845,-0.26187169177290315,2.409638554216869
dip_50_50,5.0,A_baseline,ticker_ascending,5,10000000,,,166,False,0,0,0,,-19.363938347198495,-6.557720322569516,-31.11977886404493,45.18072289156627,8063606.16528015,4,-21.12641118906824,-32.527180474206205,43.97590361445783,1.7624728418697444,1.4074016101612727,1.2048192771084416
dip_50_50,2.0,A_baseline,factor_rank,5,10000000,,,187,False,0,0,2,,28.473743147245646,8.216135357130462,-41.683688574556044,42.24598930481284,12847374.314724565,45,18.404516962775762,-42.85353952568737,40.106951871657756,10.069226184469883,1.1698509511313233,2.1390374331550817
dip_50_50,3.0,A_baseline,factor_rank,5,10000000,,,187,False,0,0,2,,23.244293670637163,6.808169053648205,-42.48429031821508,42.24598930481284,12324429.367063716,26,18.404516962775762,-42.85353952568737,40.106951871657756,4.8397767078614,0.3692492074722864,2.1390374331550817
dip_50_50,4.0,A_baseline,factor_rank,5,10000000,,,187,False,0,0,2,,25.401669324689614,7.3938816850840805,-42.39028895483923,42.24598930481284,12540166.932468962,15,18.404516962775762,-42.85353952568737,40.106951871657756,6.997152361913852,0.4632505708481389,2.1390374331550817
dip_50_50,5.0,A_baseline,factor_rank,5,10000000,,,187,False,0,0,2,,22.00966310264565,6.4698105360603275,-42.48884852605376,41.17647058823529,12200966.310264565,7,18.404516962775762,-42.85353952568737,40.106951871657756,3.6051461398698876,0.3646909996336092,1.0695187165775337
dip_50_50,2.0,B_improved,ticker_ascending,5,10000000,,,104,False,0,0,0,,68.45690446066375,17.86265527237547,-22.593994468277756,50.96153846153846,16845690.446066376,39,41.99672570659623,-26.169077910650007,44.230769230769226,26.46017875406752,3.57508344237225,6.7307692307692335
dip_50_50,3.0,B_improved,ticker_ascending,5,10000000,,,104,False,0,0,0,,63.79335280877887,16.82447393627897,-20.992991192684542,48.07692307692308,16379335.280877886,21,41.99672570659623,-26.169077910650007,44.230769230769226,21.79662710218264,5.176086717965465,3.846153846153854
dip_50_50,4.0,B_improved,ticker_ascending,5,10000000,,,104,False,0,0,0,,66.29354043875635,17.383536402271304,-21.736767270460245,47.11538461538461,16629354.043875635,11,41.99672570659623,-26.169077910650007,44.230769230769226,24.296814732160122,4.432310640189762,2.884615384615387
dip_50_50,5.0,B_improved,ticker_ascending,5,10000000,,,104,False,0,0,0,,52.07725948611974,14.123784993106803,-22.54745483033066,47.11538461538461,15207725.948611975,4,41.99672570659623,-26.169077910650007,44.230769230769226,10.080533779523513,3.6216230803193454,2.884615384615387
dip_50_50,2.0,B_improved,factor_rank,5,10000000,,,108,False,0,0,0,,41.47135221053344,11.553198929181118,-30.69859161689621,49.074074074074076,14147135.221053343,43,28.49720551988446,-33.30091472094816,43.51851851851852,12.974146690648979,2.6023231040519477,5.555555555555557
dip_50_50,3.0,B_improved,factor_rank,5,10000000,,,108,False,0,0,0,,38.66877562458642,10.851990831230896,-29.26675043238656,47.22222222222222,13866877.562458642,25,28.49720551988446,-33.30091472094816,43.51851851851852,10.171570104701956,4.034164288561598,3.7037037037037024
dip_50_50,4.0,B_improved,factor_rank,5,10000000,,,108,False,0,0,0,,46.8491752508599,12.87253597550908,-28.32386305171658,46.2962962962963,14684917.52508599,13,28.49720551988446,-33.30091472094816,43.51851851851852,18.35196973097544,4.977051669231578,2.7777777777777786
dip_50_50,5.0,B_improved,factor_rank,5,10000000,,,108,False,0,0,0,,37.381779378883365,10.526728216923198,-29.815570835760575,46.2962962962963,13738177.937888335,4,28.49720551988446,-33.30091472094816,43.51851851851852,8.884573858998905,3.485343885187582,2.7777777777777786
dip_50_50,2.0,A_baseline,ticker_ascending,10,300000,,,107,False,0,0,0,,-40.762341172118745,-15.211693662914117,-55.14942544368859,41.1214953271028,177712.97648364375,38,-42.05158848071857,-50.869866745542694,37.38317757009346,1.2892473085998262,-4.279558698145898,3.738317757009341
dip_50_50,3.0,A_baseline,ticker_ascending,10,300000,,,108,False,0,0,0,,-39.92340758851641,-14.835095785300389,-50.57485583965071,39.81481481481482,180229.77723445077,25,-42.05158848071857,-50.869866745542694,37.38317757009346,2.1281808922021597,0.295010905891985,2.431637244721358
dip_50_50,4.0,A_baseline,ticker_ascending,10,300000,,,100,False,0,0,0,,-60.51964805061745,-25.38905184340804,-65.59749212087901,35.0,118441.05584814766,13,-42.05158848071857,-50.869866745542694,37.38317757009346,-18.468059569898877,-14.727625375336316,-2.3831775700934585
dip_50_50,5.0,A_baseline,ticker_ascending,10,300000,,,100,False,0,0,0,,-58.83998622512735,-24.402940816506458,-62.931372443844324,34.0,123480.04132461795,6,-42.05158848071857,-50.869866745542694,37.38317757009346,-16.788397744408776,-12.06150569830163,-3.3831775700934585
dip_50_50,2.0,A_baseline,factor_rank,10,300000,,,133,False,0,0,1,,0.6670115427679812,0.20972527163400922,-36.8632220701155,40.6015037593985,302001.03462830395,35,-14.940127481497377,-38.80362294190368,37.59398496240601,15.607139024265358,1.940400871788185,3.0075187969924855
dip_50_50,3.0,A_baseline,factor_rank,10,300000,,,133,False,0,0,1,,6.376403169927025,1.9671056230694983,-36.572911587553,41.35338345864661,319129.2095097811,27,-14.940127481497377,-38.80362294190368,37.59398496240601,21.3165306514244,2.2307113543506816,3.7593984962405997
dip_50_50,4.0,A_baseline,factor_rank,10,300000,,,133,False,0,0,1,,0.6119826668750328,0.19245888598968808,-36.53353158430913,39.849624060150376,301835.9480006251,17,-14.940127481497377,-38.80362294190368,37.59398496240601,15.55211014837241,2.270091357594552,2.255639097744364
dip_50_50,5.0,A_baseline,factor_rank,10,300000,,,133,False,0,0,1,,-7.6103719007164505,-2.463667848611162,-36.7985084979597,38.34586466165413,277168.88429785066,9,-14.940127481497377,-38.80362294190368,37.59398496240601,7.329755580780927,2.005114443943981,0.7518796992481214
dip_50_50,2.0,B_improved,ticker_ascending,10,300000,,,72,False,0,0,0,,26.455502459068047,7.677483620831227,-25.556818433518824,50.0,379366.50737720414,36,9.782259035888474,-21.65367550715407,43.05555555555556,16.67324342317957,-3.9031429263647546,6.944444444444443
dip_50_50,3.0,B_improved,ticker_ascending,10,300000,,,72,False,0,0,0,,12.394467538386088,3.7509013841023675,-23.567957883276748,45.83333333333333,337183.4026151583,23,9.782259035888474,-21.65367550715407,43.05555555555556,2.612208502497614,-1.914282376122678,2.7777777777777715
dip_50_50,4.0,B_improved,ticker_ascending,10,300000,,,72,False,0,0,0,,4.922445574903378,1.5258229309325966,-29.080507938076515,44.44444444444444,314767.3367247101,15,9.782259035888474,-21.65367550715407,43.05555555555556,-4.859813460985096,-7.426832430922445,1.3888888888888857
dip_50_50,5.0,B_improved,ticker_ascending,10,300000,,,72,False,0,0,0,,7.591715415975209,2.3327997340796713,-23.377641706185205,43.05555555555556,322775.14624792564,3,9.782259035888474,-21.65367550715407,43.05555555555556,-2.1905436199132655,-1.7239661990311355,0.0
dip_50_50,2.0,B_improved,factor_rank,10,300000,,,74,False,0,0,0,,15.54349942115274,4.658322750065924,-30.28094038200999,48.64864864864865,346630.4982634582,35,-0.6323323651757251,-27.677530296677887,41.891891891891895,16.175831786328466,-2.6034100853321043,6.756756756756758
dip_50_50,3.0,B_improved,factor_rank,10,300000,,,74,False,0,0,0,,2.621234325860611,0.8187546333385143,-29.251191564992475,44.5945945945946,307863.7029775818,22,-0.6323323651757251,-27.677530296677887,41.891891891891895,3.253566691036336,-1.5736612683145879,2.7027027027027017
dip_50_50,4.0,B_improved,factor_rank,10,300000,,,74,False,0,0,0,,-5.114888095257419,-1.6409903777480195,-33.660061354003666,43.24324324324324,284655.33571422775,13,-0.6323323651757251,-27.677530296677887,41.891891891891895,-4.482555730081694,-5.9825310573257795,1.3513513513513473
dip_50_50,5.0,B_improved,factor_rank,10,300000,,,74,False,0,0,0,,-1.2280925741276594,-0.3886628848183471,-28.93994883008539,41.891891891891895,296315.722277617,3,-0.6323323651757251,-27.677530296677887,41.891891891891895,-0.5957602089519343,-1.262418533407505,0.0
dip_50_50,2.0,A_baseline,ticker_ascending,10,500000,,,105,False,0,0,0,,-56.01410213171172,-22.804326426802312,-64.43799478526701,38.095238095238095,219929.48934144143,35,-52.518447549179804,-58.600071413976494,33.33333333333333,-3.4956545825319125,-5.837923371290515,4.761904761904766
dip_50_50,3.0,A_baseline,ticker_ascending,10,500000,,,107,False,0,0,0,,-52.404803073553055,-20.861742800742157,-61.2795029690093,37.38317757009346,237975.98463223473,24,-52.518447549179804,-58.600071413976494,33.33333333333333,0.1136444756267494,-2.6794315550328065,4.04984423676013
dip_50_50,4.0,A_baseline,ticker_ascending,10,500000,,,107,False,0,0,0,,-53.348323686576414,-21.35954030936855,-63.33168589837355,35.51401869158878,233258.38156711793,12,-52.518447549179804,-58.600071413976494,33.33333333333333,-0.8298761373966101,-4.731614484397056,2.1806853582554524
dip_50_50,5.0,A_baseline,ticker_ascending,10,500000,,,105,False,0,0,0,,-48.324641804064264,-18.783647131536117,-57.88934924278595,34.285714285714285,258376.79097967868,6,-52.518447549179804,-58.600071413976494,33.33333333333333,4.19380574511554,0.7107221711905467,0.9523809523809561
dip_50_50,2.0,A_baseline,factor_rank,10,500000,,,136,False,0,0,1,,-9.552930741198473,-3.1146618580868535,-38.58411631418879,39.705882352941174,452235.3462940076,34,-21.91671127890109,-38.10960321706885,36.76470588235294,12.363780537702617,-0.4745130971199387,2.941176470588232
dip_50_50,3.0,A_baseline,factor_rank,10,500000,,,136,False,0,0,1,,-5.083050479863093,-1.6305908528101765,-37.230329349684254,40.44117647058824,474584.7476006845,27,-21.91671127890109,-38.10960321706885,36.76470588235294,16.833660799037997,0.8792738673845975,3.676470588235297
dip_50_50,4.0,A_baseline,factor_rank,10,500000,,,136,False,0,0,1,,-8.470048058979906,-2.750596358859181,-36.40943096781185,38.970588235294116,457649.75970510044,17,-21.91671127890109,-38.10960321706885,36.76470588235294,13.446663219921184,1.700172249257001,2.205882352941174
dip_50_50,5.0,A_baseline,factor_rank,10,500000,,,136,False,0,0,1,,-15.64492255548271,-5.220477178968785,-36.37601644790016,37.5,421775.38722258643,9,-21.91671127890109,-38.10960321706885,36.76470588235294,6.27178872341838,1.7335867691686886,0.735294117647058
dip_50_50,2.0,B_improved,ticker_ascending,10,500000,,,72,False,0,0,0,,13.217015590543536,3.9895889259554895,-33.94646689295963,48.61111111111111,566085.0779527177,36,-2.957475222953432,-30.293591536934052,41.66666666666667,16.174490813496966,-3.652875356025575,6.944444444444436
dip_50_50,3.0,B_improved,ticker_ascending,10,500000,,,72,False,0,0,0,,-0.07961828726569253,-0.025097939070384268,-31.92723660833734,44.44444444444444,499601.9085636715,23,-2.957475222953432,-30.293591536934052,41.66666666666667,2.8778569356877393,-1.6336450714032864,2.7777777777777715
dip_50_50,4.0,B_improved,ticker_ascending,10,500000,,,72,False,0,0,0,,-6.200761576722402,-1.9971229116518607,-35.89662843087689,43.05555555555556,468996.192116388,15,-2.957475222953432,-30.293591536934052,41.66666666666667,-3.2432863537689705,-5.603036893942836,1.3888888888888857
dip_50_50,5.0,B_improved,ticker_ascending,10,500000,,,72,False,0,0,0,,-2.9566284227150685,-0.9413521420996496,-32.14132368511069,41.66666666666667,485216.85788642464,3,-2.957475222953432,-30.293591536934052,41.66666666666667,0.0008468002383632545,-1.8477321481766396,0.0
dip_50_50,2.0,B_improved,factor_rank,10,500000,,,74,False,0,0,0,,3.0651989370545696,0.9560060839710838,-37.3856997219592,47.2972972972973,515325.9946852728,35,-10.501084981138142,-34.53776795816896,40.54054054054054,13.566283918192712,-2.8479317637902355,6.756756756756758
dip_50_50,3.0,B_improved,factor_rank,10,500000,,,74,False,0,0,0,,-10.573602148763882,-3.460554997909371,-37.15374047533451,43.24324324324324,447131.9892561806,22,-10.501084981138142,-34.53776795816896,40.54054054054054,-0.07251716762574034,-2.6159725171655452,2.7027027027027017
dip_50_50,4.0,B_improved,factor_rank,10,500000,,,74,False,0,0,0,,-14.881566686429338,-4.951016072820725,-39.534246988171674,41.891891891891895,425592.1665678533,13,-10.501084981138142,-34.53776795816896,40.54054054054054,-4.380481705291196,-4.99647903000271,1.3513513513513544
dip_50_50,5.0,B_improved,factor_rank,10,500000,,,74,False,0,0,0,,-12.686831165218582,-4.185390662997712,-35.513237827082335,40.54054054054054,436565.84417390707,3,-10.501084981138142,-34.53776795816896,40.54054054054054,-2.1857461840804397,-0.9754698689133718,0.0
dip_50_50,2.0,A_baseline,ticker_ascending,10,1000000,,,108,False,0,0,0,,-62.04727736714288,-26.311176231562317,-69.72030606995222,37.03703703703704,379527.2263285712,36,-65.47400314920897,-70.82174595363118,31.48148148148148,3.426725782066086,1.1014398836789638,5.555555555555557
dip_50_50,3.0,A_baseline,ticker_ascending,10,1000000,,,108,False,0,0,0,,-62.56945653119779,-26.632203714569503,-70.18363021609346,35.18518518518518,374305.43468802207,24,-65.47400314920897,-70.82174595363118,31.48148148148148,2.9045466180111816,0.6381157375377171,3.7037037037037024
dip_50_50,4.0,A_baseline,ticker_ascending,10,1000000,,,108,False,0,0,0,,-62.22101040496906,-26.417646872859912,-70.98076693878453,33.33333333333333,377789.89595030935,12,-65.47400314920897,-70.82174595363118,31.48148148148148,3.2529927442399114,-0.15902098515334728,1.8518518518518476
dip_50_50,5.0,A_baseline,ticker_ascending,10,1000000,,,108,False,0,0,0,,-63.555348891653416,-27.24677684589042,-70.49453534257708,32.407407407407405,364446.5110834659,5,-65.47400314920897,-70.82174595363118,31.48148148148148,1.918654257555552,0.3272106110540989,0.9259259259259238
dip_50_50,2.0,A_baseline,factor_rank,10,1000000,,,133,False,0,0,1,,-34.41684629091547,-12.448520129356766,-51.63951498616737,37.59398496240601,655831.5370908453,36,-39.4087344779784,-50.544937572728976,34.58646616541353,4.991888187062926,-1.0945774134383939,3.0075187969924784
dip_50_50,3.0,A_baseline,factor_rank,10,1000000,,,133,False,0,0,1,,-27.946343197202605,-9.813530989729735,-47.25291336549851,39.097744360902254,720536.568027974,28,-39.4087344779784,-50.544937572728976,34.58646616541353,11.462391280775794,3.292024207230469,4.511278195488721
dip_50_50,4.0,A_baseline,factor_rank,10,1000000,,,133,False,0,0,1,,-29.006252688849155,-10.233735969035484,-46.00109202076541,37.59398496240601,709937.4731115084,18,-39.4087344779784,-50.544937572728976,34.58646616541353,10.402481789129244,4.543845551963564,3.0075187969924784
dip_50_50,5.0,A_baseline,factor_rank,10,1000000,,,133,False,0,0,1,,-29.23042442436955,-10.323159303330398,-44.745757374102226,36.09022556390977,707695.7557563045,12,-39.4087344779784,-50.544937572728976,34.58646616541353,10.17831005360885,5.79918019862675,1.5037593984962356
dip_50_50,2.0,B_improved,ticker_ascending,10,1000000,,,73,False,0,0,0,,15.49302102675314,4.643911370514497,-34.410492355869174,49.31506849315068,1154930.2102675315,36,-0.6159648719624156,-31.0519276352478,42.465753424657535,16.108985898715556,-3.3585647206213736,6.849315068493148
dip_50_50,3.0,B_improved,ticker_ascending,10,1000000,,,73,False,0,0,0,,1.853728327826154,0.5805182077291748,-32.75372153987129,45.20547945205479,1018537.2832782615,23,-0.6159648719624156,-31.0519276352478,42.465753424657535,2.4696931997885696,-1.701793904623493,2.7397260273972535
dip_50_50,4.0,B_improved,ticker_ascending,10,1000000,,,73,False,0,0,0,,-4.561232037246066,-1.4604820951806707,-37.266090483970075,43.83561643835616,954387.6796275394,15,-0.6159648719624156,-31.0519276352478,42.465753424657535,-3.9452671652836506,-6.214162848722275,1.3698630136986267
dip_50_50,5.0,B_improved,ticker_ascending,10,1000000,,,73,False,0,0,0,,-1.7407844154198382,-0.5518974108242203,-32.5668687590544,42.465753424657535,982592.1558458016,3,-0.6159648719624156,-31.0519276352478,42.465753424657535,-1.1248195434574226,-1.5149411238066008,0.0
dip_50_50,2.0,B_improved,factor_rank,10,1000000,,,75,False,0,0,0,,3.5756258697416055,1.113304880528343,-39.59428907440448,48.0,1035756.258697416,35,-9.92173970449306,-36.587265230841915,41.333333333333336,13.497365574234665,-3.007023843562564,6.666666666666664
dip_50_50,3.0,B_improved,factor_rank,10,1000000,,,75,False,0,0,0,,-9.104106659391098,-2.9634067815200615,-38.18261295924137,44.0,908958.933406089,22,-9.92173970449306,-36.587265230841915,41.333333333333336,0.817633045101962,-1.595347728399453,2.6666666666666643
dip_50_50,4.0,B_improved,factor_rank,10,1000000,,,75,False,0,0,0,,-13.167945373553568,-4.352087812628702,-41.32154628234592,42.66666666666667,868320.5462644643,13,-9.92173970449306,-36.587265230841915,41.333333333333336,-3.246205669060508,-4.734281051504006,1.3333333333333357
dip_50_50,5.0,B_improved,factor_rank,10,1000000,,,75,False,0,0,0,,-10.833965103415865,-3.549221283119408,-37.172126456705335,41.333333333333336,891660.3489658413,3,-9.92173970449306,-36.587265230841915,41.333333333333336,-0.9122253989228053,-0.5848612258634205,0.0
dip_50_50,2.0,A_baseline,ticker_ascending,10,3000000,,,108,False,0,0,0,,-77.97742200990993,-37.92597348985449,-79.47595101688543,33.33333333333333,660677.3397027024,36,-75.3911698948211,-75.81919006032727,28.703703703703702,-2.5862521150888256,-3.656760956558159,4.629629629629626
dip_50_50,3.0,A_baseline,ticker_ascending,10,3000000,,,108,False,0,0,0,,-73.84811979786315,-34.47145989229515,-75.62762767779824,32.407407407407405,784556.4060641059,24,-75.3911698948211,-75.81919006032727,28.703703703703702,1.5430500969579555,0.19156238252902824,3.7037037037037024
dip_50_50,4.0,A_baseline,ticker_ascending,10,3000000,,,108,False,0,0,0,,-74.95703299056855,-35.36013874637762,-76.66108473697403,30.555555555555557,751289.0102829433,13,-75.3911698948211,-75.81919006032727,28.703703703703702,0.43413690425255425,-0.8418946766467599,1.8518518518518547
dip_50_50,5.0,A_baseline,ticker_ascending,10,3000000,,,108,False,0,0,0,,-75.58499480222206,-35.87539204333863,-76.00964378069533,29.629629629629626,732450.1559333385,5,-75.3911698948211,-75.81919006032727,28.703703703703702,-0.19382490740095193,-0.19045372036805475,0.9259259259259238
dip_50_50,2.0,A_baseline,factor_rank,10,3000000,,,136,False,0,0,1,,7.8411080743900685,2.4074931075956707,-34.18681098902964,39.705882352941174,3235233.242231702,36,-35.51352502325966,-47.025496994877116,35.338345864661655,43.35463309764973,12.838686005847478,4.367536488279519
dip_50_50,3.0,A_baseline,factor_rank,10,3000000,,,133,False,0,0,1,,-24.61506491789961,-8.519786869069346,-44.36370397054552,39.097744360902254,2261548.052463012,28,-35.51352502325966,-47.025496994877116,35.338345864661655,10.898460105360051,2.661793024331594,3.7593984962405997
dip_50_50,4.0,A_baseline,factor_rank,10,3000000,,,133,False,0,0,1,,-25.454496406290772,-8.84204054022213,-43.13145618903131,37.59398496240601,2236365.107811277,18,-35.51352502325966,-47.025496994877116,35.338345864661655,10.059028616968888,3.8940408058458047,2.255639097744357
dip_50_50,5.0,A_baseline,factor_rank,10,3000000,,,133,False,0,0,1,,-25.748181498780433,-8.95537151514203,-41.81604925179941,36.84210526315789,2227554.555036587,12,-35.51352502325966,-47.025496994877116,35.338345864661655,9.765343524479228,5.209447743077703,1.5037593984962356
dip_50_50,2.0,B_improved,ticker_ascending,10,3000000,,,73,False,0,0,0,,15.008414105894552,4.505338040412132,-35.56669826331087,49.31506849315068,3450252.4231768367,36,-0.5209137149494558,-31.961260269074344,42.465753424657535,15.529327820844008,-3.6054379942365244,6.849315068493148
dip_50_50,3.0,B_improved,ticker_ascending,10,3000000,,,73,False,0,0,0,,1.0045100568204735,0.3154808818084831,-33.97983230768307,45.20547945205479,3030135.3017046144,23,-0.5209137149494558,-31.961260269074344,42.465753424657535,1.5254237717699293,-2.018572038608724,2.7397260273972535
dip_50_50,4.0,B_improved,ticker_ascending,10,3000000,,,73,False,0,0,0,,-5.767796457509822,-1.854787160812077,-38.135175295603794,43.83561643835616,2826966.1062747054,15,-0.5209137149494558,-31.961260269074344,42.465753424657535,-5.246882742560366,-6.17391502652945,1.3698630136986267
dip_50_50,5.0,B_improved,ticker_ascending,10,3000000,,,73,False,0,0,0,,-1.7975355094185685,-0.5700020613962242,-33.43201962196218,42.465753424657535,2946073.934717443,3,-0.5209137149494558,-31.961260269074344,42.465753424657535,-1.2766217944691127,-1.470759352887839,0.0
dip_50_50,2.0,B_improved,factor_rank,10,3000000,,,75,False,0,0,0,,2.8773562800080033,0.8979841284462831,-41.218979552494005,48.0,3086320.68840024,35,-10.635325022269004,-37.955091607531955,41.333333333333336,13.512681302277008,-3.2638879449620504,6.666666666666664
dip_50_50,3.0,B_improved,factor_rank,10,3000000,,,75,False,0,0,0,,-9.186378542704098,-2.9910943079998864,-39.10474516224265,44.0,2724408.643718877,22,-10.635325022269004,-37.955091607531955,41.333333333333336,1.4489464795649063,-1.1496535547106959,2.6666666666666643
dip_50_50,4.0,B_improved,factor_rank,10,3000000,,,75,False,0,0,0,,-14.938296629385494,-4.9709844207125204,-42.4591345734735,42.66666666666667,2551851.101118435,13,-10.635325022269004,-37.955091607531955,41.333333333333336,-4.30297160711649,-4.504042965941544,1.3333333333333357
dip_50_50,5.0,B_improved,factor_rank,10,3000000,,,75,False,0,0,0,,-11.747521152882856,-3.861741465377233,-38.69078125504426,41.333333333333336,2647574.3654135144,3,-10.635325022269004,-37.955091607531955,41.333333333333336,-1.1121961306138513,-0.7356896475123023,0.0
dip_50_50,2.0,A_baseline,ticker_ascending,10,10000000,,,110,False,0,0,0,,-68.94556812132959,-30.825404701489013,-71.06463522511417,34.54545454545455,3105443.1878670407,36,-65.33655502831277,-65.94605612767128,30.0,-3.609013093016813,-5.11857909744289,4.545454545454547
dip_50_50,3.0,A_baseline,ticker_ascending,10,10000000,,,110,False,0,0,0,,-61.71726762914381,-26.109848555315228,-64.32957363193982,33.63636363636363,3828273.2370856185,24,-65.33655502831277,-65.94605612767128,30.0,3.619287399168961,1.6164824957314607,3.636363636363633
dip_50_50,4.0,A_baseline,ticker_ascending,10,10000000,,,110,False,0,0,0,,-63.26588636712185,-27.065166724177224,-65.77251898208146,31.818181818181817,3673411.363287815,13,-65.33655502831277,-65.94605612767128,30.0,2.070668661190922,0.17353714558981892,1.8181818181818166
dip_50_50,5.0,A_baseline,ticker_ascending,10,10000000,,,110,False,0,0,0,,-64.93064620026512,-28.123410892585,-65.54728455551772,30.909090909090907,3506935.379973489,5,-65.33655502831277,-65.94605612767128,30.0,0.40590882804765727,0.3987715721535636,0.9090909090909065
dip_50_50,2.0,A_baseline,factor_rank,10,10000000,,,136,False,0,0,1,,-5.877635181652563,-1.8908537826524463,-34.5132821895902,40.44117647058824,9412236.481834743,36,-21.924485396895,-36.11012365588745,37.5,16.046850215242436,1.5968414662972492,2.941176470588239
dip_50_50,3.0,A_baseline,factor_rank,10,10000000,,,136,False,0,0,1,,-0.832764420888199,-0.2631912468711528,-34.260981624666606,41.17647058823529,9916723.55791118,29,-21.924485396895,-36.11012365588745,37.5,21.0917209760068,1.8491420312208433,3.67647058823529
dip_50_50,4.0,A_baseline,factor_rank,10,10000000,,,136,False,0,0,1,,-1.290370737671942,-0.4084604466024433,-33.227608592629466,39.705882352941174,9870962.926232805,18,-21.924485396895,-36.11012365588745,37.5,20.63411465922306,2.8825150632579835,2.205882352941174
dip_50_50,5.0,A_baseline,factor_rank,10,10000000,,,136,False,0,0,1,,-9.730748954827206,-3.17472930717696,-32.15984345051067,38.23529411764706,9026925.10451728,10,-21.924485396895,-36.11012365588745,37.5,12.193736442067795,3.950280205376778,0.735294117647058
dip_50_50,2.0,B_improved,ticker_ascending,10,10000000,,,73,False,0,0,0,,14.765787814258813,4.435808797221141,-35.91313845599375,49.31506849315068,11476578.781425882,36,-0.39357497009750997,-32.33605203423835,42.465753424657535,15.159362784356322,-3.5770864217554035,6.849315068493148
dip_50_50,3.0,B_improved,ticker_ascending,10,10000000,,,73,False,0,0,0,,0.965955708748778,0.303412080988541,-34.42577867453407,45.20547945205479,10096595.570874877,23,-0.39357497009750997,-32.33605203423835,42.465753424657535,1.359530678846288,-2.089726640295723,2.7397260273972535
dip_50_50,4.0,B_improved,ticker_ascending,10,10000000,,,73,False,0,0,0,,-6.643559789103759,-2.1431574214174853,-38.4432975347881,43.83561643835616,9335644.021089625,15,-0.39357497009750997,-32.33605203423835,42.465753424657535,-6.249984819006249,-6.107245500549752,1.3698630136986267
dip_50_50,5.0,B_improved,ticker_ascending,10,10000000,,,73,False,0,0,0,,-1.3470684669652955,-0.4264914883679971,-33.79165629414999,42.465753424657535,9865293.15330347,3,-0.39357497009750997,-32.33605203423835,42.465753424657535,-0.9534934968677855,-1.455604259911638,0.0
dip_50_50,2.0,B_improved,factor_rank,10,10000000,,,75,False,0,0,0,,2.123920504875265,0.6645265475168305,-41.55109179805149,48.0,10212392.050487526,35,-11.398068774852755,-38.36179084193682,41.333333333333336,13.52198927972802,-3.189300956114664,6.666666666666664
dip_50_50,3.0,B_improved,factor_rank,10,10000000,,,75,False,0,0,0,,-9.853827324006591,-3.2163529682921688,-39.44345050417358,44.0,9014617.26759934,22,-11.398068774852755,-38.36179084193682,41.333333333333336,1.5442414508461635,-1.0816596622367598,2.6666666666666643
dip_50_50,4.0,B_improved,factor_rank,10,10000000,,,75,False,0,0,0,,-14.956942484902736,-4.97754955872195,-43.04446615839276,42.66666666666667,8504305.751509726,13,-11.398068774852755,-38.36179084193682,41.333333333333336,-3.5588737100499817,-4.682675316455935,1.3333333333333357
dip_50_50,5.0,B_improved,factor_rank,10,10000000,,,75,False,0,0,0,,-12.28459708171753,-4.0465061664485935,-39.00635630446008,41.333333333333336,8771540.291828247,3,-11.398068774852755,-38.36179084193682,41.333333333333336,-0.8865283068647756,-0.6445654625232535,0.0
dip_50_50,2.0,A_baseline,ticker_ascending,15,300000,,,76,False,0,0,0,,138.02595946805587,31.42872051864043,-29.15163360501595,48.68421052631579,714077.8784041676,30,106.55625652224576,-23.9470388374022,44.73684210526316,31.469702945810113,-5.204594767613749,3.94736842105263
dip_50_50,3.0,A_baseline,ticker_ascending,15,300000,,,76,False,0,0,0,,150.4677079357031,33.55605014014233,-27.263450497048247,47.368421052631575,751403.1238071092,25,106.55625652224576,-23.9470388374022,44.73684210526316,43.91145141345733,-3.3164116596460467,2.6315789473684177
dip_50_50,4.0,A_baseline,ticker_ascending,15,300000,,,76,False,0,0,0,,157.70806309000395,34.7608842592293,-25.98289984927962,47.368421052631575,773124.1892700118,22,106.55625652224576,-23.9470388374022,44.73684210526316,51.151806567758186,-2.0358610118774187,2.6315789473684177
dip_50_50,5.0,A_baseline,ticker_ascending,15,300000,,,76,False,0,0,0,,130.90165038029883,30.176099835325545,-26.00907686122136,44.73684210526316,692704.9511408965,8,106.55625652224576,-23.9470388374022,44.73684210526316,24.34539385805307,-2.0620380238191593,0.0
dip_50_50,2.0,A_baseline,factor_rank,15,300000,,,113,False,0,0,0,,34.73131310463362,9.8502431500042,-37.449951520153505,38.05309734513274,404193.9393139009,27,21.240744899435636,-32.122985072162635,38.05309734513274,13.490568205197984,-5.32696644799087,0.0
dip_50_50,3.0,A_baseline,factor_rank,15,300000,,,113,False,0,0,0,,31.788219615078027,9.088304617829369,-37.59391454578033,38.93805309734513,395364.6588452341,20,21.240744899435636,-32.122985072162635,38.05309734513274,10.547474715642391,-5.470929473617694,0.8849557522123916
dip_50_50,4.0,A_baseline,factor_rank,15,300000,,,113,False,0,0,0,,42.706589704530586,11.85923787594736,-36.91714739661014,38.93805309734513,428119.76911359176,15,21.240744899435636,-32.122985072162635,38.05309734513274,21.46584480509495,-4.794162324447505,0.8849557522123916
dip_50_50,5.0,A_baseline,factor_rank,15,300000,,,113,False,0,0,0,,32.30305718596447,9.222426161677767,-34.87472177552715,38.05309734513274,396909.1715578934,6,21.240744899435636,-32.122985072162635,38.05309734513274,11.062312286528833,-2.7517367033645144,0.0
dip_50_50,2.0,B_improved,ticker_ascending,15,300000,,,65,False,0,0,0,,48.18721401677448,13.195639735401631,-33.840195516844375,46.15384615384615,444561.6420503234,30,34.009814743029935,-22.326837939227428,43.07692307692308,14.177399273744548,-11.513357577616947,3.076923076923073
dip_50_50,3.0,B_improved,ticker_ascending,15,300000,,,65,False,0,0,0,,39.321915789234716,11.016268610144198,-30.79406435003308,46.15384615384615,417965.74736770417,23,34.009814743029935,-22.326837939227428,43.07692307692308,5.312101046204781,-8.467226410805651,3.076923076923073
dip_50_50,4.0,B_improved,ticker_ascending,15,300000,,,65,False,0,0,0,,41.58700740946557,11.581930801945228,-27.905407589913832,46.15384615384615,424761.02222839673,18,34.009814743029935,-22.326837939227428,43.07692307692308,7.577192666435636,-5.578569650686404,3.076923076923073
dip_50_50,5.0,B_improved,ticker_ascending,15,300000,,,65,False,0,0,0,,46.05623910448975,12.680108765023679,-23.12704231033199,43.07692307692308,438168.7173134693,3,34.009814743029935,-22.326837939227428,43.07692307692308,12.046424361459813,-0.800204371104563,0.0
dip_50_50,2.0,B_improved,factor_rank,15,300000,,,66,False,0,0,0,,89.06208850940294,22.227739702688034,-21.60237431111003,46.96969696969697,567186.2655282088,27,53.645773256236765,-19.62437916563111,45.45454545454545,35.416315253166175,-1.9779951454789177,1.5151515151515156
dip_50_50,3.0,B_improved,factor_rank,15,300000,,,66,False,0,0,0,,68.50797213694784,17.873914152957937,-21.445379967287447,46.96969696969697,505523.9164108435,19,53.645773256236765,-19.62437916563111,45.45454545454545,14.862198880711077,-1.8210008016563357,1.5151515151515156
dip_50_50,4.0,B_improved,factor_rank,15,300000,,,66,False,0,0,0,,67.64096118137873,17.68244653258657,-21.65912902699585,46.96969696969697,502922.8835441362,14,53.645773256236765,-19.62437916563111,45.45454545454545,13.995187925141963,-2.0347498613647375,1.5151515151515156
dip_50_50,5.0,B_improved,factor_rank,15,300000,,,66,False,0,0,0,,66.24454238714208,17.37263553045636,-19.836895427925615,45.45454545454545,498733.62716142624,3,53.645773256236765,-19.62437916563111,45.45454545454545,12.59876913090531,-0.21251626229450338,0.0
dip_50_50,2.0,A_baseline,ticker_ascending,15,500000,,,76,False,0,0,0,,145.0002510170413,32.630333017167246,-28.780468185187058,48.68421052631579,1225001.2550852066,31,110.30476297460208,-23.974502335349978,44.73684210526316,34.69548804243922,-4.805965849837079,3.94736842105263
dip_50_50,3.0,A_baseline,ticker_ascending,15,500000,,,76,False,0,0,0,,160.7466061382627,35.259610937176156,-27.508098588775887,47.368421052631575,1303733.0306913136,26,110.30476297460208,-23.974502335349978,44.73684210526316,50.44184316366062,-3.533596253425909,2.6315789473684177
dip_50_50,4.0,A_baseline,ticker_ascending,15,500000,,,76,False,0,0,0,,170.51054266001952,36.83574124857001,-26.124919967269435,47.368421052631575,1352552.7133000977,22,110.30476297460208,-23.974502335349978,44.73684210526316,60.20577968541744,-2.1504176319194563,2.6315789473684177
dip_50_50,5.0,A_baseline,ticker_ascending,15,500000,,,76,False,0,0,0,,135.28893067827843,30.950564209085396,-25.55986727243049,44.73684210526316,1176444.6533913922,8,110.30476297460208,-23.974502335349978,44.73684210526316,24.98416770367635,-1.585364937080513,0.0
dip_50_50,2.0,A_baseline,factor_rank,15,500000,,,113,False,0,0,0,,10.296367064763867,3.1366069630008875,-43.70989965428962,36.283185840707965,551481.8353238193,28,-2.894878093548703,-35.83760773172091,36.283185840707965,13.19124515831257,-7.872291922568714,0.0
dip_50_50,3.0,A_baseline,factor_rank,15,500000,,,113,False,0,0,0,,10.472533036500685,3.188492111469099,-39.595312092121645,37.16814159292036,552362.6651825034,21,-2.894878093548703,-35.83760773172091,36.283185840707965,13.367411130049389,-3.757704360400737,0.8849557522123916
dip_50_50,4.0,A_baseline,factor_rank,15,500000,,,113,False,0,0,0,,18.261222644703512,5.427938606344052,-38.17499907237203,37.16814159292036,591306.1132235175,16,-2.894878093548703,-35.83760773172091,36.283185840707965,21.156100738252213,-2.3373913406511235,0.8849557522123916
dip_50_50,5.0,A_baseline,factor_rank,15,500000,,,113,False,0,0,0,,13.004182007014386,3.927942929724404,-37.245473251206775,36.283185840707965,565020.9100350719,6,-2.894878093548703,-35.83760773172091,36.283185840707965,15.899060100563089,-1.407865519485867,0.0
dip_50_50,2.0,B_improved,ticker_ascending,15,500000,,,66,False,0,0,0,,58.53334882720016,15.628925417475447,-33.75035370495129,46.96969696969697,792666.7441360008,30,46.22094726907275,-23.446817140555932,43.93939393939394,12.312401558127405,-10.303536564395355,3.030303030303031
dip_50_50,3.0,B_improved,ticker_ascending,15,500000,,,66,False,0,0,0,,56.48065042457502,15.154996547937284,-30.195112222334952,46.96969696969697,782403.2521228751,23,46.22094726907275,-23.446817140555932,43.93939393939394,10.259703155502265,-6.74829508177902,3.030303030303031
dip_50_50,4.0,B_improved,ticker_ascending,15,500000,,,66,False,0,0,0,,56.01075054621929,15.045907445182106,-28.918349495839678,46.96969696969697,780053.7527310965,18,46.22094726907275,-23.446817140555932,43.93939393939394,9.78980327714654,-5.471532355283745,3.030303030303031
dip_50_50,5.0,B_improved,ticker_ascending,15,500000,,,66,False,0,0,0,,58.97203915277161,15.72966487883891,-24.404182399719375,43.93939393939394,794860.195763858,3,46.22094726907275,-23.446817140555932,43.93939393939394,12.751091883698855,-0.9573652591634421,0.0
dip_50_50,2.0,B_improved,factor_rank,15,500000,,,67,False,0,0,0,,90.75413820538304,22.571423378286816,-21.99436795897367,47.76119402985074,953770.6910269152,27,59.60714139804766,-20.275205391652594,46.26865671641791,31.146996807335384,-1.7191625673210744,1.492537313432834
dip_50_50,3.0,B_improved,factor_rank,15,500000,,,67,False,0,0,0,,76.58554246921851,19.626123022320673,-21.36510307113806,47.76119402985074,882927.7123460926,19,59.60714139804766,-20.275205391652594,46.26865671641791,16.97840107117085,-1.089897679485464,1.492537313432834
dip_50_50,4.0,B_improved,factor_rank,15,500000,,,67,False,0,0,0,,76.1655760744161,19.53639125439979,-21.487048454522117,47.76119402985074,880827.8803720805,14,59.60714139804766,-20.275205391652594,46.26865671641791,16.558434676368435,-1.211843062869523,1.492537313432834
dip_50_50,5.0,B_improved,factor_rank,15,500000,,,67,False,0,0,0,,69.4796855082891,18.087703750263586,-20.377195638378566,46.26865671641791,847398.4275414455,3,59.60714139804766,-20.275205391652594,46.26865671641791,9.872544110241435,-0.1019902467259719,0.0
dip_50_50,2.0,A_baseline,ticker_ascending,15,1000000,,,76,False,0,0,0,,151.09360714874697,33.66113780801066,-29.626325688302224,48.68421052631579,2510936.0714874696,31,112.17250165537092,-24.063985118912477,44.73684210526316,38.92110549337605,-5.562340569389747,3.94736842105263
dip_50_50,3.0,A_baseline,ticker_ascending,15,1000000,,,76,False,0,0,0,,165.34070875470817,36.00615351129495,-27.799013867142143,47.368421052631575,2653407.0875470815,26,112.17250165537092,-24.063985118912477,44.73684210526316,53.16820709933725,-3.7350287482296665,2.6315789473684177
dip_50_50,4.0,A_baseline,ticker_ascending,15,1000000,,,76,False,0,0,0,,177.37898671833304,37.92127024738734,-26.44773104698144,47.368421052631575,2773789.8671833305,22,112.17250165537092,-24.063985118912477,44.73684210526316,65.20648506296212,-2.3837459280689615,2.6315789473684177
dip_50_50,5.0,A_baseline,ticker_ascending,15,1000000,,,76,False,0,0,0,,139.7460745661411,31.727299044973513,-26.377955458022228,44.73684210526316,2397460.745661411,8,112.17250165537092,-24.063985118912477,44.73684210526316,27.573572910770167,-2.3139703391097513,0.0
dip_50_50,2.0,A_baseline,factor_rank,15,1000000,,,112,False,0,0,0,,21.636991249188675,6.367216900596073,-41.808304669390985,37.5,1216369.9124918866,27,4.501899698708134,-36.06696323203923,37.5,17.135091550480542,-5.741341437351757,0.0
dip_50_50,3.0,A_baseline,factor_rank,15,1000000,,,112,False,0,0,0,,19.478957428093867,5.768854817916602,-40.07551877467731,38.392857142857146,1194789.5742809386,20,4.501899698708134,-36.06696323203923,37.5,14.977057729385734,-4.008555542638085,0.8928571428571459
dip_50_50,4.0,A_baseline,factor_rank,15,1000000,,,112,False,0,0,0,,28.89312327924072,8.327336038087886,-38.74390315205362,38.392857142857146,1288931.2327924073,15,4.501899698708134,-36.06696323203923,37.5,24.391223580532586,-2.676939920014391,0.8928571428571459
dip_50_50,5.0,A_baseline,factor_rank,15,1000000,,,112,False,0,0,0,,20.695360044116985,6.107030553890991,-37.453268755244174,37.5,1206953.60044117,6,4.501899698708134,-36.06696323203923,37.5,16.19346034540885,-1.3863055232049462,0.0
dip_50_50,2.0,B_improved,ticker_ascending,15,1000000,,,66,False,0,0,0,,60.21229024450763,16.013446095858196,-35.366163192411314,46.96969696969697,1602122.9024450763,30,45.218840095968815,-24.127843031759767,43.93939393939394,14.993450148538813,-11.238320160651547,3.030303030303031
dip_50_50,3.0,B_improved,ticker_ascending,15,1000000,,,66,False,0,0,0,,53.85392704350538,14.54228487003677,-31.909536103426937,46.96969696969697,1538539.2704350539,23,45.218840095968815,-24.127843031759767,43.93939393939394,8.635086947536564,-7.781693071667171,3.030303030303031
dip_50_50,4.0,B_improved,ticker_ascending,15,1000000,,,66,False,0,0,0,,57.14771287587639,15.309473083950543,-29.027938587124357,46.96969696969697,1571477.128758764,18,45.218840095968815,-24.127843031759767,43.93939393939394,11.928872779907572,-4.90009555536459,3.030303030303031
dip_50_50,5.0,B_improved,ticker_ascending,15,1000000,,,66,False,0,0,0,,57.265527995759655,15.336709708278695,-25.022017641095907,43.93939393939394,1572655.2799575967,3,45.218840095968815,-24.127843031759767,43.93939393939394,12.04668789979084,-0.8941746093361402,0.0
dip_50_50,2.0,B_improved,factor_rank,15,1000000,,,67,False,0,0,0,,91.13278600288903,22.64804697139389,-22.30030885205958,47.76119402985074,1911327.8600288904,27,59.6610538891452,-20.084802557679804,46.26865671641791,31.471732113743833,-2.215506294379775,1.492537313432834
dip_50_50,3.0,B_improved,factor_rank,15,1000000,,,67,False,0,0,0,,76.50726793391141,19.609409649441112,-21.922990679526333,47.76119402985074,1765072.679339114,19,59.6610538891452,-20.084802557679804,46.26865671641791,16.846214044766207,-1.8381881218465281,1.492537313432834
dip_50_50,4.0,B_improved,factor_rank,15,1000000,,,67,False,0,0,0,,75.33968342867392,19.359499349424624,-22.009136323665647,47.76119402985074,1753396.8342867391,14,59.6610538891452,-20.084802557679804,46.26865671641791,15.678629539528721,-1.9243337659858426,1.492537313432834
dip_50_50,5.0,B_improved,factor_rank,15,1000000,,,67,False,0,0,0,,72.05047124907797,18.649290860772716,-20.171773297083952,46.26865671641791,1720504.7124907798,3,59.6610538891452,-20.084802557679804,46.26865671641791,12.389417359932771,-0.08697073940414768,0.0
dip_50_50,2.0,A_baseline,ticker_ascending,15,3000000,,,76,False,0,0,0,,152.8408801806792,33.95355641593658,-29.967503399899076,48.68421052631579,7585226.405420376,31,113.87675918204923,-24.247075978721387,44.73684210526316,38.964120998629966,-5.720427421177689,3.94736842105263
dip_50_50,3.0,A_baseline,ticker_ascending,15,3000000,,,76,False,0,0,0,,169.80905999330508,36.723816759077835,-28.0270137337603,47.368421052631575,8094271.799799153,26,113.87675918204923,-24.247075978721387,44.73684210526316,55.93230081125586,-3.7799377550389117,2.6315789473684177
dip_50_50,4.0,A_baseline,ticker_ascending,15,3000000,,,76,False,0,0,0,,179.86777186583862,38.31006660725764,-26.720077727390656,47.368421052631575,8396033.15597516,22,113.87675918204923,-24.247075978721387,44.73684210526316,65.99101268378939,-2.473001748669269,2.6315789473684177
dip_50_50,5.0,A_baseline,ticker_ascending,15,3000000,,,76,False,0,0,0,,141.62658144485465,32.052044492132524,-26.478115647453993,44.73684210526316,7248797.443345639,8,113.87675918204923,-24.247075978721387,44.73684210526316,27.749822262805424,-2.231039668732606,0.0
dip_50_50,2.0,A_baseline,factor_rank,15,3000000,,,111,False,0,0,0,,59.95711091604061,15.955181895314773,-28.917583453485353,39.63963963963964,4798713.327481219,26,38.398325792116125,-24.318911352334993,39.63963963963964,21.558785123924487,-4.59867210115036,0.0
dip_50_50,3.0,A_baseline,factor_rank,15,3000000,,,111,False,0,0,0,,54.64943842960326,14.728597824430146,-28.62879931771456,40.54054054054054,4639483.152888098,19,38.398325792116125,-24.318911352334993,39.63963963963964,16.251112637487132,-4.309887965379566,0.9009009009009006
dip_50_50,4.0,A_baseline,factor_rank,15,3000000,,,111,False,0,0,0,,72.01732845195667,18.642087521385918,-26.791161955062037,40.54054054054054,5160519.8535587005,13,38.398325792116125,-24.318911352334993,39.63963963963964,33.61900265984055,-2.472250602727044,0.9009009009009006
dip_50_50,5.0,A_baseline,factor_rank,15,3000000,,,111,False,0,0,0,,54.202763973618296,14.624065342201442,-26.562324411583404,39.63963963963964,4626082.919208549,6,38.398325792116125,-24.318911352334993,39.63963963963964,15.80443818150217,-2.243413059248411,0.0
dip_50_50,2.0,B_improved,ticker_ascending,15,3000000,,,66,False,0,0,0,,59.05040318144461,15.747640098250848,-36.5978452011387,46.96969696969697,4771512.095443338,30,44.8116605667408,-24.77021161723385,43.93939393939394,14.23874261470381,-11.827633583904852,3.030303030303031
dip_50_50,3.0,B_improved,ticker_ascending,15,3000000,,,66,False,0,0,0,,52.491606929636994,14.22168406739981,-32.39069724276161,46.96969696969697,4574748.20788911,23,44.8116605667408,-24.77021161723385,43.93939393939394,7.679946362896196,-7.62048562552776,3.030303030303031
dip_50_50,4.0,B_improved,ticker_ascending,15,3000000,,,66,False,0,0,0,,57.48821021083139,15.38815147589705,-29.778721835787792,46.96969696969697,4724646.306324942,18,44.8116605667408,-24.77021161723385,43.93939393939394,12.676549644090592,-5.0085102185539405,3.030303030303031
dip_50_50,5.0,B_improved,ticker_ascending,15,3000000,,,66,False,0,0,0,,57.116413624797026,15.30223493894134,-25.619287539843704,43.93939393939394,4713492.4087439105,3,44.8116605667408,-24.77021161723385,43.93939393939394,12.304753058056228,-0.8490759226098525,0.0
dip_50_50,2.0,B_improved,factor_rank,15,3000000,,,67,False,0,0,0,,93.83984840890325,23.192845302105482,-22.173070787272863,47.76119402985074,5815195.452267097,27,61.07627239766966,-20.310277331794126,46.26865671641791,32.76357601123359,-1.8627934554787373,1.492537313432834
dip_50_50,3.0,B_improved,factor_rank,15,3000000,,,67,False,0,0,0,,78.66702382752342,20.068716746186887,-22.141758027611182,47.76119402985074,5360010.714825703,19,61.07627239766966,-20.310277331794126,46.26865671641791,17.59075142985376,-1.8314806958170564,1.492537313432834
dip_50_50,4.0,B_improved,factor_rank,15,3000000,,,67,False,0,0,0,,78.4124314075062,20.014771925495477,-22.040150531731918,47.76119402985074,5352372.942225186,14,61.07627239766966,-20.310277331794126,46.26865671641791,17.336159009836543,-1.729873199937792,1.492537313432834
dip_50_50,5.0,B_improved,factor_rank,15,3000000,,,67,False,0,0,0,,74.76387872448123,19.235834074968338,-20.270419334510404,46.26865671641791,5242916.361734437,3,61.07627239766966,-20.310277331794126,46.26865671641791,13.687606326811569,0.03985799728372186,0.0
dip_50_50,2.0,A_baseline,ticker_ascending,15,10000000,,,76,False,0,0,0,,154.1406567377747,34.17018685288116,-30.048571081730103,48.68421052631579,25414065.67377747,31,115.07608767167076,-24.300848054556823,44.73684210526316,39.06456906610393,-5.747723027173279,3.94736842105263
dip_50_50,3.0,A_baseline,ticker_ascending,15,10000000,,,76,False,0,0,0,,171.10652285187476,36.93067630333549,-28.153083659666976,47.368421052631575,27110652.285187475,26,115.07608767167076,-24.300848054556823,44.73684210526316,56.030435180203995,-3.8522356051101525,2.6315789473684177
dip_50_50,4.0,A_baseline,ticker_ascending,15,10000000,,,76,False,0,0,0,,180.70658432224826,38.44057166888775,-26.766787717054143,47.368421052631575,28070658.432224825,22,115.07608767167076,-24.300848054556823,44.73684210526316,65.6304966505775,-2.4659396624973198,2.6315789473684177
dip_50_50,5.0,A_baseline,ticker_ascending,15,10000000,,,76,False,0,0,0,,142.7389837942441,32.2433315900603,-26.547664073956025,44.73684210526316,24273898.379424408,8,115.07608767167076,-24.300848054556823,44.73684210526316,27.66289612257333,-2.2468160193992013,0.0
dip_50_50,2.0,A_baseline,factor_rank,15,10000000,,,111,False,0,0,0,,59.49545515156698,15.84961169263388,-29.255812588043195,39.63963963963964,15949545.515156697,26,36.91964002296546,-24.474330894353646,39.63963963963964,22.57581512860152,-4.78148169368955,0.0
dip_50_50,3.0,A_baseline,factor_rank,15,10000000,,,111,False,0,0,0,,53.46231422646417,14.450324681881588,-28.667559944061914,40.54054054054054,15346231.422646416,19,36.91964002296546,-24.474330894353646,39.63963963963964,16.542674203498713,-4.193229049708268,0.9009009009009006
dip_50_50,4.0,A_baseline,factor_rank,15,10000000,,,111,False,0,0,0,,71.34527610250574,18.49581647300711,-26.844665379025145,40.54054054054054,17134527.610250574,13,36.91964002296546,-24.474330894353646,39.63963963963964,34.425636079540276,-2.370334484671499,0.9009009009009006
dip_50_50,5.0,A_baseline,factor_rank,15,10000000,,,111,False,0,0,0,,54.72096252450387,14.745316956593978,-26.56633869364683,39.63963963963964,15472096.252450388,6,36.91964002296546,-24.474330894353646,39.63963963963964,17.801322501538408,-2.092007799293185,0.0
dip_50_50,2.0,B_improved,ticker_ascending,15,10000000,,,66,False,0,0,0,,59.35170572666446,15.816696738435908,-36.79921525267872,46.96969696969697,15935170.572666446,30,45.69372040807313,-24.90420780669098,43.93939393939394,13.65798531859133,-11.89500744598774,3.030303030303031
dip_50_50,3.0,B_improved,ticker_ascending,15,10000000,,,66,False,0,0,0,,53.19385530480301,14.38719112642255,-32.60285458652823,46.96969696969697,15319385.530480301,23,45.69372040807313,-24.90420780669098,43.93939393939394,7.500134896729875,-7.698646779837251,3.030303030303031
dip_50_50,4.0,B_improved,ticker_ascending,15,10000000,,,66,False,0,0,0,,56.92430672763065,15.257787388078237,-30.078223236738964,46.96969696969697,15692430.672763065,18,45.69372040807313,-24.90420780669098,43.93939393939394,11.230586319557517,-5.174015430047984,3.030303030303031
dip_50_50,5.0,B_improved,ticker_ascending,15,10000000,,,66,False,0,0,0,,57.619264778289825,15.418403079768694,-25.71227975756798,43.93939393939394,15761926.477828983,3,45.69372040807313,-24.90420780669098,43.93939393939394,11.925544370216691,-0.8080719508770002,0.0
dip_50_50,2.0,B_improved,factor_rank,15,10000000,,,67,False,0,0,0,,95.65391926904499,23.55501887170499,-22.191484125973037,47.76119402985074,19565391.9269045,27,61.168562059401374,-20.392137877562643,46.26865671641791,34.48535720964362,-1.7993462484103944,1.492537313432834
dip_50_50,3.0,B_improved,factor_rank,15,10000000,,,67,False,0,0,0,,79.19203464671813,20.179793712835227,-22.09162367952786,47.76119402985074,17919203.464671813,19,61.168562059401374,-20.392137877562643,46.26865671641791,18.023472587316753,-1.699485801965217,1.492537313432834
dip_50_50,4.0,B_improved,factor_rank,15,10000000,,,67,False,0,0,0,,77.81754780359766,19.88851800015745,-22.12953807279976,47.76119402985074,17781754.780359767,14,61.168562059401374,-20.392137877562643,46.26865671641791,16.64898574419629,-1.737400195237118,1.492537313432834
dip_50_50,5.0,B_improved,factor_rank,15,10000000,,,67,False,0,0,0,,73.82160521405898,19.032859141083392,-20.39295607743349,46.26865671641791,17382160.521405898,3,61.168562059401374,-20.392137877562643,46.26865671641791,12.653043154657603,-0.0008181998708458593,0.0
dip_50_50,2.0,A_baseline,ticker_ascending,20,300000,,,73,False,0,0,0,,44.60324892963594,12.325636852484978,-26.350456967242753,49.31506849315068,433809.7467889078,28,5.214411342336556,-21.083106919384964,47.88732394366197,39.388837587299385,-5.267350047857789,1.4277445494887147
dip_50_50,3.0,A_baseline,ticker_ascending,20,300000,,,71,False,0,0,0,,37.88783458062153,10.654871499135442,-22.823932164276627,50.70422535211267,413663.5037418646,17,5.214411342336556,-21.083106919384964,47.88732394366197,32.673423238284975,-1.7408252448916635,2.816901408450704
dip_50_50,4.0,A_baseline,ticker_ascending,20,300000,,,73,False,0,0,0,,46.37329119758606,12.757135591824875,-22.248451316556363,49.31506849315068,439119.8735927582,14,5.214411342336556,-21.083106919384964,47.88732394366197,41.15887985524951,-1.165344397171399,1.4277445494887147
dip_50_50,5.0,A_baseline,ticker_ascending,20,300000,,,71,False,0,0,0,,38.62716127357475,10.841506050188986,-20.771469647885034,50.70422535211267,415881.48382072424,8,5.214411342336556,-21.083106919384964,47.88732394366197,33.412749931238196,0.31163727149992937,2.816901408450704
dip_50_50,2.0,A_baseline,factor_rank,20,300000,,,88,False,0,0,0,,-3.0958519344110536,-0.9861605347411428,-39.847855147362154,39.77272727272727,290712.4441967668,28,-12.942917351953476,-34.621512579659296,37.5,9.847065417542423,-5.226342567702858,2.2727272727272734
dip_50_50,3.0,A_baseline,factor_rank,20,300000,,,88,False,0,0,0,,-0.6044636677966175,-0.19088774485287452,-39.827728366029866,39.77272727272727,298186.60899661016,20,-12.942917351953476,-34.621512579659296,37.5,12.338453684156859,-5.206215786370571,2.2727272727272734
dip_50_50,4.0,A_baseline,factor_rank,20,300000,,,88,False,0,0,0,,5.230855864174333,1.6197751684054573,-35.18289238285153,39.77272727272727,315692.567592523,14,-12.942917351953476,-34.621512579659296,37.5,18.17377321612781,-0.5613798031922315,2.2727272727272734
dip_50_50,5.0,A_baseline,factor_rank,20,300000,,,88,False,0,0,0,,-9.126412420562236,-2.9709117973569343,-33.50635058962618,38.63636363636363,272620.7627383133,7,-12.942917351953476,-34.621512579659296,37.5,3.81650493139124,1.1151619900331156,1.1363636363636331
dip_50_50,2.0,B_improved,ticker_ascending,20,300000,,,60,False,0,0,0,,34.560825649692205,9.806418347105117,-38.624594235581064,40.0,403682.47694907663,29,21.234146499128983,-23.565889186678966,37.704918032786885,13.326679150563223,-15.058705048902098,2.2950819672131146
dip_50_50,3.0,B_improved,ticker_ascending,20,300000,,,61,False,0,0,0,,16.250928688646525,4.859838831263086,-32.88605721186123,39.34426229508197,348752.7860659396,23,21.234146499128983,-23.565889186678966,37.704918032786885,-4.983217810482458,-9.320168025182262,1.639344262295083
dip_50_50,4.0,B_improved,ticker_ascending,20,300000,,,61,False,0,0,0,,23.70495478484711,6.933821496665882,-29.163056706412227,37.704918032786885,371114.86435454135,17,21.234146499128983,-23.565889186678966,37.704918032786885,2.470808285718128,-5.5971675197332615,0.0
dip_50_50,5.0,B_improved,ticker_ascending,20,300000,,,61,False,0,0,0,,29.007857372008505,8.357715162875422,-22.60501110939257,37.704918032786885,387023.5721160255,5,21.234146499128983,-23.565889186678966,37.704918032786885,7.773710872879523,0.9608780772863952,0.0
dip_50_50,2.0,B_improved,factor_rank,20,300000,,,64,False,0,0,0,,30.222678038094774,8.678244187533469,-39.77307091906316,40.625,390668.0341142843,29,19.716853938385448,-24.252295685421355,38.46153846153847,10.505824099709326,-15.520775233641803,2.163461538461533
dip_50_50,3.0,B_improved,factor_rank,20,300000,,,65,False,0,0,0,,11.570530493617536,3.510608400698656,-35.2806608142894,38.46153846153847,334711.5914808526,23,19.716853938385448,-24.252295685421355,38.46153846153847,-8.146323444767912,-11.028365128868042,0.0
dip_50_50,4.0,B_improved,factor_rank,20,300000,,,65,False,0,0,0,,24.988917598258652,7.282359306045438,-30.4043038506146,38.46153846153847,374966.75279477594,15,19.716853938385448,-24.252295685421355,38.46153846153847,5.272063659873204,-6.152008165193244,0.0
dip_50_50,5.0,B_improved,factor_rank,20,300000,,,65,False,0,0,0,,26.955038698014945,7.81135088593492,-24.764112732560527,38.46153846153847,380865.1160940448,3,19.716853938385448,-24.252295685421355,38.46153846153847,7.2381847596294975,-0.5118170471391714,0.0
dip_50_50,2.0,A_baseline,ticker_ascending,20,500000,,,68,False,0,0,0,,18.38028872578168,5.4613780105006615,-28.668315511613674,44.11764705882353,591901.4436289084,33,-0.7607773305885024,-24.004126566458574,42.64705882352941,19.14106605637018,-4.6641889451551,1.470588235294116
dip_50_50,3.0,A_baseline,ticker_ascending,20,500000,,,68,False,0,0,0,,11.899461868127403,3.606683206477146,-26.91076432432109,44.11764705882353,559497.3093406371,26,-0.7607773305885024,-24.004126566458574,42.64705882352941,12.660239198715907,-2.9066377578625158,1.470588235294116
dip_50_50,4.0,A_baseline,ticker_ascending,20,500000,,,68,False,0,0,0,,15.260914571100992,4.5775903288978625,-26.371243077047257,44.11764705882353,576304.5728555049,18,-0.7607773305885024,-24.004126566458574,42.64705882352941,16.021691901689493,-2.3671165105886836,1.470588235294116
dip_50_50,5.0,A_baseline,ticker_ascending,20,500000,,,68,False,0,0,0,,9.476202151117619,2.894298447593502,-25.349282664530215,44.11764705882353,547381.0107555881,7,-0.7607773305885024,-24.004126566458574,42.64705882352941,10.236979481706122,-1.3451560980716408,1.470588235294116
dip_50_50,2.0,A_baseline,factor_rank,20,500000,,,91,False,0,0,0,,41.782435454967626,11.630443897898113,-39.201714934738185,41.75824175824176,708912.1772748381,28,-9.188763595481076,-34.717233081058275,37.5,50.9711990504487,-4.48448185367991,4.258241758241759
dip_50_50,3.0,A_baseline,factor_rank,20,500000,,,88,False,0,0,0,,-2.956241642069468,-0.9412277200221086,-40.53647072184406,39.77272727272727,485218.79178965266,21,-9.188763595481076,-34.717233081058275,37.5,6.232521953411608,-5.819237640785786,2.2727272727272734
dip_50_50,4.0,A_baseline,factor_rank,20,500000,,,88,False,0,0,0,,6.998336151334228,2.1546040715548553,-35.30355019417527,39.77272727272727,534991.6807566711,14,-9.188763595481076,-34.717233081058275,37.5,16.187099746815303,-0.5863171131169977,2.2727272727272734
dip_50_50,5.0,A_baseline,factor_rank,20,500000,,,88,False,0,0,0,,-3.0972301588895967,-0.9866043297325877,-33.33362171283667,38.63636363636363,484513.849205552,7,-9.188763595481076,-34.717233081058275,37.5,6.0915334365914795,1.383611368221608,1.1363636363636331
dip_50_50,2.0,B_improved,ticker_ascending,20,500000,,,61,False,0,0,0,,27.81437909550275,8.04079799092856,-39.059193608068554,37.704918032786885,639071.8954775138,30,20.639529004737977,-23.950200268378364,37.704918032786885,7.1748500907647745,-15.10899333969019,0.0
dip_50_50,3.0,B_improved,ticker_ascending,20,500000,,,61,False,0,0,0,,18.623981467536165,5.529746744340391,-33.32453554600949,39.34426229508197,593119.9073376808,23,20.639529004737977,-23.950200268378364,37.704918032786885,-2.0155475372018117,-9.374335277631129,1.639344262295083
dip_50_50,4.0,B_improved,ticker_ascending,20,500000,,,61,False,0,0,0,,24.752850821120663,7.218462440597295,-30.3863962475624,37.704918032786885,623764.2541056033,17,20.639529004737977,-23.950200268378364,37.704918032786885,4.113321816382687,-6.436195979184035,0.0
dip_50_50,5.0,B_improved,ticker_ascending,20,500000,,,61,False,0,0,0,,27.370362225493828,7.922376191996516,-24.870055788308854,37.704918032786885,636851.8111274692,5,20.639529004737977,-23.950200268378364,37.704918032786885,6.730833220755851,-0.9198555199304899,0.0
dip_50_50,2.0,B_improved,factor_rank,20,500000,,,65,False,0,0,0,,20.102783075064323,5.942579488612654,-40.75088371010611,38.46153846153847,600513.9153753216,30,19.508679681212104,-26.35380370232827,38.46153846153847,0.5941033938522189,-14.397080007777838,0.0
dip_50_50,3.0,B_improved,factor_rank,20,500000,,,65,False,0,0,0,,14.300333999181692,4.3021417133983775,-36.33808703118121,38.46153846153847,571501.6699959085,23,19.508679681212104,-26.35380370232827,38.46153846153847,-5.208345682030412,-9.98428332885294,0.0
dip_50_50,4.0,B_improved,factor_rank,20,500000,,,65,False,0,0,0,,26.18907422426764,7.6059372207488485,-31.158681234179795,38.46153846153847,630945.3711213382,15,19.508679681212104,-26.35380370232827,38.46153846153847,6.6803945430555345,-4.804877531851524,0.0
dip_50_50,5.0,B_improved,factor_rank,20,500000,,,65,False,0,0,0,,26.107459976670455,7.583999906448691,-26.28751074114264,38.46153846153847,630537.2998833522,3,19.508679681212104,-26.35380370232827,38.46153846153847,6.598780295458351,0.06629296118563133,0.0
dip_50_50,2.0,A_baseline,ticker_ascending,20,1000000,,,68,False,0,0,0,,20.981684235492672,6.186292722291142,-28.835604201611808,44.11764705882353,1209816.8423549267,33,-0.6871390196981797,-23.1650008884979,42.64705882352941,21.66882325519085,-5.670603313113908,1.470588235294116
dip_50_50,3.0,A_baseline,ticker_ascending,20,1000000,,,68,False,0,0,0,,12.825544166366388,3.876140121997995,-27.47288082939301,44.11764705882353,1128255.4416636638,26,-0.6871390196981797,-23.1650008884979,42.64705882352941,13.512683186064567,-4.307879940895109,1.470588235294116
dip_50_50,4.0,A_baseline,ticker_ascending,20,1000000,,,68,False,0,0,0,,17.277989137455798,5.1509146865786,-26.50479474989994,44.11764705882353,1172779.891374558,18,-0.6871390196981797,-23.1650008884979,42.64705882352941,17.965128157153977,-3.3397938614020397,1.470588235294116
dip_50_50,5.0,A_baseline,ticker_ascending,20,1000000,,,68,False,0,0,0,,10.31462943016579,3.1419883078874777,-24.89846017508295,44.11764705882353,1103146.294301658,7,-0.6871390196981797,-23.1650008884979,42.64705882352941,11.001768449863969,-1.7334592865850489,1.470588235294116
dip_50_50,2.0,A_baseline,factor_rank,20,1000000,,,90,False,0,0,0,,34.46372753922364,9.78144170838846,-40.46520578629216,41.11111111111111,1344637.2753922364,28,3.763861814966951,-35.328585138105915,38.88888888888889,30.69986572425669,-5.136620648186245,2.2222222222222143
dip_50_50,3.0,A_baseline,factor_rank,20,1000000,,,90,False,0,0,0,,35.723467073059886,10.104531432810582,-39.72923256938966,41.11111111111111,1357234.670730599,20,3.763861814966951,-35.328585138105915,38.88888888888889,31.959605258092935,-4.400647431283744,2.2222222222222143
dip_50_50,4.0,A_baseline,factor_rank,20,1000000,,,90,False,0,0,0,,30.276055770731936,8.69228078849218,-37.39937985038225,41.11111111111111,1302760.5577073193,15,3.763861814966951,-35.328585138105915,38.88888888888889,26.512193955764985,-2.0707947122763386,2.2222222222222143
dip_50_50,5.0,A_baseline,factor_rank,20,1000000,,,90,False,0,0,0,,23.177797195235293,6.790004558942808,-35.12022669226765,40.0,1231777.971952353,8,3.763861814966951,-35.328585138105915,38.88888888888889,19.41393538026834,0.20835844583826457,1.1111111111111072
dip_50_50,2.0,B_improved,ticker_ascending,20,1000000,,,62,False,0,0,0,,27.053419694862168,7.837672792580719,-40.80627913538846,38.70967741935484,1270534.1969486217,30,22.474250354755764,-24.14577565697541,38.70967741935484,4.579169340106404,-16.660503478413048,0.0
dip_50_50,3.0,B_improved,ticker_ascending,20,1000000,,,62,False,0,0,0,,22.44153337723207,6.588432929721599,-34.85105944862903,40.32258064516129,1224415.3337723208,23,22.474250354755764,-24.14577565697541,38.70967741935484,-0.032716977523694624,-10.70528379165362,1.6129032258064484
dip_50_50,4.0,B_improved,ticker_ascending,20,1000000,,,62,False,0,0,0,,28.087190374549785,8.113418622403334,-31.409704672124906,38.70967741935484,1280871.9037454978,17,22.474250354755764,-24.14577565697541,38.70967741935484,5.612940019794021,-7.263929015149497,0.0
dip_50_50,5.0,B_improved,ticker_ascending,20,1000000,,,62,False,0,0,0,,31.643016488089092,9.05041255205874,-25.333465712001257,38.70967741935484,1316430.1648808909,5,22.474250354755764,-24.14577565697541,38.70967741935484,9.168766133333328,-1.187690055025847,0.0
dip_50_50,2.0,B_improved,factor_rank,20,1000000,,,66,False,0,0,0,,20.237809904861635,5.980100731044802,-42.16141696594141,39.39393939393939,1202378.0990486164,30,20.526384799019937,-26.87885730154499,39.39393939393939,-0.28857489415830173,-15.282559664396423,0.0
dip_50_50,3.0,B_improved,factor_rank,20,1000000,,,66,False,0,0,0,,15.061973062221323,4.520672854331664,-37.696022303033274,39.39393939393939,1150619.7306222133,23,20.526384799019937,-26.87885730154499,39.39393939393939,-5.464411736798613,-10.817165001488284,0.0
dip_50_50,4.0,B_improved,factor_rank,20,1000000,,,66,False,0,0,0,,29.816851895708396,8.571396083615813,-32.21329096552961,39.39393939393939,1298168.518957084,15,20.526384799019937,-26.87885730154499,39.39393939393939,9.29046709668846,-5.334433663984619,0.0
dip_50_50,5.0,B_improved,factor_rank,20,1000000,,,66,False,0,0,0,,28.923829921279378,8.335468312129635,-27.55787781110508,39.39393939393939,1289238.2992127938,3,20.526384799019937,-26.87885730154499,39.39393939393939,8.397445122259441,-0.6790205095600896,0.0
dip_50_50,2.0,A_baseline,ticker_ascending,20,3000000,,,69,False,0,0,0,,80.34265150027629,20.422453459006885,-26.966467603573953,49.275362318840585,5410279.545008289,32,34.758595999594164,-19.24973035121734,46.3768115942029,45.584055500682126,-7.716737252356612,2.898550724637687
dip_50_50,3.0,A_baseline,ticker_ascending,20,3000000,,,69,False,0,0,0,,73.08860028303626,18.874440983095162,-23.178801575193898,49.275362318840585,5192658.008491088,23,34.758595999594164,-19.24973035121734,46.3768115942029,38.33000428344209,-3.929071223976557,2.898550724637687
dip_50_50,4.0,A_baseline,ticker_ascending,20,3000000,,,69,False,0,0,0,,89.71854597504958,22.36132634793091,-22.11131951780597,49.275362318840585,5691556.379251488,16,34.758595999594164,-19.24973035121734,46.3768115942029,54.959949975455416,-2.8615891665886295,2.898550724637687
dip_50_50,5.0,A_baseline,ticker_ascending,20,3000000,,,69,False,0,0,0,,66.48153539931437,17.425340298182924,-20.667251094741413,49.275362318840585,4994446.061979431,7,34.758595999594164,-19.24973035121734,46.3768115942029,31.722939399720204,-1.4175207435240722,2.898550724637687
dip_50_50,2.0,A_baseline,factor_rank,20,3000000,,,91,False,0,0,0,,62.40609829826684,16.511747765018203,-33.95195984763373,42.857142857142854,4872182.948948005,27,23.175967067774337,-35.54117990444215,40.65934065934066,39.2301312304925,1.589220056808422,2.197802197802197
dip_50_50,3.0,A_baseline,factor_rank,20,3000000,,,91,False,0,0,0,,63.377616729988404,16.730946311683127,-36.42855440911175,42.857142857142854,4901328.501899652,19,23.175967067774337,-35.54117990444215,40.65934065934066,40.201649662214066,-0.8873745046695944,2.197802197802197
dip_50_50,4.0,A_baseline,factor_rank,20,3000000,,,91,False,0,0,0,,57.54446251548006,15.401138425825046,-35.342823967029034,42.857142857142854,4726333.875464402,14,23.175967067774337,-35.54117990444215,40.65934065934066,34.368495447705726,0.19835593741311897,2.197802197802197
dip_50_50,5.0,A_baseline,factor_rank,20,3000000,,,91,False,0,0,0,,42.659204714838594,11.847531437288294,-34.107625993501735,41.75824175824176,4279776.141445158,8,23.175967067774337,-35.54117990444215,40.65934065934066,19.483237647064257,1.433553910940418,1.098901098901102
dip_50_50,2.0,B_improved,ticker_ascending,20,3000000,,,62,False,0,0,0,,27.111381017158863,7.853173852331974,-41.611813613044376,38.70967741935484,3813341.430514766,30,26.401884158337996,-24.664874693064064,38.70967741935484,0.7094968588208665,-16.94693891998031,0.0
dip_50_50,3.0,B_improved,ticker_ascending,20,3000000,,,62,False,0,0,0,,21.774349713914898,6.405055624483458,-35.88154405981145,40.32258064516129,3653230.491417447,23,26.401884158337996,-24.664874693064064,38.70967741935484,-4.627534444423098,-11.21666936674739,1.6129032258064484
dip_50_50,4.0,B_improved,ticker_ascending,20,3000000,,,62,False,0,0,0,,30.993828528927825,8.88065014465429,-32.12997217616631,38.70967741935484,3929814.8558678348,17,26.401884158337996,-24.664874693064064,38.70967741935484,4.591944370589829,-7.465097483102248,0.0
dip_50_50,5.0,B_improved,ticker_ascending,20,3000000,,,62,False,0,0,0,,33.830291285131196,9.61819841363658,-26.08240595959125,38.70967741935484,4014908.7385539357,5,26.401884158337996,-24.664874693064064,38.70967741935484,7.4284071267932,-1.4175312665271846,0.0
dip_50_50,2.0,B_improved,factor_rank,20,3000000,,,66,False,0,0,0,,22.144039598318834,6.506750684383489,-42.90903270794817,39.39393939393939,3664321.1879495652,30,23.536659275669347,-27.17532217255346,39.39393939393939,-1.3926196773505133,-15.73371053539471,0.0
dip_50_50,3.0,B_improved,factor_rank,20,3000000,,,66,False,0,0,0,,17.07756281356565,5.094250009920098,-38.506591279541226,39.39393939393939,3512326.8844069694,23,23.536659275669347,-27.17532217255346,39.39393939393939,-6.459096462103698,-11.331269106987765,0.0
dip_50_50,4.0,B_improved,factor_rank,20,3000000,,,66,False,0,0,0,,31.92036953594275,9.122765487444218,-33.46396103114371,39.39393939393939,3957611.0860782824,15,23.536659275669347,-27.17532217255346,39.39393939393939,8.383710260273403,-6.28863885859025,0.0
dip_50_50,5.0,B_improved,factor_rank,20,3000000,,,66,False,0,0,0,,31.95941822392283,9.132943728323205,-28.56748453686414,39.39393939393939,3958782.5467176847,3,23.536659275669347,-27.17532217255346,39.39393939393939,8.422758948253485,-1.3921623643106784,0.0
dip_50_50,2.0,A_baseline,ticker_ascending,20,10000000,,,69,False,0,0,0,,84.96096059250033,21.385900750919706,-27.083795591820405,49.275362318840585,18496096.059250034,32,36.95508809714572,-19.34512690319118,46.3768115942029,48.00587249535461,-7.738668688629225,2.898550724637687
dip_50_50,3.0,A_baseline,ticker_ascending,20,10000000,,,69,False,0,0,0,,76.29066366502248,19.56313329485169,-23.280713382873486,49.275362318840585,17629066.366502248,23,36.95508809714572,-19.34512690319118,46.3768115942029,39.33557556787676,-3.935586479682307,2.898550724637687
dip_50_50,4.0,A_baseline,ticker_ascending,20,10000000,,,69,False,0,0,0,,86.00748081842147,21.60192524794904,-22.114471485090537,49.275362318840585,18600748.081842147,16,36.95508809714572,-19.34512690319118,46.3768115942029,49.05239272127575,-2.7693445818993574,2.898550724637687
dip_50_50,5.0,A_baseline,ticker_ascending,20,10000000,,,69,False,0,0,0,,68.33086312774851,17.83485695662408,-20.716321962644223,49.275362318840585,16833086.312774852,7,36.95508809714572,-19.34512690319118,46.3768115942029,31.375775030602796,-1.3711950594530435,2.898550724637687
dip_50_50,2.0,A_baseline,factor_rank,20,10000000,,,91,False,0,0,0,,58.52248451690487,15.626428150365946,-34.047791468541256,42.857142857142854,15852248.451690488,27,22.18723058711014,-35.31079074953385,40.65934065934066,36.33525392979473,1.2629992809925952,2.197802197802197
dip_50_50,3.0,A_baseline,factor_rank,20,10000000,,,91,False,0,0,0,,60.548609197359646,16.090139621214306,-36.41012751853063,42.857142857142854,16054860.919735964,19,22.18723058711014,-35.31079074953385,40.65934065934066,38.3613786102495,-1.0993367689967783,2.197802197802197
dip_50_50,4.0,A_baseline,factor_rank,20,10000000,,,91,False,0,0,0,,54.417573955745404,14.674361851401052,-35.23485898399535,42.857142857142854,15441757.39557454,14,22.18723058711014,-35.31079074953385,40.65934065934066,32.23034336863526,0.07593176553849901,2.197802197802197
dip_50_50,5.0,A_baseline,factor_rank,20,10000000,,,91,False,0,0,0,,40.55583473873112,11.325190037391897,-34.21662459376371,41.75824175824176,14055583.473873112,8,22.18723058711014,-35.31079074953385,40.65934065934066,18.368604151620982,1.0941661557701394,1.098901098901102
dip_50_50,2.0,B_improved,ticker_ascending,20,10000000,,,62,False,0,0,0,,27.04969890275757,7.836677545993642,-41.89275425685624,38.70967741935484,12704969.890275756,30,25.98852022483136,-25.001379831781545,38.70967741935484,1.0611786779262111,-16.891374425074698,0.0
dip_50_50,3.0,B_improved,ticker_ascending,20,10000000,,,62,False,0,0,0,,22.81688340467816,6.691298303937554,-36.33437771591254,40.32258064516129,12281688.340467816,23,25.98852022483136,-25.001379831781545,38.70967741935484,-3.1716368201532,-11.332997884130993,1.6129032258064484
dip_50_50,4.0,B_improved,ticker_ascending,20,10000000,,,62,False,0,0,0,,31.161531180391822,8.924559422353173,-32.39557051692946,38.70967741935484,13116153.118039181,17,25.98852022483136,-25.001379831781545,38.70967741935484,5.173010955560464,-7.394190685147915,0.0
dip_50_50,5.0,B_improved,ticker_ascending,20,10000000,,,62,False,0,0,0,,34.23509921965638,9.722582607452534,-26.454068118115124,38.70967741935484,13423509.921965636,5,25.98852022483136,-25.001379831781545,38.70967741935484,8.246578994825018,-1.4526882863335793,0.0
dip_50_50,2.0,B_improved,factor_rank,20,10000000,,,66,False,0,0,0,,22.29006839450065,6.5468625108175305,-43.40429206451956,39.39393939393939,12229006.839450065,30,23.40150241107899,-27.654228354190636,39.39393939393939,-1.1114340165783396,-15.750063710328924,0.0
dip_50_50,3.0,B_improved,factor_rank,20,10000000,,,66,False,0,0,0,,17.14993190718339,5.114717910611066,-38.78440211661718,39.39393939393939,11714993.19071834,23,23.40150241107899,-27.654228354190636,39.39393939393939,-6.2515705038956,-11.130173762426544,0.0
dip_50_50,4.0,B_improved,factor_rank,20,10000000,,,66,False,0,0,0,,32.11213163124691,9.172729465293106,-33.74135536159583,39.39393939393939,13211213.163124692,15,23.40150241107899,-27.654228354190636,39.39393939393939,8.71062922016792,-6.0871270074051935,0.0
dip_50_50,5.0,B_improved,factor_rank,20,10000000,,,66,False,0,0,0,,32.89168616655669,9.375334041961292,-28.92047529452335,39.39393939393939,13289168.616655668,3,23.40150241107899,-27.654228354190636,39.39393939393939,9.490183755477698,-1.2662469403327137,0.0
