ticker,date,issue,detail
001460,2024-04-09,nonpositive_price,"Open=0.0,High=0.0,Low=0.0,Close=48950.0,Volume=0.0"
001460,2024-04-11,nonpositive_price,"Open=0.0,High=0.0,Low=0.0,Close=48950.0,Volume=0.0"
001460,2024-04-12,nonpositive_price,"Open=0.0,High=0.0,Low=0.0,Close=48950.0,Volume=0.0"
001460,2024-04-15,nonpositive_price,"Open=0.0,High=0.0,Low=0.0,Close=48950.0,Volume=0.0"
001460,2024-04-16,nonpositive_price,"Open=0.0,High=0.0,Low=0.0,Close=48950.0,Volume=0.0"
006040,2023-09-27,ohlc_inconsistent,"Open=28006.0,High=28187.0,Low=27278.0,Close=28188.0,Volume=25847.0"
011230,2023-05-03,nonpositive_price,"Open=0.0,High=0.0,Low=0.0,Close=9765.0,Volume=0.0"
025900,2024-04-12,nonpositive_price,"Open=0.0,High=0.0,Low=0.0,Close=22550.0,Volume=0.0"
025900,2024-04-15,nonpositive_price,"Open=0.0,High=0.0,Low=0.0,Close=22550.0,Volume=0.0"
025900,2024-04-16,nonpositive_price,"Open=0.0,High=0.0,Low=0.0,Close=22550.0,Volume=0.0"
025900,2024-04-17,nonpositive_price,"Open=0.0,High=0.0,Low=0.0,Close=22550.0,Volume=0.0"
025900,2024-04-18,nonpositive_price,"Open=0.0,High=0.0,Low=0.0,Close=22550.0,Volume=0.0"
025900,2024-04-19,nonpositive_price,"Open=0.0,High=0.0,Low=0.0,Close=22550.0,Volume=0.0"
025900,2024-04-22,nonpositive_price,"Open=0.0,High=0.0,Low=0.0,Close=22550.0,Volume=0.0"
025900,2024-04-23,nonpositive_price,"Open=0.0,High=0.0,Low=0.0,Close=22550.0,Volume=0.0"
025900,2024-04-24,nonpositive_price,"Open=0.0,High=0.0,Low=0.0,Close=22550.0,Volume=0.0"
025900,2024-04-25,nonpositive_price,"Open=0.0,High=0.0,Low=0.0,Close=22550.0,Volume=0.0"
025900,2024-04-26,nonpositive_price,"Open=0.0,High=0.0,Low=0.0,Close=22550.0,Volume=0.0"
025900,2024-04-29,nonpositive_price,"Open=0.0,High=0.0,Low=0.0,Close=22550.0,Volume=0.0"
025900,2024-04-30,nonpositive_price,"Open=0.0,High=0.0,Low=0.0,Close=22550.0,Volume=0.0"
025900,2024-05-02,nonpositive_price,"Open=0.0,High=0.0,Low=0.0,Close=22550.0,Volume=0.0"
064850,2024-09-25,nonpositive_price,"Open=0.0,High=0.0,Low=0.0,Close=38450.0,Volume=0.0"
067570,2023-01-04,ohlc_inconsistent,"Open=3088.0,High=3167.0,Low=3055.0,Close=3168.0,Volume=58260.0"
067570,2023-01-20,ohlc_inconsistent,"Open=3223.0,High=3246.0,Low=3195.0,Close=3247.0,Volume=73251.0"
067570,2023-01-26,ohlc_inconsistent,"Open=3270.0,High=3344.0,Low=3265.0,Close=3345.0,Volume=63953.0"
067570,2023-03-30,ohlc_inconsistent,"Open=3475.0,High=3521.0,Low=3465.0,Close=3522.0,Volume=116143.0"
067570,2023-04-11,ohlc_inconsistent,"Open=3353.0,High=3586.0,Low=3316.0,Close=3587.0,Volume=483661.0"
067570,2023-04-17,ohlc_inconsistent,"Open=3689.0,High=3749.0,Low=3614.0,Close=3750.0,Volume=186606.0"
067570,2023-05-02,ohlc_inconsistent,"Open=3554.0,High=3679.0,Low=3554.0,Close=3680.0,Volume=112218.0"
073640,2024-03-20,nonpositive_price,"Open=0.0,High=0.0,Low=0.0,Close=654.0,Volume=0.0"
073640,2024-03-21,nonpositive_price,"Open=0.0,High=0.0,Low=0.0,Close=654.0,Volume=0.0"
073640,2024-03-22,nonpositive_price,"Open=0.0,High=0.0,Low=0.0,Close=654.0,Volume=0.0"
073640,2024-03-25,nonpositive_price,"Open=0.0,High=0.0,Low=0.0,Close=654.0,Volume=0.0"
073640,2024-03-26,nonpositive_price,"Open=0.0,High=0.0,Low=0.0,Close=654.0,Volume=0.0"
073640,2024-03-27,nonpositive_price,"Open=0.0,High=0.0,Low=0.0,Close=654.0,Volume=0.0"
073640,2024-03-28,nonpositive_price,"Open=0.0,High=0.0,Low=0.0,Close=654.0,Volume=0.0"
073640,2024-03-29,nonpositive_price,"Open=0.0,High=0.0,Low=0.0,Close=654.0,Volume=0.0"
073640,2024-04-01,nonpositive_price,"Open=0.0,High=0.0,Low=0.0,Close=654.0,Volume=0.0"
073640,2024-04-02,nonpositive_price,"Open=0.0,High=0.0,Low=0.0,Close=654.0,Volume=0.0"
073640,2024-04-03,nonpositive_price,"Open=0.0,High=0.0,Low=0.0,Close=654.0,Volume=0.0"
073640,2024-04-04,nonpositive_price,"Open=0.0,High=0.0,Low=0.0,Close=654.0,Volume=0.0"
073640,2024-04-05,nonpositive_price,"Open=0.0,High=0.0,Low=0.0,Close=654.0,Volume=0.0"
073640,2024-04-08,nonpositive_price,"Open=0.0,High=0.0,Low=0.0,Close=654.0,Volume=0.0"
073640,2024-04-09,nonpositive_price,"Open=0.0,High=0.0,Low=0.0,Close=654.0,Volume=0.0"
073640,2024-04-11,nonpositive_price,"Open=0.0,High=0.0,Low=0.0,Close=654.0,Volume=0.0"
073640,2024-04-12,nonpositive_price,"Open=0.0,High=0.0,Low=0.0,Close=654.0,Volume=0.0"
073640,2024-04-15,nonpositive_price,"Open=0.0,High=0.0,Low=0.0,Close=654.0,Volume=0.0"
073640,2024-04-16,nonpositive_price,"Open=0.0,High=0.0,Low=0.0,Close=654.0,Volume=0.0"
073640,2024-04-17,nonpositive_price,"Open=0.0,High=0.0,Low=0.0,Close=654.0,Volume=0.0"
073640,2024-04-18,nonpositive_price,"Open=0.0,High=0.0,Low=0.0,Close=654.0,Volume=0.0"
073640,2024-04-19,nonpositive_price,"Open=0.0,High=0.0,Low=0.0,Close=654.0,Volume=0.0"
073640,2024-04-22,nonpositive_price,"Open=0.0,High=0.0,Low=0.0,Close=654.0,Volume=0.0"
073640,2024-04-23,nonpositive_price,"Open=0.0,High=0.0,Low=0.0,Close=654.0,Volume=0.0"
073640,2024-04-24,nonpositive_price,"Open=0.0,High=0.0,Low=0.0,Close=654.0,Volume=0.0"
073640,2024-04-25,nonpositive_price,"Open=0.0,High=0.0,Low=0.0,Close=654.0,Volume=0.0"
073640,2024-04-26,nonpositive_price,"Open=0.0,High=0.0,Low=0.0,Close=654.0,Volume=0.0"
073640,2024-04-29,nonpositive_price,"Open=0.0,High=0.0,Low=0.0,Close=654.0,Volume=0.0"
073640,2024-04-30,nonpositive_price,"Open=0.0,High=0.0,Low=0.0,Close=654.0,Volume=0.0"
073640,2024-05-02,nonpositive_price,"Open=0.0,High=0.0,Low=0.0,Close=654.0,Volume=0.0"
073640,2024-05-03,nonpositive_price,"Open=0.0,High=0.0,Low=0.0,Close=654.0,Volume=0.0"
073640,2024-05-07,nonpositive_price,"Open=0.0,High=0.0,Low=0.0,Close=654.0,Volume=0.0"
073640,2024-05-08,nonpositive_price,"Open=0.0,High=0.0,Low=0.0,Close=654.0,Volume=0.0"
073640,2024-05-09,nonpositive_price,"Open=0.0,High=0.0,Low=0.0,Close=654.0,Volume=0.0"
073640,2024-05-10,nonpositive_price,"Open=0.0,High=0.0,Low=0.0,Close=654.0,Volume=0.0"
073640,2024-05-13,nonpositive_price,"Open=0.0,High=0.0,Low=0.0,Close=654.0,Volume=0.0"
073640,2024-05-14,nonpositive_price,"Open=0.0,High=0.0,Low=0.0,Close=654.0,Volume=0.0"
073640,2024-05-16,nonpositive_price,"Open=0.0,High=0.0,Low=0.0,Close=654.0,Volume=0.0"
073640,2024-05-17,nonpositive_price,"Open=0.0,High=0.0,Low=0.0,Close=654.0,Volume=0.0"
073640,2024-05-20,nonpositive_price,"Open=0.0,High=0.0,Low=0.0,Close=654.0,Volume=0.0"
073640,2024-05-21,nonpositive_price,"Open=0.0,High=0.0,Low=0.0,Close=654.0,Volume=0.0"
073640,2024-05-22,nonpositive_price,"Open=0.0,High=0.0,Low=0.0,Close=654.0,Volume=0.0"
073640,2024-05-23,nonpositive_price,"Open=0.0,High=0.0,Low=0.0,Close=654.0,Volume=0.0"
073640,2024-05-24,nonpositive_price,"Open=0.0,High=0.0,Low=0.0,Close=654.0,Volume=0.0"
073640,2024-05-27,nonpositive_price,"Open=0.0,High=0.0,Low=0.0,Close=654.0,Volume=0.0"
073640,2024-05-28,nonpositive_price,"Open=0.0,High=0.0,Low=0.0,Close=654.0,Volume=0.0"
073640,2024-05-29,nonpositive_price,"Open=0.0,High=0.0,Low=0.0,Close=654.0,Volume=0.0"
073640,2024-05-30,nonpositive_price,"Open=0.0,High=0.0,Low=0.0,Close=654.0,Volume=0.0"
073640,2024-05-31,nonpositive_price,"Open=0.0,High=0.0,Low=0.0,Close=654.0,Volume=0.0"
073640,2024-06-03,nonpositive_price,"Open=0.0,High=0.0,Low=0.0,Close=654.0,Volume=0.0"
073640,2024-06-04,nonpositive_price,"Open=0.0,High=0.0,Low=0.0,Close=654.0,Volume=0.0"
073640,2024-06-05,nonpositive_price,"Open=0.0,High=0.0,Low=0.0,Close=654.0,Volume=0.0"
073640,2024-06-07,nonpositive_price,"Open=0.0,High=0.0,Low=0.0,Close=654.0,Volume=0.0"
073640,2024-06-10,nonpositive_price,"Open=0.0,High=0.0,Low=0.0,Close=654.0,Volume=0.0"
073640,2024-06-11,nonpositive_price,"Open=0.0,High=0.0,Low=0.0,Close=654.0,Volume=0.0"
073640,2024-06-12,nonpositive_price,"Open=0.0,High=0.0,Low=0.0,Close=654.0,Volume=0.0"
073640,2024-06-13,nonpositive_price,"Open=0.0,High=0.0,Low=0.0,Close=654.0,Volume=0.0"
073640,2024-06-14,nonpositive_price,"Open=0.0,High=0.0,Low=0.0,Close=654.0,Volume=0.0"
073640,2024-06-17,nonpositive_price,"Open=0.0,High=0.0,Low=0.0,Close=654.0,Volume=0.0"
073640,2024-06-18,nonpositive_price,"Open=0.0,High=0.0,Low=0.0,Close=654.0,Volume=0.0"
073640,2024-06-19,nonpositive_price,"Open=0.0,High=0.0,Low=0.0,Close=654.0,Volume=0.0"
073640,2024-06-20,nonpositive_price,"Open=0.0,High=0.0,Low=0.0,Close=654.0,Volume=0.0"
073640,2024-06-21,nonpositive_price,"Open=0.0,High=0.0,Low=0.0,Close=654.0,Volume=0.0"
073640,2024-06-24,nonpositive_price,"Open=0.0,High=0.0,Low=0.0,Close=654.0,Volume=0.0"
073640,2024-06-25,nonpositive_price,"Open=0.0,High=0.0,Low=0.0,Close=654.0,Volume=0.0"
073640,2024-06-26,nonpositive_price,"Open=0.0,High=0.0,Low=0.0,Close=654.0,Volume=0.0"
073640,2024-06-27,nonpositive_price,"Open=0.0,High=0.0,Low=0.0,Close=654.0,Volume=0.0"
073640,2024-06-28,nonpositive_price,"Open=0.0,High=0.0,Low=0.0,Close=654.0,Volume=0.0"
073640,2024-07-01,nonpositive_price,"Open=0.0,High=0.0,Low=0.0,Close=654.0,Volume=0.0"
073640,2024-07-02,nonpositive_price,"Open=0.0,High=0.0,Low=0.0,Close=654.0,Volume=0.0"
073640,2024-07-03,nonpositive_price,"Open=0.0,High=0.0,Low=0.0,Close=654.0,Volume=0.0"
073640,2024-07-04,nonpositive_price,"Open=0.0,High=0.0,Low=0.0,Close=654.0,Volume=0.0"
073640,2024-07-05,nonpositive_price,"Open=0.0,High=0.0,Low=0.0,Close=654.0,Volume=0.0"
073640,2024-07-08,nonpositive_price,"Open=0.0,High=0.0,Low=0.0,Close=654.0,Volume=0.0"
073640,2024-07-09,nonpositive_price,"Open=0.0,High=0.0,Low=0.0,Close=654.0,Volume=0.0"
073640,2024-07-10,nonpositive_price,"Open=0.0,High=0.0,Low=0.0,Close=654.0,Volume=0.0"
073640,2024-07-11,nonpositive_price,"Open=0.0,High=0.0,Low=0.0,Close=654.0,Volume=0.0"
073640,2024-07-12,nonpositive_price,"Open=0.0,High=0.0,Low=0.0,Close=654.0,Volume=0.0"
073640,2024-07-15,nonpositive_price,"Open=0.0,High=0.0,Low=0.0,Close=654.0,Volume=0.0"
073640,2024-07-16,nonpositive_price,"Open=0.0,High=0.0,Low=0.0,Close=654.0,Volume=0.0"
073640,2024-07-17,nonpositive_price,"Open=0.0,High=0.0,Low=0.0,Close=654.0,Volume=0.0"
073640,2024-07-18,nonpositive_price,"Open=0.0,High=0.0,Low=0.0,Close=654.0,Volume=0.0"
073640,2024-07-19,nonpositive_price,"Open=0.0,High=0.0,Low=0.0,Close=654.0,Volume=0.0"
073640,2024-07-22,nonpositive_price,"Open=0.0,High=0.0,Low=0.0,Close=654.0,Volume=0.0"
073640,2024-07-23,nonpositive_price,"Open=0.0,High=0.0,Low=0.0,Close=654.0,Volume=0.0"
073640,2024-07-24,nonpositive_price,"Open=0.0,High=0.0,Low=0.0,Close=654.0,Volume=0.0"
073640,2024-07-25,nonpositive_price,"Open=0.0,High=0.0,Low=0.0,Close=654.0,Volume=0.0"
073640,2024-07-26,nonpositive_price,"Open=0.0,High=0.0,Low=0.0,Close=654.0,Volume=0.0"
073640,2024-07-29,nonpositive_price,"Open=0.0,High=0.0,Low=0.0,Close=654.0,Volume=0.0"
073640,2024-07-30,nonpositive_price,"Open=0.0,High=0.0,Low=0.0,Close=654.0,Volume=0.0"
073640,2024-07-31,nonpositive_price,"Open=0.0,High=0.0,Low=0.0,Close=654.0,Volume=0.0"
073640,2024-08-01,nonpositive_price,"Open=0.0,High=0.0,Low=0.0,Close=654.0,Volume=0.0"
073640,2024-08-02,nonpositive_price,"Open=0.0,High=0.0,Low=0.0,Close=654.0,Volume=0.0"
073640,2024-08-05,nonpositive_price,"Open=0.0,High=0.0,Low=0.0,Close=654.0,Volume=0.0"
073640,2024-08-06,nonpositive_price,"Open=0.0,High=0.0,Low=0.0,Close=654.0,Volume=0.0"
073640,2024-08-07,nonpositive_price,"Open=0.0,High=0.0,Low=0.0,Close=654.0,Volume=0.0"
073640,2024-08-08,nonpositive_price,"Open=0.0,High=0.0,Low=0.0,Close=654.0,Volume=0.0"
073640,2024-08-09,nonpositive_price,"Open=0.0,High=0.0,Low=0.0,Close=654.0,Volume=0.0"
073640,2024-08-12,nonpositive_price,"Open=0.0,High=0.0,Low=0.0,Close=654.0,Volume=0.0"
073640,2024-08-13,nonpositive_price,"Open=0.0,High=0.0,Low=0.0,Close=654.0,Volume=0.0"
073640,2024-08-14,nonpositive_price,"Open=0.0,High=0.0,Low=0.0,Close=654.0,Volume=0.0"
073640,2024-08-16,nonpositive_price,"Open=0.0,High=0.0,Low=0.0,Close=654.0,Volume=0.0"
073640,2024-08-19,nonpositive_price,"Open=0.0,High=0.0,Low=0.0,Close=654.0,Volume=0.0"
073640,2024-08-20,nonpositive_price,"Open=0.0,High=0.0,Low=0.0,Close=654.0,Volume=0.0"
073640,2024-08-21,nonpositive_price,"Open=0.0,High=0.0,Low=0.0,Close=654.0,Volume=0.0"
073640,2024-08-22,nonpositive_price,"Open=0.0,High=0.0,Low=0.0,Close=654.0,Volume=0.0"
073640,2024-08-23,nonpositive_price,"Open=0.0,High=0.0,Low=0.0,Close=654.0,Volume=0.0"
073640,2024-08-26,nonpositive_price,"Open=0.0,High=0.0,Low=0.0,Close=654.0,Volume=0.0"
073640,2024-08-27,nonpositive_price,"Open=0.0,High=0.0,Low=0.0,Close=654.0,Volume=0.0"
073640,2024-08-28,nonpositive_price,"Open=0.0,High=0.0,Low=0.0,Close=654.0,Volume=0.0"
073640,2024-08-29,nonpositive_price,"Open=0.0,High=0.0,Low=0.0,Close=654.0,Volume=0.0"
073640,2024-08-30,nonpositive_price,"Open=0.0,High=0.0,Low=0.0,Close=654.0,Volume=0.0"
073640,2024-09-02,nonpositive_price,"Open=0.0,High=0.0,Low=0.0,Close=654.0,Volume=0.0"
073640,2024-09-03,nonpositive_price,"Open=0.0,High=0.0,Low=0.0,Close=654.0,Volume=0.0"
073640,2024-09-04,nonpositive_price,"Open=0.0,High=0.0,Low=0.0,Close=654.0,Volume=0.0"
073640,2024-09-05,nonpositive_price,"Open=0.0,High=0.0,Low=0.0,Close=654.0,Volume=0.0"
073640,2024-09-06,nonpositive_price,"Open=0.0,High=0.0,Low=0.0,Close=654.0,Volume=0.0"
073640,2024-09-09,nonpositive_price,"Open=0.0,High=0.0,Low=0.0,Close=654.0,Volume=0.0"
073640,2024-09-10,nonpositive_price,"Open=0.0,High=0.0,Low=0.0,Close=654.0,Volume=0.0"
073640,2024-09-11,nonpositive_price,"Open=0.0,High=0.0,Low=0.0,Close=654.0,Volume=0.0"
073640,2024-09-12,nonpositive_price,"Open=0.0,High=0.0,Low=0.0,Close=654.0,Volume=0.0"
073640,2024-09-13,nonpositive_price,"Open=0.0,High=0.0,Low=0.0,Close=654.0,Volume=0.0"
073640,2024-09-19,nonpositive_price,"Open=0.0,High=0.0,Low=0.0,Close=654.0,Volume=0.0"
073640,2024-09-20,nonpositive_price,"Open=0.0,High=0.0,Low=0.0,Close=654.0,Volume=0.0"
073640,2024-09-23,nonpositive_price,"Open=0.0,High=0.0,Low=0.0,Close=654.0,Volume=0.0"
073640,2024-09-24,nonpositive_price,"Open=0.0,High=0.0,Low=0.0,Close=654.0,Volume=0.0"
073640,2024-09-25,nonpositive_price,"Open=0.0,High=0.0,Low=0.0,Close=654.0,Volume=0.0"
073640,2024-09-26,nonpositive_price,"Open=0.0,High=0.0,Low=0.0,Close=654.0,Volume=0.0"
073640,2024-09-27,nonpositive_price,"Open=0.0,High=0.0,Low=0.0,Close=654.0,Volume=0.0"
073640,2024-09-30,nonpositive_price,"Open=0.0,High=0.0,Low=0.0,Close=654.0,Volume=0.0"
073640,2024-10-02,nonpositive_price,"Open=0.0,High=0.0,Low=0.0,Close=654.0,Volume=0.0"
073640,2024-10-04,nonpositive_price,"Open=0.0,High=0.0,Low=0.0,Close=654.0,Volume=0.0"
073640,2024-10-07,nonpositive_price,"Open=0.0,High=0.0,Low=0.0,Close=654.0,Volume=0.0"
073640,2024-10-08,nonpositive_price,"Open=0.0,High=0.0,Low=0.0,Close=654.0,Volume=0.0"
073640,2024-10-10,nonpositive_price,"Open=0.0,High=0.0,Low=0.0,Close=654.0,Volume=0.0"
073640,2024-10-11,nonpositive_price,"Open=0.0,High=0.0,Low=0.0,Close=654.0,Volume=0.0"
073640,2024-10-14,nonpositive_price,"Open=0.0,High=0.0,Low=0.0,Close=654.0,Volume=0.0"
073640,2024-10-15,nonpositive_price,"Open=0.0,High=0.0,Low=0.0,Close=654.0,Volume=0.0"
073640,2024-10-16,nonpositive_price,"Open=0.0,High=0.0,Low=0.0,Close=654.0,Volume=0.0"
073640,2024-10-17,nonpositive_price,"Open=0.0,High=0.0,Low=0.0,Close=654.0,Volume=0.0"
073640,2024-10-18,nonpositive_price,"Open=0.0,High=0.0,Low=0.0,Close=654.0,Volume=0.0"
073640,2024-10-21,nonpositive_price,"Open=0.0,High=0.0,Low=0.0,Close=654.0,Volume=0.0"
073640,2024-10-22,nonpositive_price,"Open=0.0,High=0.0,Low=0.0,Close=654.0,Volume=0.0"
073640,2024-10-23,nonpositive_price,"Open=0.0,High=0.0,Low=0.0,Close=654.0,Volume=0.0"
073640,2024-10-24,nonpositive_price,"Open=0.0,High=0.0,Low=0.0,Close=654.0,Volume=0.0"
073640,2024-10-25,nonpositive_price,"Open=0.0,High=0.0,Low=0.0,Close=654.0,Volume=0.0"
073640,2024-10-28,nonpositive_price,"Open=0.0,High=0.0,Low=0.0,Close=654.0,Volume=0.0"
073640,2024-10-29,nonpositive_price,"Open=0.0,High=0.0,Low=0.0,Close=654.0,Volume=0.0"
073640,2024-10-30,nonpositive_price,"Open=0.0,High=0.0,Low=0.0,Close=654.0,Volume=0.0"
073640,2024-10-31,nonpositive_price,"Open=0.0,High=0.0,Low=0.0,Close=654.0,Volume=0.0"
073640,2024-11-01,nonpositive_price,"Open=0.0,High=0.0,Low=0.0,Close=654.0,Volume=0.0"
073640,2024-11-04,nonpositive_price,"Open=0.0,High=0.0,Low=0.0,Close=654.0,Volume=0.0"
073640,2024-11-05,nonpositive_price,"Open=0.0,High=0.0,Low=0.0,Close=654.0,Volume=0.0"
073640,2024-11-06,nonpositive_price,"Open=0.0,High=0.0,Low=0.0,Close=654.0,Volume=0.0"
073640,2024-11-07,nonpositive_price,"Open=0.0,High=0.0,Low=0.0,Close=654.0,Volume=0.0"
073640,2024-11-08,nonpositive_price,"Open=0.0,High=0.0,Low=0.0,Close=654.0,Volume=0.0"
073640,2024-11-11,nonpositive_price,"Open=0.0,High=0.0,Low=0.0,Close=654.0,Volume=0.0"
073640,2024-11-12,nonpositive_price,"Open=0.0,High=0.0,Low=0.0,Close=654.0,Volume=0.0"
073640,2024-11-13,nonpositive_price,"Open=0.0,High=0.0,Low=0.0,Close=654.0,Volume=0.0"
073640,2024-11-14,nonpositive_price,"Open=0.0,High=0.0,Low=0.0,Close=654.0,Volume=0.0"
073640,2024-11-15,nonpositive_price,"Open=0.0,High=0.0,Low=0.0,Close=654.0,Volume=0.0"
073640,2024-11-18,nonpositive_price,"Open=0.0,High=0.0,Low=0.0,Close=654.0,Volume=0.0"
073640,2024-11-19,nonpositive_price,"Open=0.0,High=0.0,Low=0.0,Close=654.0,Volume=0.0"
073640,2024-11-20,nonpositive_price,"Open=0.0,High=0.0,Low=0.0,Close=654.0,Volume=0.0"
073640,2024-11-21,nonpositive_price,"Open=0.0,High=0.0,Low=0.0,Close=654.0,Volume=0.0"
073640,2024-11-22,nonpositive_price,"Open=0.0,High=0.0,Low=0.0,Close=654.0,Volume=0.0"
073640,2024-11-25,nonpositive_price,"Open=0.0,High=0.0,Low=0.0,Close=654.0,Volume=0.0"
073640,2024-11-26,nonpositive_price,"Open=0.0,High=0.0,Low=0.0,Close=654.0,Volume=0.0"
073640,2024-11-27,nonpositive_price,"Open=0.0,High=0.0,Low=0.0,Close=654.0,Volume=0.0"
073640,2024-11-28,nonpositive_price,"Open=0.0,High=0.0,Low=0.0,Close=654.0,Volume=0.0"
073640,2024-11-29,nonpositive_price,"Open=0.0,High=0.0,Low=0.0,Close=654.0,Volume=0.0"
073640,2024-12-02,nonpositive_price,"Open=0.0,High=0.0,Low=0.0,Close=654.0,Volume=0.0"
073640,2024-12-03,nonpositive_price,"Open=0.0,High=0.0,Low=0.0,Close=654.0,Volume=0.0"
073640,2024-12-04,nonpositive_price,"Open=0.0,High=0.0,Low=0.0,Close=654.0,Volume=0.0"
073640,2024-12-05,nonpositive_price,"Open=0.0,High=0.0,Low=0.0,Close=654.0,Volume=0.0"
073640,2024-12-06,nonpositive_price,"Open=0.0,High=0.0,Low=0.0,Close=654.0,Volume=0.0"
073640,2024-12-09,nonpositive_price,"Open=0.0,High=0.0,Low=0.0,Close=654.0,Volume=0.0"
073640,2024-12-10,nonpositive_price,"Open=0.0,High=0.0,Low=0.0,Close=654.0,Volume=0.0"
073640,2024-12-11,nonpositive_price,"Open=0.0,High=0.0,Low=0.0,Close=654.0,Volume=0.0"
073640,2024-12-12,nonpositive_price,"Open=0.0,High=0.0,Low=0.0,Close=654.0,Volume=0.0"
073640,2024-12-13,nonpositive_price,"Open=0.0,High=0.0,Low=0.0,Close=654.0,Volume=0.0"
073640,2024-12-16,nonpositive_price,"Open=0.0,High=0.0,Low=0.0,Close=654.0,Volume=0.0"
073640,2024-12-17,nonpositive_price,"Open=0.0,High=0.0,Low=0.0,Close=654.0,Volume=0.0"
073640,2024-12-18,nonpositive_price,"Open=0.0,High=0.0,Low=0.0,Close=654.0,Volume=0.0"
073640,2024-12-19,nonpositive_price,"Open=0.0,High=0.0,Low=0.0,Close=654.0,Volume=0.0"
073640,2024-12-20,nonpositive_price,"Open=0.0,High=0.0,Low=0.0,Close=654.0,Volume=0.0"
073640,2024-12-23,nonpositive_price,"Open=0.0,High=0.0,Low=0.0,Close=654.0,Volume=0.0"
073640,2024-12-24,nonpositive_price,"Open=0.0,High=0.0,Low=0.0,Close=654.0,Volume=0.0"
073640,2024-12-26,nonpositive_price,"Open=0.0,High=0.0,Low=0.0,Close=654.0,Volume=0.0"
073640,2024-12-27,nonpositive_price,"Open=0.0,High=0.0,Low=0.0,Close=654.0,Volume=0.0"
073640,2024-12-30,nonpositive_price,"Open=0.0,High=0.0,Low=0.0,Close=654.0,Volume=0.0"
073640,2025-01-02,nonpositive_price,"Open=0.0,High=0.0,Low=0.0,Close=654.0,Volume=0.0"
073640,2025-01-03,nonpositive_price,"Open=0.0,High=0.0,Low=0.0,Close=654.0,Volume=0.0"
073640,2025-01-06,nonpositive_price,"Open=0.0,High=0.0,Low=0.0,Close=654.0,Volume=0.0"
073640,2025-01-07,nonpositive_price,"Open=0.0,High=0.0,Low=0.0,Close=654.0,Volume=0.0"
073640,2025-01-08,nonpositive_price,"Open=0.0,High=0.0,Low=0.0,Close=654.0,Volume=0.0"
073640,2025-01-09,nonpositive_price,"Open=0.0,High=0.0,Low=0.0,Close=654.0,Volume=0.0"
073640,2025-01-10,nonpositive_price,"Open=0.0,High=0.0,Low=0.0,Close=654.0,Volume=0.0"
073640,2025-01-13,nonpositive_price,"Open=0.0,High=0.0,Low=0.0,Close=654.0,Volume=0.0"
073640,2025-01-14,nonpositive_price,"Open=0.0,High=0.0,Low=0.0,Close=654.0,Volume=0.0"
073640,2025-01-15,nonpositive_price,"Open=0.0,High=0.0,Low=0.0,Close=654.0,Volume=0.0"
073640,2025-01-16,nonpositive_price,"Open=0.0,High=0.0,Low=0.0,Close=654.0,Volume=0.0"
073640,2025-01-17,nonpositive_price,"Open=0.0,High=0.0,Low=0.0,Close=654.0,Volume=0.0"
073640,2025-01-20,nonpositive_price,"Open=0.0,High=0.0,Low=0.0,Close=654.0,Volume=0.0"
073640,2025-01-21,nonpositive_price,"Open=0.0,High=0.0,Low=0.0,Close=654.0,Volume=0.0"
073640,2025-01-22,nonpositive_price,"Open=0.0,High=0.0,Low=0.0,Close=654.0,Volume=0.0"
073640,2025-01-23,nonpositive_price,"Open=0.0,High=0.0,Low=0.0,Close=654.0,Volume=0.0"
073640,2025-01-24,nonpositive_price,"Open=0.0,High=0.0,Low=0.0,Close=654.0,Volume=0.0"
073640,2025-01-31,nonpositive_price,"Open=0.0,High=0.0,Low=0.0,Close=654.0,Volume=0.0"
073640,2025-02-03,nonpositive_price,"Open=0.0,High=0.0,Low=0.0,Close=654.0,Volume=0.0"
073640,2025-02-04,nonpositive_price,"Open=0.0,High=0.0,Low=0.0,Close=654.0,Volume=0.0"
073640,2025-02-05,nonpositive_price,"Open=0.0,High=0.0,Low=0.0,Close=654.0,Volume=0.0"
073640,2025-02-06,nonpositive_price,"Open=0.0,High=0.0,Low=0.0,Close=654.0,Volume=0.0"
073640,2025-02-07,nonpositive_price,"Open=0.0,High=0.0,Low=0.0,Close=654.0,Volume=0.0"
073640,2025-02-10,nonpositive_price,"Open=0.0,High=0.0,Low=0.0,Close=654.0,Volume=0.0"
073640,2025-02-11,nonpositive_price,"Open=0.0,High=0.0,Low=0.0,Close=654.0,Volume=0.0"
073640,2025-02-12,nonpositive_price,"Open=0.0,High=0.0,Low=0.0,Close=654.0,Volume=0.0"
073640,2025-02-13,nonpositive_price,"Open=0.0,High=0.0,Low=0.0,Close=654.0,Volume=0.0"
073640,2025-02-14,nonpositive_price,"Open=0.0,High=0.0,Low=0.0,Close=654.0,Volume=0.0"
073640,2025-02-17,nonpositive_price,"Open=0.0,High=0.0,Low=0.0,Close=654.0,Volume=0.0"
073640,2025-02-18,nonpositive_price,"Open=0.0,High=0.0,Low=0.0,Close=654.0,Volume=0.0"
073640,2025-02-19,nonpositive_price,"Open=0.0,High=0.0,Low=0.0,Close=654.0,Volume=0.0"
073640,2025-02-20,nonpositive_price,"Open=0.0,High=0.0,Low=0.0,Close=654.0,Volume=0.0"
073640,2025-02-21,nonpositive_price,"Open=0.0,High=0.0,Low=0.0,Close=654.0,Volume=0.0"
073640,2025-02-24,nonpositive_price,"Open=0.0,High=0.0,Low=0.0,Close=654.0,Volume=0.0"
073640,2025-02-25,nonpositive_price,"Open=0.0,High=0.0,Low=0.0,Close=654.0,Volume=0.0"
073640,2025-02-26,nonpositive_price,"Open=0.0,High=0.0,Low=0.0,Close=654.0,Volume=0.0"
073640,2025-03-07,nonpositive_price,"Open=0.0,High=0.0,Low=0.0,Close=654.0,Volume=0.0"
073640,2025-03-10,nonpositive_price,"Open=0.0,High=0.0,Low=0.0,Close=654.0,Volume=0.0"
073640,2025-03-11,nonpositive_price,"Open=0.0,High=0.0,Low=0.0,Close=654.0,Volume=0.0"
073640,2025-03-12,nonpositive_price,"Open=0.0,High=0.0,Low=0.0,Close=654.0,Volume=0.0"
073640,2025-03-13,nonpositive_price,"Open=0.0,High=0.0,Low=0.0,Close=654.0,Volume=0.0"
073640,2025-03-14,nonpositive_price,"Open=0.0,High=0.0,Low=0.0,Close=654.0,Volume=0.0"
073640,2025-03-17,nonpositive_price,"Open=0.0,High=0.0,Low=0.0,Close=654.0,Volume=0.0"
073640,2025-03-18,nonpositive_price,"Open=0.0,High=0.0,Low=0.0,Close=654.0,Volume=0.0"
073640,2025-03-19,nonpositive_price,"Open=0.0,High=0.0,Low=0.0,Close=654.0,Volume=0.0"
073640,2025-03-20,nonpositive_price,"Open=0.0,High=0.0,Low=0.0,Close=654.0,Volume=0.0"
073640,2025-03-21,nonpositive_price,"Open=0.0,High=0.0,Low=0.0,Close=654.0,Volume=0.0"
073640,2025-03-24,nonpositive_price,"Open=0.0,High=0.0,Low=0.0,Close=654.0,Volume=0.0"
073640,2025-03-25,nonpositive_price,"Open=0.0,High=0.0,Low=0.0,Close=654.0,Volume=0.0"
073640,2025-03-26,nonpositive_price,"Open=0.0,High=0.0,Low=0.0,Close=654.0,Volume=0.0"
073640,2025-03-27,nonpositive_price,"Open=0.0,High=0.0,Low=0.0,Close=654.0,Volume=0.0"
073640,2025-03-28,nonpositive_price,"Open=0.0,High=0.0,Low=0.0,Close=654.0,Volume=0.0"
073640,2025-03-31,nonpositive_price,"Open=0.0,High=0.0,Low=0.0,Close=654.0,Volume=0.0"
073640,2025-04-01,nonpositive_price,"Open=0.0,High=0.0,Low=0.0,Close=654.0,Volume=0.0"
073640,2025-04-02,nonpositive_price,"Open=0.0,High=0.0,Low=0.0,Close=654.0,Volume=0.0"
073640,2025-04-03,nonpositive_price,"Open=0.0,High=0.0,Low=0.0,Close=654.0,Volume=0.0"
073640,2025-04-04,nonpositive_price,"Open=0.0,High=0.0,Low=0.0,Close=654.0,Volume=0.0"
073640,2025-04-07,nonpositive_price,"Open=0.0,High=0.0,Low=0.0,Close=654.0,Volume=0.0"
073640,2025-04-08,nonpositive_price,"Open=0.0,High=0.0,Low=0.0,Close=654.0,Volume=0.0"
073640,2025-04-09,nonpositive_price,"Open=0.0,High=0.0,Low=0.0,Close=654.0,Volume=0.0"
073640,2025-04-10,nonpositive_price,"Open=0.0,High=0.0,Low=0.0,Close=654.0,Volume=0.0"
073640,2025-04-11,nonpositive_price,"Open=0.0,High=0.0,Low=0.0,Close=654.0,Volume=0.0"
073640,2025-04-14,nonpositive_price,"Open=0.0,High=0.0,Low=0.0,Close=654.0,Volume=0.0"
073640,2025-04-15,nonpositive_price,"Open=0.0,High=0.0,Low=0.0,Close=654.0,Volume=0.0"
073640,2025-04-16,nonpositive_price,"Open=0.0,High=0.0,Low=0.0,Close=654.0,Volume=0.0"
073640,2025-04-17,nonpositive_price,"Open=0.0,High=0.0,Low=0.0,Close=654.0,Volume=0.0"
073640,2025-04-18,nonpositive_price,"Open=0.0,High=0.0,Low=0.0,Close=654.0,Volume=0.0"
073640,2025-04-21,nonpositive_price,"Open=0.0,High=0.0,Low=0.0,Close=654.0,Volume=0.0"
073640,2025-04-22,nonpositive_price,"Open=0.0,High=0.0,Low=0.0,Close=654.0,Volume=0.0"
073640,2025-04-23,nonpositive_price,"Open=0.0,High=0.0,Low=0.0,Close=654.0,Volume=0.0"
073640,2025-04-24,nonpositive_price,"Open=0.0,High=0.0,Low=0.0,Close=654.0,Volume=0.0"
073640,2025-04-25,nonpositive_price,"Open=0.0,High=0.0,Low=0.0,Close=654.0,Volume=0.0"
073640,2025-04-28,nonpositive_price,"Open=0.0,High=0.0,Low=0.0,Close=654.0,Volume=0.0"
073640,2025-04-29,nonpositive_price,"Open=0.0,High=0.0,Low=0.0,Close=654.0,Volume=0.0"
073640,2025-04-30,nonpositive_price,"Open=0.0,High=0.0,Low=0.0,Close=654.0,Volume=0.0"
073640,2025-05-02,nonpositive_price,"Open=0.0,High=0.0,Low=0.0,Close=654.0,Volume=0.0"
073640,2025-05-07,nonpositive_price,"Open=0.0,High=0.0,Low=0.0,Close=654.0,Volume=0.0"
073640,2025-05-08,nonpositive_price,"Open=0.0,High=0.0,Low=0.0,Close=654.0,Volume=0.0"
073640,2025-05-09,nonpositive_price,"Open=0.0,High=0.0,Low=0.0,Close=654.0,Volume=0.0"
073640,2025-05-12,nonpositive_price,"Open=0.0,High=0.0,Low=0.0,Close=654.0,Volume=0.0"
073640,2025-05-13,nonpositive_price,"Open=0.0,High=0.0,Low=0.0,Close=654.0,Volume=0.0"
073640,2025-05-14,nonpositive_price,"Open=0.0,High=0.0,Low=0.0,Close=654.0,Volume=0.0"
073640,2025-05-15,nonpositive_price,"Open=0.0,High=0.0,Low=0.0,Close=654.0,Volume=0.0"
073640,2025-05-16,nonpositive_price,"Open=0.0,High=0.0,Low=0.0,Close=654.0,Volume=0.0"
073640,2025-05-19,nonpositive_price,"Open=0.0,High=0.0,Low=0.0,Close=654.0,Volume=0.0"
073640,2025-05-20,nonpositive_price,"Open=0.0,High=0.0,Low=0.0,Close=654.0,Volume=0.0"
073640,2025-05-21,nonpositive_price,"Open=0.0,High=0.0,Low=0.0,Close=654.0,Volume=0.0"
073640,2025-05-22,nonpositive_price,"Open=0.0,High=0.0,Low=0.0,Close=654.0,Volume=0.0"
073640,2025-05-23,nonpositive_price,"Open=0.0,High=0.0,Low=0.0,Close=654.0,Volume=0.0"
073640,2025-05-26,nonpositive_price,"Open=0.0,High=0.0,Low=0.0,Close=654.0,Volume=0.0"
073640,2025-05-27,nonpositive_price,"Open=0.0,High=0.0,Low=0.0,Close=654.0,Volume=0.0"
073640,2025-05-28,nonpositive_price,"Open=0.0,High=0.0,Low=0.0,Close=654.0,Volume=0.0"
073640,2025-05-29,nonpositive_price,"Open=0.0,High=0.0,Low=0.0,Close=654.0,Volume=0.0"
073640,2025-05-30,nonpositive_price,"Open=0.0,High=0.0,Low=0.0,Close=654.0,Volume=0.0"
073640,2025-06-02,nonpositive_price,"Open=0.0,High=0.0,Low=0.0,Close=654.0,Volume=0.0"
073640,2025-06-04,nonpositive_price,"Open=0.0,High=0.0,Low=0.0,Close=654.0,Volume=0.0"
073640,2025-06-05,nonpositive_price,"Open=0.0,High=0.0,Low=0.0,Close=654.0,Volume=0.0"
073640,2025-06-09,nonpositive_price,"Open=0.0,High=0.0,Low=0.0,Close=654.0,Volume=0.0"
073640,2025-06-10,nonpositive_price,"Open=0.0,High=0.0,Low=0.0,Close=654.0,Volume=0.0"
073640,2025-06-11,nonpositive_price,"Open=0.0,High=0.0,Low=0.0,Close=654.0,Volume=0.0"
073640,2025-06-12,nonpositive_price,"Open=0.0,High=0.0,Low=0.0,Close=654.0,Volume=0.0"
073640,2025-06-13,nonpositive_price,"Open=0.0,High=0.0,Low=0.0,Close=654.0,Volume=0.0"
073640,2025-06-16,nonpositive_price,"Open=0.0,High=0.0,Low=0.0,Close=654.0,Volume=0.0"
073640,2025-06-17,nonpositive_price,"Open=0.0,High=0.0,Low=0.0,Close=654.0,Volume=0.0"
073640,2025-06-18,nonpositive_price,"Open=0.0,High=0.0,Low=0.0,Close=654.0,Volume=0.0"
073640,2025-06-19,nonpositive_price,"Open=0.0,High=0.0,Low=0.0,Close=654.0,Volume=0.0"
073640,2025-06-20,nonpositive_price,"Open=0.0,High=0.0,Low=0.0,Close=654.0,Volume=0.0"
073640,2025-06-23,nonpositive_price,"Open=0.0,High=0.0,Low=0.0,Close=654.0,Volume=0.0"
073640,2025-06-24,nonpositive_price,"Open=0.0,High=0.0,Low=0.0,Close=654.0,Volume=0.0"
073640,2025-06-25,nonpositive_price,"Open=0.0,High=0.0,Low=0.0,Close=654.0,Volume=0.0"
073640,2025-06-26,nonpositive_price,"Open=0.0,High=0.0,Low=0.0,Close=654.0,Volume=0.0"
073640,2025-06-27,nonpositive_price,"Open=0.0,High=0.0,Low=0.0,Close=654.0,Volume=0.0"
073640,2025-06-30,nonpositive_price,"Open=0.0,High=0.0,Low=0.0,Close=654.0,Volume=0.0"
073640,2025-07-01,nonpositive_price,"Open=0.0,High=0.0,Low=0.0,Close=654.0,Volume=0.0"
073640,2025-07-02,nonpositive_price,"Open=0.0,High=0.0,Low=0.0,Close=654.0,Volume=0.0"
073640,2025-07-03,nonpositive_price,"Open=0.0,High=0.0,Low=0.0,Close=654.0,Volume=0.0"
073640,2025-07-04,nonpositive_price,"Open=0.0,High=0.0,Low=0.0,Close=654.0,Volume=0.0"
073640,2025-07-07,nonpositive_price,"Open=0.0,High=0.0,Low=0.0,Close=654.0,Volume=0.0"
073640,2025-07-08,nonpositive_price,"Open=0.0,High=0.0,Low=0.0,Close=654.0,Volume=0.0"
073640,2025-07-09,nonpositive_price,"Open=0.0,High=0.0,Low=0.0,Close=654.0,Volume=0.0"
073640,2025-07-10,nonpositive_price,"Open=0.0,High=0.0,Low=0.0,Close=654.0,Volume=0.0"
073640,2025-07-11,nonpositive_price,"Open=0.0,High=0.0,Low=0.0,Close=654.0,Volume=0.0"
073640,2025-07-14,nonpositive_price,"Open=0.0,High=0.0,Low=0.0,Close=654.0,Volume=0.0"
073640,2025-07-15,nonpositive_price,"Open=0.0,High=0.0,Low=0.0,Close=654.0,Volume=0.0"
073640,2025-07-16,nonpositive_price,"Open=0.0,High=0.0,Low=0.0,Close=654.0,Volume=0.0"
073640,2025-07-17,nonpositive_price,"Open=0.0,High=0.0,Low=0.0,Close=654.0,Volume=0.0"
073640,2025-07-18,nonpositive_price,"Open=0.0,High=0.0,Low=0.0,Close=654.0,Volume=0.0"
073640,2025-07-21,nonpositive_price,"Open=0.0,High=0.0,Low=0.0,Close=654.0,Volume=0.0"
073640,2025-07-22,nonpositive_price,"Open=0.0,High=0.0,Low=0.0,Close=654.0,Volume=0.0"
073640,2025-07-23,nonpositive_price,"Open=0.0,High=0.0,Low=0.0,Close=654.0,Volume=0.0"
073640,2025-07-24,nonpositive_price,"Open=0.0,High=0.0,Low=0.0,Close=654.0,Volume=0.0"
073640,2025-07-25,nonpositive_price,"Open=0.0,High=0.0,Low=0.0,Close=654.0,Volume=0.0"
073640,2025-07-28,nonpositive_price,"Open=0.0,High=0.0,Low=0.0,Close=654.0,Volume=0.0"
073640,2025-07-29,nonpositive_price,"Open=0.0,High=0.0,Low=0.0,Close=654.0,Volume=0.0"
073640,2025-07-30,nonpositive_price,"Open=0.0,High=0.0,Low=0.0,Close=654.0,Volume=0.0"
073640,2025-07-31,nonpositive_price,"Open=0.0,High=0.0,Low=0.0,Close=654.0,Volume=0.0"
073640,2025-08-01,nonpositive_price,"Open=0.0,High=0.0,Low=0.0,Close=654.0,Volume=0.0"
073640,2025-08-04,nonpositive_price,"Open=0.0,High=0.0,Low=0.0,Close=654.0,Volume=0.0"
073640,2025-08-05,nonpositive_price,"Open=0.0,High=0.0,Low=0.0,Close=654.0,Volume=0.0"
073640,2025-08-06,nonpositive_price,"Open=0.0,High=0.0,Low=0.0,Close=654.0,Volume=0.0"
073640,2025-08-07,nonpositive_price,"Open=0.0,High=0.0,Low=0.0,Close=654.0,Volume=0.0"
073640,2025-08-08,nonpositive_price,"Open=0.0,High=0.0,Low=0.0,Close=654.0,Volume=0.0"
073640,2025-08-11,nonpositive_price,"Open=0.0,High=0.0,Low=0.0,Close=654.0,Volume=0.0"
073640,2025-08-12,nonpositive_price,"Open=0.0,High=0.0,Low=0.0,Close=654.0,Volume=0.0"
073640,2025-08-13,nonpositive_price,"Open=0.0,High=0.0,Low=0.0,Close=654.0,Volume=0.0"
073640,2025-08-14,nonpositive_price,"Open=0.0,High=0.0,Low=0.0,Close=654.0,Volume=0.0"
073640,2025-08-18,nonpositive_price,"Open=0.0,High=0.0,Low=0.0,Close=654.0,Volume=0.0"
073640,2025-08-19,nonpositive_price,"Open=0.0,High=0.0,Low=0.0,Close=654.0,Volume=0.0"
073640,2025-08-20,nonpositive_price,"Open=0.0,High=0.0,Low=0.0,Close=654.0,Volume=0.0"
073640,2025-08-21,nonpositive_price,"Open=0.0,High=0.0,Low=0.0,Close=654.0,Volume=0.0"
073640,2025-08-22,nonpositive_price,"Open=0.0,High=0.0,Low=0.0,Close=654.0,Volume=0.0"
073640,2025-08-25,nonpositive_price,"Open=0.0,High=0.0,Low=0.0,Close=654.0,Volume=0.0"
073640,2025-08-26,nonpositive_price,"Open=0.0,High=0.0,Low=0.0,Close=654.0,Volume=0.0"
073640,2025-08-27,nonpositive_price,"Open=0.0,High=0.0,Low=0.0,Close=654.0,Volume=0.0"
073640,2025-08-28,nonpositive_price,"Open=0.0,High=0.0,Low=0.0,Close=654.0,Volume=0.0"
073640,2025-08-29,nonpositive_price,"Open=0.0,High=0.0,Low=0.0,Close=654.0,Volume=0.0"
073640,2025-09-01,nonpositive_price,"Open=0.0,High=0.0,Low=0.0,Close=654.0,Volume=0.0"
073640,2025-09-02,nonpositive_price,"Open=0.0,High=0.0,Low=0.0,Close=654.0,Volume=0.0"
073640,2025-09-03,nonpositive_price,"Open=0.0,High=0.0,Low=0.0,Close=654.0,Volume=0.0"
073640,2025-09-04,nonpositive_price,"Open=0.0,High=0.0,Low=0.0,Close=654.0,Volume=0.0"
073640,2025-09-05,nonpositive_price,"Open=0.0,High=0.0,Low=0.0,Close=654.0,Volume=0.0"
073640,2025-09-08,nonpositive_price,"Open=0.0,High=0.0,Low=0.0,Close=654.0,Volume=0.0"
073640,2025-09-09,nonpositive_price,"Open=0.0,High=0.0,Low=0.0,Close=654.0,Volume=0.0"
073640,2025-09-10,nonpositive_price,"Open=0.0,High=0.0,Low=0.0,Close=654.0,Volume=0.0"
073640,2025-09-11,nonpositive_price,"Open=0.0,High=0.0,Low=0.0,Close=654.0,Volume=0.0"
073640,2025-09-12,nonpositive_price,"Open=0.0,High=0.0,Low=0.0,Close=654.0,Volume=0.0"
073640,2025-09-15,nonpositive_price,"Open=0.0,High=0.0,Low=0.0,Close=654.0,Volume=0.0"
073640,2025-09-16,nonpositive_price,"Open=0.0,High=0.0,Low=0.0,Close=654.0,Volume=0.0"
073640,2025-09-17,nonpositive_price,"Open=0.0,High=0.0,Low=0.0,Close=654.0,Volume=0.0"
073640,2025-09-18,nonpositive_price,"Open=0.0,High=0.0,Low=0.0,Close=654.0,Volume=0.0"
073640,2025-09-19,nonpositive_price,"Open=0.0,High=0.0,Low=0.0,Close=654.0,Volume=0.0"
073640,2025-09-22,nonpositive_price,"Open=0.0,High=0.0,Low=0.0,Close=654.0,Volume=0.0"
073640,2025-09-23,nonpositive_price,"Open=0.0,High=0.0,Low=0.0,Close=654.0,Volume=0.0"
073640,2025-09-24,nonpositive_price,"Open=0.0,High=0.0,Low=0.0,Close=654.0,Volume=0.0"
073640,2025-09-25,nonpositive_price,"Open=0.0,High=0.0,Low=0.0,Close=654.0,Volume=0.0"
073640,2025-09-26,nonpositive_price,"Open=0.0,High=0.0,Low=0.0,Close=654.0,Volume=0.0"
073640,2025-09-29,nonpositive_price,"Open=0.0,High=0.0,Low=0.0,Close=654.0,Volume=0.0"
073640,2025-09-30,nonpositive_price,"Open=0.0,High=0.0,Low=0.0,Close=654.0,Volume=0.0"
073640,2025-10-01,nonpositive_price,"Open=0.0,High=0.0,Low=0.0,Close=654.0,Volume=0.0"
073640,2025-10-02,nonpositive_price,"Open=0.0,High=0.0,Low=0.0,Close=654.0,Volume=0.0"
073640,2025-10-10,nonpositive_price,"Open=0.0,High=0.0,Low=0.0,Close=654.0,Volume=0.0"
073640,2025-10-13,nonpositive_price,"Open=0.0,High=0.0,Low=0.0,Close=654.0,Volume=0.0"
073640,2025-10-14,nonpositive_price,"Open=0.0,High=0.0,Low=0.0,Close=654.0,Volume=0.0"
073640,2025-10-15,nonpositive_price,"Open=0.0,High=0.0,Low=0.0,Close=654.0,Volume=0.0"
073640,2025-10-16,nonpositive_price,"Open=0.0,High=0.0,Low=0.0,Close=654.0,Volume=0.0"
073640,2025-10-17,nonpositive_price,"Open=0.0,High=0.0,Low=0.0,Close=654.0,Volume=0.0"
073640,2025-10-20,nonpositive_price,"Open=0.0,High=0.0,Low=0.0,Close=654.0,Volume=0.0"
073640,2025-10-21,nonpositive_price,"Open=0.0,High=0.0,Low=0.0,Close=654.0,Volume=0.0"
073640,2025-10-22,nonpositive_price,"Open=0.0,High=0.0,Low=0.0,Close=654.0,Volume=0.0"
073640,2025-10-23,nonpositive_price,"Open=0.0,High=0.0,Low=0.0,Close=654.0,Volume=0.0"
073640,2025-10-24,nonpositive_price,"Open=0.0,High=0.0,Low=0.0,Close=654.0,Volume=0.0"
073640,2025-10-27,nonpositive_price,"Open=0.0,High=0.0,Low=0.0,Close=654.0,Volume=0.0"
073640,2025-10-28,nonpositive_price,"Open=0.0,High=0.0,Low=0.0,Close=654.0,Volume=0.0"
073640,2025-10-29,nonpositive_price,"Open=0.0,High=0.0,Low=0.0,Close=654.0,Volume=0.0"
073640,2025-10-30,nonpositive_price,"Open=0.0,High=0.0,Low=0.0,Close=654.0,Volume=0.0"
073640,2025-10-31,nonpositive_price,"Open=0.0,High=0.0,Low=0.0,Close=654.0,Volume=0.0"
073640,2025-11-03,nonpositive_price,"Open=0.0,High=0.0,Low=0.0,Close=654.0,Volume=0.0"
073640,2025-11-04,nonpositive_price,"Open=0.0,High=0.0,Low=0.0,Close=654.0,Volume=0.0"
073640,2025-11-05,nonpositive_price,"Open=0.0,High=0.0,Low=0.0,Close=654.0,Volume=0.0"
073640,2025-11-06,nonpositive_price,"Open=0.0,High=0.0,Low=0.0,Close=654.0,Volume=0.0"
073640,2025-11-07,nonpositive_price,"Open=0.0,High=0.0,Low=0.0,Close=654.0,Volume=0.0"
073640,2025-11-10,nonpositive_price,"Open=0.0,High=0.0,Low=0.0,Close=654.0,Volume=0.0"
073640,2025-11-11,nonpositive_price,"Open=0.0,High=0.0,Low=0.0,Close=654.0,Volume=0.0"
073640,2025-11-12,nonpositive_price,"Open=0.0,High=0.0,Low=0.0,Close=654.0,Volume=0.0"
073640,2025-11-13,nonpositive_price,"Open=0.0,High=0.0,Low=0.0,Close=654.0,Volume=0.0"
073640,2025-11-14,nonpositive_price,"Open=0.0,High=0.0,Low=0.0,Close=654.0,Volume=0.0"
073640,2025-11-17,nonpositive_price,"Open=0.0,High=0.0,Low=0.0,Close=654.0,Volume=0.0"
073640,2025-11-18,nonpositive_price,"Open=0.0,High=0.0,Low=0.0,Close=654.0,Volume=0.0"
073640,2025-11-19,nonpositive_price,"Open=0.0,High=0.0,Low=0.0,Close=654.0,Volume=0.0"
073640,2025-11-20,nonpositive_price,"Open=0.0,High=0.0,Low=0.0,Close=654.0,Volume=0.0"
073640,2025-11-21,nonpositive_price,"Open=0.0,High=0.0,Low=0.0,Close=654.0,Volume=0.0"
073640,2025-11-24,nonpositive_price,"Open=0.0,High=0.0,Low=0.0,Close=654.0,Volume=0.0"
073640,2025-11-25,nonpositive_price,"Open=0.0,High=0.0,Low=0.0,Close=654.0,Volume=0.0"
073640,2025-11-26,nonpositive_price,"Open=0.0,High=0.0,Low=0.0,Close=654.0,Volume=0.0"
073640,2025-11-27,nonpositive_price,"Open=0.0,High=0.0,Low=0.0,Close=654.0,Volume=0.0"
073640,2025-11-28,nonpositive_price,"Open=0.0,High=0.0,Low=0.0,Close=654.0,Volume=0.0"
073640,2025-12-01,nonpositive_price,"Open=0.0,High=0.0,Low=0.0,Close=654.0,Volume=0.0"
073640,2025-12-02,nonpositive_price,"Open=0.0,High=0.0,Low=0.0,Close=654.0,Volume=0.0"
073640,2025-12-03,nonpositive_price,"Open=0.0,High=0.0,Low=0.0,Close=654.0,Volume=0.0"
073640,2025-12-04,nonpositive_price,"Open=0.0,High=0.0,Low=0.0,Close=654.0,Volume=0.0"
073640,2025-12-05,nonpositive_price,"Open=0.0,High=0.0,Low=0.0,Close=654.0,Volume=0.0"
073640,2025-12-08,nonpositive_price,"Open=0.0,High=0.0,Low=0.0,Close=654.0,Volume=0.0"
073640,2025-12-09,nonpositive_price,"Open=0.0,High=0.0,Low=0.0,Close=654.0,Volume=0.0"
073640,2025-12-10,nonpositive_price,"Open=0.0,High=0.0,Low=0.0,Close=654.0,Volume=0.0"
073640,2025-12-11,nonpositive_price,"Open=0.0,High=0.0,Low=0.0,Close=654.0,Volume=0.0"
073640,2025-12-12,nonpositive_price,"Open=0.0,High=0.0,Low=0.0,Close=654.0,Volume=0.0"
073640,2025-12-15,nonpositive_price,"Open=0.0,High=0.0,Low=0.0,Close=654.0,Volume=0.0"
073640,2025-12-16,nonpositive_price,"Open=0.0,High=0.0,Low=0.0,Close=654.0,Volume=0.0"
073640,2025-12-17,nonpositive_price,"Open=0.0,High=0.0,Low=0.0,Close=654.0,Volume=0.0"
073640,2025-12-18,nonpositive_price,"Open=0.0,High=0.0,Low=0.0,Close=654.0,Volume=0.0"
073640,2025-12-19,nonpositive_price,"Open=0.0,High=0.0,Low=0.0,Close=654.0,Volume=0.0"
073640,2025-12-22,nonpositive_price,"Open=0.0,High=0.0,Low=0.0,Close=654.0,Volume=0.0"
073640,2025-12-23,nonpositive_price,"Open=0.0,High=0.0,Low=0.0,Close=654.0,Volume=0.0"
073640,2025-12-24,nonpositive_price,"Open=0.0,High=0.0,Low=0.0,Close=654.0,Volume=0.0"
073640,2025-12-26,nonpositive_price,"Open=0.0,High=0.0,Low=0.0,Close=654.0,Volume=0.0"
073640,2025-12-29,nonpositive_price,"Open=0.0,High=0.0,Low=0.0,Close=654.0,Volume=0.0"
073640,2025-12-30,nonpositive_price,"Open=0.0,High=0.0,Low=0.0,Close=654.0,Volume=0.0"
073640,2026-01-02,nonpositive_price,"Open=0.0,High=0.0,Low=0.0,Close=654.0,Volume=0.0"
073640,2026-01-05,nonpositive_price,"Open=0.0,High=0.0,Low=0.0,Close=654.0,Volume=0.0"
073640,2026-01-06,nonpositive_price,"Open=0.0,High=0.0,Low=0.0,Close=654.0,Volume=0.0"
073640,2026-01-07,nonpositive_price,"Open=0.0,High=0.0,Low=0.0,Close=654.0,Volume=0.0"
073640,2026-01-08,nonpositive_price,"Open=0.0,High=0.0,Low=0.0,Close=654.0,Volume=0.0"
073640,2026-01-09,nonpositive_price,"Open=0.0,High=0.0,Low=0.0,Close=654.0,Volume=0.0"
073640,2026-01-12,nonpositive_price,"Open=0.0,High=0.0,Low=0.0,Close=654.0,Volume=0.0"
073640,2026-01-13,nonpositive_price,"Open=0.0,High=0.0,Low=0.0,Close=654.0,Volume=0.0"
073640,2026-01-14,nonpositive_price,"Open=0.0,High=0.0,Low=0.0,Close=654.0,Volume=0.0"
073640,2026-01-15,nonpositive_price,"Open=0.0,High=0.0,Low=0.0,Close=654.0,Volume=0.0"
073640,2026-01-16,nonpositive_price,"Open=0.0,High=0.0,Low=0.0,Close=654.0,Volume=0.0"
073640,2026-01-19,nonpositive_price,"Open=0.0,High=0.0,Low=0.0,Close=654.0,Volume=0.0"
073640,2026-01-20,nonpositive_price,"Open=0.0,High=0.0,Low=0.0,Close=654.0,Volume=0.0"
073640,2026-01-21,nonpositive_price,"Open=0.0,High=0.0,Low=0.0,Close=654.0,Volume=0.0"
073640,2026-01-22,nonpositive_price,"Open=0.0,High=0.0,Low=0.0,Close=654.0,Volume=0.0"
073640,2026-01-23,nonpositive_price,"Open=0.0,High=0.0,Low=0.0,Close=654.0,Volume=0.0"
073640,2026-01-26,nonpositive_price,"Open=0.0,High=0.0,Low=0.0,Close=654.0,Volume=0.0"
073640,2026-01-27,nonpositive_price,"Open=0.0,High=0.0,Low=0.0,Close=654.0,Volume=0.0"
073640,2026-01-28,nonpositive_price,"Open=0.0,High=0.0,Low=0.0,Close=654.0,Volume=0.0"
073640,2026-01-29,nonpositive_price,"Open=0.0,High=0.0,Low=0.0,Close=654.0,Volume=0.0"
073640,2026-01-30,nonpositive_price,"Open=0.0,High=0.0,Low=0.0,Close=654.0,Volume=0.0"
073640,2026-02-02,nonpositive_price,"Open=0.0,High=0.0,Low=0.0,Close=654.0,Volume=0.0"
073640,2026-02-03,nonpositive_price,"Open=0.0,High=0.0,Low=0.0,Close=654.0,Volume=0.0"
073640,2026-02-04,nonpositive_price,"Open=0.0,High=0.0,Low=0.0,Close=654.0,Volume=0.0"
073640,2026-02-05,nonpositive_price,"Open=0.0,High=0.0,Low=0.0,Close=654.0,Volume=0.0"
073640,2026-02-06,nonpositive_price,"Open=0.0,High=0.0,Low=0.0,Close=654.0,Volume=0.0"
073640,2026-02-09,nonpositive_price,"Open=0.0,High=0.0,Low=0.0,Close=654.0,Volume=0.0"
073640,2026-02-10,nonpositive_price,"Open=0.0,High=0.0,Low=0.0,Close=654.0,Volume=0.0"
073640,2026-02-11,nonpositive_price,"Open=0.0,High=0.0,Low=0.0,Close=654.0,Volume=0.0"
073640,2026-02-12,nonpositive_price,"Open=0.0,High=0.0,Low=0.0,Close=654.0,Volume=0.0"
073640,2026-02-13,nonpositive_price,"Open=0.0,High=0.0,Low=0.0,Close=654.0,Volume=0.0"
073640,2026-02-19,nonpositive_price,"Open=0.0,High=0.0,Low=0.0,Close=654.0,Volume=0.0"
073640,2026-02-20,nonpositive_price,"Open=0.0,High=0.0,Low=0.0,Close=654.0,Volume=0.0"
073640,2026-02-23,nonpositive_price,"Open=0.0,High=0.0,Low=0.0,Close=654.0,Volume=0.0"
073640,2026-02-24,nonpositive_price,"Open=0.0,High=0.0,Low=0.0,Close=654.0,Volume=0.0"
073640,2026-02-25,nonpositive_price,"Open=0.0,High=0.0,Low=0.0,Close=654.0,Volume=0.0"
073640,2026-02-26,nonpositive_price,"Open=0.0,High=0.0,Low=0.0,Close=654.0,Volume=0.0"
073640,2026-02-27,nonpositive_price,"Open=0.0,High=0.0,Low=0.0,Close=654.0,Volume=0.0"
088980,2022-12-27,ohlc_inconsistent,"Open=11352.0,High=11452.0,Low=11302.0,Close=11453.0,Volume=2106684.0"
088980,2023-01-05,ohlc_inconsistent,"Open=11252.0,High=11302.0,Low=11153.0,Close=11303.0,Volume=398543.0"
088980,2023-01-09,ohlc_inconsistent,"Open=11252.0,High=11302.0,Low=11203.0,Close=11303.0,Volume=449747.0"
088980,2023-01-11,ohlc_inconsistent,"Open=11252.0,High=11252.0,Low=11203.0,Close=11253.0,Volume=469358.0"
088980,2023-01-13,ohlc_inconsistent,"Open=11252.0,High=11352.0,Low=11252.0,Close=11353.0,Volume=849788.0"
088980,2023-01-19,ohlc_inconsistent,"Open=11602.0,High=11751.0,Low=11602.0,Close=11752.0,Volume=385429.0"
088980,2023-02-24,ohlc_inconsistent,"Open=12419.0,High=12448.0,Low=12369.0,Close=12449.0,Volume=393709.0"
088980,2023-03-03,ohlc_inconsistent,"Open=12468.0,High=12587.0,Low=12458.0,Close=12588.0,Volume=930310.0"
088980,2023-03-24,ohlc_inconsistent,"Open=12488.0,High=12577.0,Low=12438.0,Close=12578.0,Volume=446505.0"
088980,2023-05-25,ohlc_inconsistent,"Open=12848.0,High=12947.0,Low=12838.0,Close=12948.0,Volume=658467.0"
088980,2023-05-26,ohlc_inconsistent,"Open=12946.0,High=13035.0,Low=12946.0,Close=13036.0,Volume=511919.0"
088980,2023-05-30,ohlc_inconsistent,"Open=13035.0,High=13165.0,Low=13035.0,Close=13166.0,Volume=740528.0"
088980,2023-06-05,ohlc_inconsistent,"Open=13296.0,High=13335.0,Low=13276.0,Close=13336.0,Volume=485803.0"
088980,2023-06-08,ohlc_inconsistent,"Open=13315.0,High=13444.0,Low=13295.0,Close=13445.0,Volume=842889.0"
088980,2023-08-04,ohlc_inconsistent,"Open=11959.0,High=12048.0,Low=11899.0,Close=12049.0,Volume=565516.0"
088980,2024-03-06,ohlc_inconsistent,"Open=12818.0,High=12917.0,Low=12808.0,Close=12918.0,Volume=1016838.0"
088980,2024-03-13,ohlc_inconsistent,"Open=12808.0,High=12867.0,Low=12798.0,Close=12868.0,Volume=398826.0"
088980,2024-06-20,ohlc_inconsistent,"Open=12508.0,High=12517.0,Low=12398.0,Close=12518.0,Volume=1549069.0"
088980,2024-07-30,ohlc_inconsistent,"Open=12049.0,High=12098.0,Low=12029.0,Close=12099.0,Volume=416818.0"
101360,2024-02-15,ohlc_inconsistent,"Open=37233.0,High=47424.0,Low=37154.0,Close=47425.0,Volume=4385811.0"
119650,2024-08-16,nonpositive_price,"Open=0.0,High=0.0,Low=0.0,Close=1394.0,Volume=0.0"
119650,2025-03-20,nonpositive_price,"Open=0.0,High=0.0,Low=0.0,Close=918.0,Volume=0.0"
119650,2025-03-21,nonpositive_price,"Open=0.0,High=0.0,Low=0.0,Close=918.0,Volume=0.0"
119650,2025-03-24,nonpositive_price,"Open=0.0,High=0.0,Low=0.0,Close=918.0,Volume=0.0"
119650,2025-03-25,nonpositive_price,"Open=0.0,High=0.0,Low=0.0,Close=918.0,Volume=0.0"
119650,2025-03-26,nonpositive_price,"Open=0.0,High=0.0,Low=0.0,Close=918.0,Volume=0.0"
119650,2025-03-27,nonpositive_price,"Open=0.0,High=0.0,Low=0.0,Close=918.0,Volume=0.0"
119650,2025-03-28,nonpositive_price,"Open=0.0,High=0.0,Low=0.0,Close=918.0,Volume=0.0"
119650,2025-03-31,nonpositive_price,"Open=0.0,High=0.0,Low=0.0,Close=918.0,Volume=0.0"
119650,2025-04-01,nonpositive_price,"Open=0.0,High=0.0,Low=0.0,Close=918.0,Volume=0.0"
119650,2025-04-02,nonpositive_price,"Open=0.0,High=0.0,Low=0.0,Close=918.0,Volume=0.0"
119650,2025-04-03,nonpositive_price,"Open=0.0,High=0.0,Low=0.0,Close=918.0,Volume=0.0"
119650,2025-04-04,nonpositive_price,"Open=0.0,High=0.0,Low=0.0,Close=918.0,Volume=0.0"
119650,2025-04-07,nonpositive_price,"Open=0.0,High=0.0,Low=0.0,Close=918.0,Volume=0.0"
119650,2025-04-08,nonpositive_price,"Open=0.0,High=0.0,Low=0.0,Close=918.0,Volume=0.0"
119650,2025-04-09,nonpositive_price,"Open=0.0,High=0.0,Low=0.0,Close=918.0,Volume=0.0"
119650,2025-04-10,nonpositive_price,"Open=0.0,High=0.0,Low=0.0,Close=918.0,Volume=0.0"
119650,2025-04-11,nonpositive_price,"Open=0.0,High=0.0,Low=0.0,Close=918.0,Volume=0.0"
119650,2025-04-14,nonpositive_price,"Open=0.0,High=0.0,Low=0.0,Close=918.0,Volume=0.0"
119650,2025-04-15,nonpositive_price,"Open=0.0,High=0.0,Low=0.0,Close=918.0,Volume=0.0"
119650,2025-04-16,nonpositive_price,"Open=0.0,High=0.0,Low=0.0,Close=918.0,Volume=0.0"
119650,2025-04-17,nonpositive_price,"Open=0.0,High=0.0,Low=0.0,Close=918.0,Volume=0.0"
119650,2025-04-18,nonpositive_price,"Open=0.0,High=0.0,Low=0.0,Close=918.0,Volume=0.0"
119650,2025-04-21,nonpositive_price,"Open=0.0,High=0.0,Low=0.0,Close=918.0,Volume=0.0"
119650,2025-04-22,nonpositive_price,"Open=0.0,High=0.0,Low=0.0,Close=918.0,Volume=0.0"
119650,2025-04-23,nonpositive_price,"Open=0.0,High=0.0,Low=0.0,Close=918.0,Volume=0.0"
119650,2025-04-24,nonpositive_price,"Open=0.0,High=0.0,Low=0.0,Close=918.0,Volume=0.0"
119650,2025-04-25,nonpositive_price,"Open=0.0,High=0.0,Low=0.0,Close=918.0,Volume=0.0"
119650,2025-04-28,nonpositive_price,"Open=0.0,High=0.0,Low=0.0,Close=918.0,Volume=0.0"
119650,2025-04-29,nonpositive_price,"Open=0.0,High=0.0,Low=0.0,Close=918.0,Volume=0.0"
119650,2025-04-30,nonpositive_price,"Open=0.0,High=0.0,Low=0.0,Close=918.0,Volume=0.0"
119650,2025-05-02,nonpositive_price,"Open=0.0,High=0.0,Low=0.0,Close=918.0,Volume=0.0"
119650,2025-05-07,nonpositive_price,"Open=0.0,High=0.0,Low=0.0,Close=918.0,Volume=0.0"
119650,2025-05-08,nonpositive_price,"Open=0.0,High=0.0,Low=0.0,Close=918.0,Volume=0.0"
119650,2025-05-09,nonpositive_price,"Open=0.0,High=0.0,Low=0.0,Close=918.0,Volume=0.0"
119650,2025-05-12,nonpositive_price,"Open=0.0,High=0.0,Low=0.0,Close=918.0,Volume=0.0"
119650,2025-05-13,nonpositive_price,"Open=0.0,High=0.0,Low=0.0,Close=918.0,Volume=0.0"
119650,2025-05-14,nonpositive_price,"Open=0.0,High=0.0,Low=0.0,Close=918.0,Volume=0.0"
119650,2025-05-15,nonpositive_price,"Open=0.0,High=0.0,Low=0.0,Close=918.0,Volume=0.0"
119650,2025-05-16,nonpositive_price,"Open=0.0,High=0.0,Low=0.0,Close=918.0,Volume=0.0"
119650,2025-05-19,nonpositive_price,"Open=0.0,High=0.0,Low=0.0,Close=918.0,Volume=0.0"
119650,2025-05-20,nonpositive_price,"Open=0.0,High=0.0,Low=0.0,Close=918.0,Volume=0.0"
119650,2025-05-21,nonpositive_price,"Open=0.0,High=0.0,Low=0.0,Close=918.0,Volume=0.0"
119650,2025-05-22,nonpositive_price,"Open=0.0,High=0.0,Low=0.0,Close=918.0,Volume=0.0"
119650,2025-05-23,nonpositive_price,"Open=0.0,High=0.0,Low=0.0,Close=918.0,Volume=0.0"
119650,2025-05-26,nonpositive_price,"Open=0.0,High=0.0,Low=0.0,Close=918.0,Volume=0.0"
119650,2025-05-27,nonpositive_price,"Open=0.0,High=0.0,Low=0.0,Close=918.0,Volume=0.0"
119650,2025-05-28,nonpositive_price,"Open=0.0,High=0.0,Low=0.0,Close=918.0,Volume=0.0"
119650,2025-05-29,nonpositive_price,"Open=0.0,High=0.0,Low=0.0,Close=918.0,Volume=0.0"
119650,2025-05-30,nonpositive_price,"Open=0.0,High=0.0,Low=0.0,Close=918.0,Volume=0.0"
119650,2025-06-02,nonpositive_price,"Open=0.0,High=0.0,Low=0.0,Close=918.0,Volume=0.0"
119650,2025-06-04,nonpositive_price,"Open=0.0,High=0.0,Low=0.0,Close=918.0,Volume=0.0"
119650,2025-06-05,nonpositive_price,"Open=0.0,High=0.0,Low=0.0,Close=918.0,Volume=0.0"
119650,2025-06-09,nonpositive_price,"Open=0.0,High=0.0,Low=0.0,Close=918.0,Volume=0.0"
119650,2025-06-10,nonpositive_price,"Open=0.0,High=0.0,Low=0.0,Close=918.0,Volume=0.0"
119650,2025-06-11,nonpositive_price,"Open=0.0,High=0.0,Low=0.0,Close=918.0,Volume=0.0"
119650,2025-06-12,nonpositive_price,"Open=0.0,High=0.0,Low=0.0,Close=918.0,Volume=0.0"
119650,2025-06-13,nonpositive_price,"Open=0.0,High=0.0,Low=0.0,Close=918.0,Volume=0.0"
119650,2025-06-16,nonpositive_price,"Open=0.0,High=0.0,Low=0.0,Close=918.0,Volume=0.0"
119650,2025-06-17,nonpositive_price,"Open=0.0,High=0.0,Low=0.0,Close=918.0,Volume=0.0"
119650,2025-06-18,nonpositive_price,"Open=0.0,High=0.0,Low=0.0,Close=918.0,Volume=0.0"
119650,2025-06-19,nonpositive_price,"Open=0.0,High=0.0,Low=0.0,Close=918.0,Volume=0.0"
119650,2025-06-20,nonpositive_price,"Open=0.0,High=0.0,Low=0.0,Close=918.0,Volume=0.0"
119650,2025-06-23,nonpositive_price,"Open=0.0,High=0.0,Low=0.0,Close=918.0,Volume=0.0"
119650,2025-06-24,nonpositive_price,"Open=0.0,High=0.0,Low=0.0,Close=918.0,Volume=0.0"
119650,2025-06-25,nonpositive_price,"Open=0.0,High=0.0,Low=0.0,Close=918.0,Volume=0.0"
119650,2025-06-26,nonpositive_price,"Open=0.0,High=0.0,Low=0.0,Close=918.0,Volume=0.0"
119650,2025-06-27,nonpositive_price,"Open=0.0,High=0.0,Low=0.0,Close=918.0,Volume=0.0"
119650,2025-06-30,nonpositive_price,"Open=0.0,High=0.0,Low=0.0,Close=918.0,Volume=0.0"
119650,2025-07-01,nonpositive_price,"Open=0.0,High=0.0,Low=0.0,Close=918.0,Volume=0.0"
119650,2025-07-02,nonpositive_price,"Open=0.0,High=0.0,Low=0.0,Close=918.0,Volume=0.0"
119650,2025-07-03,nonpositive_price,"Open=0.0,High=0.0,Low=0.0,Close=918.0,Volume=0.0"
119650,2025-07-04,nonpositive_price,"Open=0.0,High=0.0,Low=0.0,Close=918.0,Volume=0.0"
119650,2025-07-07,nonpositive_price,"Open=0.0,High=0.0,Low=0.0,Close=918.0,Volume=0.0"
119650,2025-07-08,nonpositive_price,"Open=0.0,High=0.0,Low=0.0,Close=918.0,Volume=0.0"
119650,2025-07-09,nonpositive_price,"Open=0.0,High=0.0,Low=0.0,Close=918.0,Volume=0.0"
119650,2025-07-10,nonpositive_price,"Open=0.0,High=0.0,Low=0.0,Close=918.0,Volume=0.0"
119650,2025-07-11,nonpositive_price,"Open=0.0,High=0.0,Low=0.0,Close=918.0,Volume=0.0"
119650,2025-07-14,nonpositive_price,"Open=0.0,High=0.0,Low=0.0,Close=918.0,Volume=0.0"
119650,2025-07-15,nonpositive_price,"Open=0.0,High=0.0,Low=0.0,Close=918.0,Volume=0.0"
119650,2025-07-16,nonpositive_price,"Open=0.0,High=0.0,Low=0.0,Close=918.0,Volume=0.0"
119650,2025-07-17,nonpositive_price,"Open=0.0,High=0.0,Low=0.0,Close=918.0,Volume=0.0"
119650,2025-07-18,nonpositive_price,"Open=0.0,High=0.0,Low=0.0,Close=918.0,Volume=0.0"
119650,2025-07-21,nonpositive_price,"Open=0.0,High=0.0,Low=0.0,Close=918.0,Volume=0.0"
119650,2025-07-22,nonpositive_price,"Open=0.0,High=0.0,Low=0.0,Close=918.0,Volume=0.0"
119650,2025-07-23,nonpositive_price,"Open=0.0,High=0.0,Low=0.0,Close=918.0,Volume=0.0"
119650,2025-07-24,nonpositive_price,"Open=0.0,High=0.0,Low=0.0,Close=918.0,Volume=0.0"
119650,2025-07-25,nonpositive_price,"Open=0.0,High=0.0,Low=0.0,Close=918.0,Volume=0.0"
119650,2025-07-28,nonpositive_price,"Open=0.0,High=0.0,Low=0.0,Close=918.0,Volume=0.0"
119650,2025-07-29,nonpositive_price,"Open=0.0,High=0.0,Low=0.0,Close=918.0,Volume=0.0"
119650,2025-07-30,nonpositive_price,"Open=0.0,High=0.0,Low=0.0,Close=918.0,Volume=0.0"
119650,2025-07-31,nonpositive_price,"Open=0.0,High=0.0,Low=0.0,Close=918.0,Volume=0.0"
119650,2025-08-01,nonpositive_price,"Open=0.0,High=0.0,Low=0.0,Close=918.0,Volume=0.0"
119650,2025-08-04,nonpositive_price,"Open=0.0,High=0.0,Low=0.0,Close=918.0,Volume=0.0"
119650,2025-08-05,nonpositive_price,"Open=0.0,High=0.0,Low=0.0,Close=918.0,Volume=0.0"
119650,2025-08-06,nonpositive_price,"Open=0.0,High=0.0,Low=0.0,Close=918.0,Volume=0.0"
119650,2025-08-07,nonpositive_price,"Open=0.0,High=0.0,Low=0.0,Close=918.0,Volume=0.0"
119650,2025-08-08,nonpositive_price,"Open=0.0,High=0.0,Low=0.0,Close=918.0,Volume=0.0"
119650,2025-08-11,nonpositive_price,"Open=0.0,High=0.0,Low=0.0,Close=918.0,Volume=0.0"
119650,2025-08-12,nonpositive_price,"Open=0.0,High=0.0,Low=0.0,Close=918.0,Volume=0.0"
119650,2025-08-13,nonpositive_price,"Open=0.0,High=0.0,Low=0.0,Close=918.0,Volume=0.0"
119650,2025-08-14,nonpositive_price,"Open=0.0,High=0.0,Low=0.0,Close=918.0,Volume=0.0"
119650,2025-08-18,nonpositive_price,"Open=0.0,High=0.0,Low=0.0,Close=918.0,Volume=0.0"
119650,2025-08-19,nonpositive_price,"Open=0.0,High=0.0,Low=0.0,Close=918.0,Volume=0.0"
119650,2025-08-20,nonpositive_price,"Open=0.0,High=0.0,Low=0.0,Close=918.0,Volume=0.0"
119650,2025-08-21,nonpositive_price,"Open=0.0,High=0.0,Low=0.0,Close=918.0,Volume=0.0"
119650,2025-08-22,nonpositive_price,"Open=0.0,High=0.0,Low=0.0,Close=918.0,Volume=0.0"
119650,2025-08-25,nonpositive_price,"Open=0.0,High=0.0,Low=0.0,Close=918.0,Volume=0.0"
119650,2025-08-26,nonpositive_price,"Open=0.0,High=0.0,Low=0.0,Close=918.0,Volume=0.0"
119650,2025-08-27,nonpositive_price,"Open=0.0,High=0.0,Low=0.0,Close=918.0,Volume=0.0"
119650,2025-08-28,nonpositive_price,"Open=0.0,High=0.0,Low=0.0,Close=918.0,Volume=0.0"
119650,2025-08-29,nonpositive_price,"Open=0.0,High=0.0,Low=0.0,Close=918.0,Volume=0.0"
119650,2025-09-01,nonpositive_price,"Open=0.0,High=0.0,Low=0.0,Close=918.0,Volume=0.0"
119650,2025-09-02,nonpositive_price,"Open=0.0,High=0.0,Low=0.0,Close=918.0,Volume=0.0"
119650,2025-09-03,nonpositive_price,"Open=0.0,High=0.0,Low=0.0,Close=918.0,Volume=0.0"
119650,2025-09-04,nonpositive_price,"Open=0.0,High=0.0,Low=0.0,Close=918.0,Volume=0.0"
119650,2025-09-05,nonpositive_price,"Open=0.0,High=0.0,Low=0.0,Close=918.0,Volume=0.0"
119650,2025-09-08,nonpositive_price,"Open=0.0,High=0.0,Low=0.0,Close=918.0,Volume=0.0"
119650,2025-09-09,nonpositive_price,"Open=0.0,High=0.0,Low=0.0,Close=918.0,Volume=0.0"
119650,2025-09-10,nonpositive_price,"Open=0.0,High=0.0,Low=0.0,Close=918.0,Volume=0.0"
119650,2025-09-11,nonpositive_price,"Open=0.0,High=0.0,Low=0.0,Close=918.0,Volume=0.0"
119650,2025-09-12,nonpositive_price,"Open=0.0,High=0.0,Low=0.0,Close=918.0,Volume=0.0"
119650,2025-09-15,nonpositive_price,"Open=0.0,High=0.0,Low=0.0,Close=918.0,Volume=0.0"
119650,2025-09-16,nonpositive_price,"Open=0.0,High=0.0,Low=0.0,Close=918.0,Volume=0.0"
119650,2025-09-17,nonpositive_price,"Open=0.0,High=0.0,Low=0.0,Close=918.0,Volume=0.0"
119650,2025-09-18,nonpositive_price,"Open=0.0,High=0.0,Low=0.0,Close=918.0,Volume=0.0"
119650,2025-09-19,nonpositive_price,"Open=0.0,High=0.0,Low=0.0,Close=918.0,Volume=0.0"
119650,2025-09-22,nonpositive_price,"Open=0.0,High=0.0,Low=0.0,Close=918.0,Volume=0.0"
119650,2025-09-23,nonpositive_price,"Open=0.0,High=0.0,Low=0.0,Close=918.0,Volume=0.0"
119650,2025-09-24,nonpositive_price,"Open=0.0,High=0.0,Low=0.0,Close=918.0,Volume=0.0"
119650,2025-09-25,nonpositive_price,"Open=0.0,High=0.0,Low=0.0,Close=918.0,Volume=0.0"
119650,2025-09-26,nonpositive_price,"Open=0.0,High=0.0,Low=0.0,Close=918.0,Volume=0.0"
119650,2025-09-29,nonpositive_price,"Open=0.0,High=0.0,Low=0.0,Close=918.0,Volume=0.0"
119650,2025-09-30,nonpositive_price,"Open=0.0,High=0.0,Low=0.0,Close=918.0,Volume=0.0"
119650,2025-10-01,nonpositive_price,"Open=0.0,High=0.0,Low=0.0,Close=918.0,Volume=0.0"
119650,2025-10-02,nonpositive_price,"Open=0.0,High=0.0,Low=0.0,Close=918.0,Volume=0.0"
119650,2025-10-10,nonpositive_price,"Open=0.0,High=0.0,Low=0.0,Close=918.0,Volume=0.0"
119650,2025-10-13,nonpositive_price,"Open=0.0,High=0.0,Low=0.0,Close=918.0,Volume=0.0"
119650,2025-10-14,nonpositive_price,"Open=0.0,High=0.0,Low=0.0,Close=918.0,Volume=0.0"
119650,2025-10-15,nonpositive_price,"Open=0.0,High=0.0,Low=0.0,Close=918.0,Volume=0.0"
119650,2025-10-16,nonpositive_price,"Open=0.0,High=0.0,Low=0.0,Close=918.0,Volume=0.0"
119650,2025-10-17,nonpositive_price,"Open=0.0,High=0.0,Low=0.0,Close=918.0,Volume=0.0"
119650,2025-10-20,nonpositive_price,"Open=0.0,High=0.0,Low=0.0,Close=918.0,Volume=0.0"
119650,2025-10-21,nonpositive_price,"Open=0.0,High=0.0,Low=0.0,Close=918.0,Volume=0.0"
119650,2025-10-22,nonpositive_price,"Open=0.0,High=0.0,Low=0.0,Close=918.0,Volume=0.0"
119650,2025-10-23,nonpositive_price,"Open=0.0,High=0.0,Low=0.0,Close=918.0,Volume=0.0"
119650,2025-10-24,nonpositive_price,"Open=0.0,High=0.0,Low=0.0,Close=918.0,Volume=0.0"
119650,2025-10-27,nonpositive_price,"Open=0.0,High=0.0,Low=0.0,Close=918.0,Volume=0.0"
119650,2025-10-28,nonpositive_price,"Open=0.0,High=0.0,Low=0.0,Close=918.0,Volume=0.0"
119650,2025-10-29,nonpositive_price,"Open=0.0,High=0.0,Low=0.0,Close=918.0,Volume=0.0"
119650,2025-10-30,nonpositive_price,"Open=0.0,High=0.0,Low=0.0,Close=918.0,Volume=0.0"
119650,2025-10-31,nonpositive_price,"Open=0.0,High=0.0,Low=0.0,Close=918.0,Volume=0.0"
119650,2025-11-03,nonpositive_price,"Open=0.0,High=0.0,Low=0.0,Close=918.0,Volume=0.0"
119650,2025-11-04,nonpositive_price,"Open=0.0,High=0.0,Low=0.0,Close=918.0,Volume=0.0"
119650,2025-11-05,nonpositive_price,"Open=0.0,High=0.0,Low=0.0,Close=918.0,Volume=0.0"
119650,2025-11-06,nonpositive_price,"Open=0.0,High=0.0,Low=0.0,Close=918.0,Volume=0.0"
119650,2025-11-07,nonpositive_price,"Open=0.0,High=0.0,Low=0.0,Close=918.0,Volume=0.0"
119650,2025-11-10,nonpositive_price,"Open=0.0,High=0.0,Low=0.0,Close=918.0,Volume=0.0"
119650,2025-11-11,nonpositive_price,"Open=0.0,High=0.0,Low=0.0,Close=918.0,Volume=0.0"
119650,2025-11-12,nonpositive_price,"Open=0.0,High=0.0,Low=0.0,Close=918.0,Volume=0.0"
119650,2025-11-13,nonpositive_price,"Open=0.0,High=0.0,Low=0.0,Close=918.0,Volume=0.0"
119650,2025-11-14,nonpositive_price,"Open=0.0,High=0.0,Low=0.0,Close=918.0,Volume=0.0"
119650,2025-11-17,nonpositive_price,"Open=0.0,High=0.0,Low=0.0,Close=918.0,Volume=0.0"
119650,2025-11-18,nonpositive_price,"Open=0.0,High=0.0,Low=0.0,Close=918.0,Volume=0.0"
119650,2025-11-19,nonpositive_price,"Open=0.0,High=0.0,Low=0.0,Close=918.0,Volume=0.0"
119650,2025-11-20,nonpositive_price,"Open=0.0,High=0.0,Low=0.0,Close=918.0,Volume=0.0"
119650,2025-11-21,nonpositive_price,"Open=0.0,High=0.0,Low=0.0,Close=918.0,Volume=0.0"
119650,2025-11-24,nonpositive_price,"Open=0.0,High=0.0,Low=0.0,Close=918.0,Volume=0.0"
119650,2025-11-25,nonpositive_price,"Open=0.0,High=0.0,Low=0.0,Close=918.0,Volume=0.0"
119650,2025-11-26,nonpositive_price,"Open=0.0,High=0.0,Low=0.0,Close=918.0,Volume=0.0"
119650,2025-11-27,nonpositive_price,"Open=0.0,High=0.0,Low=0.0,Close=918.0,Volume=0.0"
119650,2025-11-28,nonpositive_price,"Open=0.0,High=0.0,Low=0.0,Close=918.0,Volume=0.0"
119650,2025-12-01,nonpositive_price,"Open=0.0,High=0.0,Low=0.0,Close=918.0,Volume=0.0"
119650,2025-12-02,nonpositive_price,"Open=0.0,High=0.0,Low=0.0,Close=918.0,Volume=0.0"
119650,2025-12-03,nonpositive_price,"Open=0.0,High=0.0,Low=0.0,Close=918.0,Volume=0.0"
119650,2025-12-04,nonpositive_price,"Open=0.0,High=0.0,Low=0.0,Close=918.0,Volume=0.0"
119650,2025-12-05,nonpositive_price,"Open=0.0,High=0.0,Low=0.0,Close=918.0,Volume=0.0"
119650,2025-12-08,nonpositive_price,"Open=0.0,High=0.0,Low=0.0,Close=918.0,Volume=0.0"
119650,2025-12-09,nonpositive_price,"Open=0.0,High=0.0,Low=0.0,Close=918.0,Volume=0.0"
119650,2025-12-10,nonpositive_price,"Open=0.0,High=0.0,Low=0.0,Close=918.0,Volume=0.0"
119650,2025-12-11,nonpositive_price,"Open=0.0,High=0.0,Low=0.0,Close=918.0,Volume=0.0"
119650,2025-12-12,nonpositive_price,"Open=0.0,High=0.0,Low=0.0,Close=918.0,Volume=0.0"
119650,2025-12-15,nonpositive_price,"Open=0.0,High=0.0,Low=0.0,Close=918.0,Volume=0.0"
119650,2025-12-16,nonpositive_price,"Open=0.0,High=0.0,Low=0.0,Close=918.0,Volume=0.0"
119650,2025-12-17,nonpositive_price,"Open=0.0,High=0.0,Low=0.0,Close=918.0,Volume=0.0"
119650,2025-12-18,nonpositive_price,"Open=0.0,High=0.0,Low=0.0,Close=918.0,Volume=0.0"
119650,2025-12-19,nonpositive_price,"Open=0.0,High=0.0,Low=0.0,Close=918.0,Volume=0.0"
119650,2025-12-22,nonpositive_price,"Open=0.0,High=0.0,Low=0.0,Close=918.0,Volume=0.0"
119650,2025-12-23,nonpositive_price,"Open=0.0,High=0.0,Low=0.0,Close=918.0,Volume=0.0"
119650,2025-12-24,nonpositive_price,"Open=0.0,High=0.0,Low=0.0,Close=918.0,Volume=0.0"
119650,2025-12-26,nonpositive_price,"Open=0.0,High=0.0,Low=0.0,Close=918.0,Volume=0.0"
119650,2025-12-29,nonpositive_price,"Open=0.0,High=0.0,Low=0.0,Close=918.0,Volume=0.0"
119650,2025-12-30,nonpositive_price,"Open=0.0,High=0.0,Low=0.0,Close=918.0,Volume=0.0"
119650,2026-01-02,nonpositive_price,"Open=0.0,High=0.0,Low=0.0,Close=918.0,Volume=0.0"
119650,2026-01-05,nonpositive_price,"Open=0.0,High=0.0,Low=0.0,Close=918.0,Volume=0.0"
119650,2026-01-06,nonpositive_price,"Open=0.0,High=0.0,Low=0.0,Close=918.0,Volume=0.0"
119650,2026-01-07,nonpositive_price,"Open=0.0,High=0.0,Low=0.0,Close=918.0,Volume=0.0"
119650,2026-01-08,nonpositive_price,"Open=0.0,High=0.0,Low=0.0,Close=918.0,Volume=0.0"
119650,2026-01-09,nonpositive_price,"Open=0.0,High=0.0,Low=0.0,Close=918.0,Volume=0.0"
119650,2026-01-12,nonpositive_price,"Open=0.0,High=0.0,Low=0.0,Close=918.0,Volume=0.0"
119650,2026-01-13,nonpositive_price,"Open=0.0,High=0.0,Low=0.0,Close=918.0,Volume=0.0"
119650,2026-01-14,nonpositive_price,"Open=0.0,High=0.0,Low=0.0,Close=918.0,Volume=0.0"
119650,2026-01-15,nonpositive_price,"Open=0.0,High=0.0,Low=0.0,Close=918.0,Volume=0.0"
119650,2026-01-16,nonpositive_price,"Open=0.0,High=0.0,Low=0.0,Close=918.0,Volume=0.0"
119650,2026-01-19,nonpositive_price,"Open=0.0,High=0.0,Low=0.0,Close=918.0,Volume=0.0"
119650,2026-01-20,nonpositive_price,"Open=0.0,High=0.0,Low=0.0,Close=918.0,Volume=0.0"
119650,2026-01-21,nonpositive_price,"Open=0.0,High=0.0,Low=0.0,Close=918.0,Volume=0.0"
119650,2026-01-22,nonpositive_price,"Open=0.0,High=0.0,Low=0.0,Close=918.0,Volume=0.0"
119650,2026-01-23,nonpositive_price,"Open=0.0,High=0.0,Low=0.0,Close=918.0,Volume=0.0"
119650,2026-01-26,nonpositive_price,"Open=0.0,High=0.0,Low=0.0,Close=918.0,Volume=0.0"
119650,2026-01-27,nonpositive_price,"Open=0.0,High=0.0,Low=0.0,Close=918.0,Volume=0.0"
119650,2026-01-28,nonpositive_price,"Open=0.0,High=0.0,Low=0.0,Close=918.0,Volume=0.0"
119650,2026-01-29,nonpositive_price,"Open=0.0,High=0.0,Low=0.0,Close=918.0,Volume=0.0"
119650,2026-01-30,nonpositive_price,"Open=0.0,High=0.0,Low=0.0,Close=918.0,Volume=0.0"
119650,2026-02-02,nonpositive_price,"Open=0.0,High=0.0,Low=0.0,Close=918.0,Volume=0.0"
119650,2026-02-03,nonpositive_price,"Open=0.0,High=0.0,Low=0.0,Close=918.0,Volume=0.0"
119650,2026-02-04,nonpositive_price,"Open=0.0,High=0.0,Low=0.0,Close=918.0,Volume=0.0"
119650,2026-02-05,nonpositive_price,"Open=0.0,High=0.0,Low=0.0,Close=918.0,Volume=0.0"
119650,2026-02-06,nonpositive_price,"Open=0.0,High=0.0,Low=0.0,Close=918.0,Volume=0.0"
119650,2026-02-09,nonpositive_price,"Open=0.0,High=0.0,Low=0.0,Close=918.0,Volume=0.0"
119650,2026-02-10,nonpositive_price,"Open=0.0,High=0.0,Low=0.0,Close=918.0,Volume=0.0"
119650,2026-02-11,nonpositive_price,"Open=0.0,High=0.0,Low=0.0,Close=918.0,Volume=0.0"
119650,2026-02-12,nonpositive_price,"Open=0.0,High=0.0,Low=0.0,Close=918.0,Volume=0.0"
119650,2026-02-13,nonpositive_price,"Open=0.0,High=0.0,Low=0.0,Close=918.0,Volume=0.0"
119650,2026-02-19,nonpositive_price,"Open=0.0,High=0.0,Low=0.0,Close=918.0,Volume=0.0"
119650,2026-02-20,nonpositive_price,"Open=0.0,High=0.0,Low=0.0,Close=918.0,Volume=0.0"
119650,2026-02-23,nonpositive_price,"Open=0.0,High=0.0,Low=0.0,Close=918.0,Volume=0.0"
119650,2026-02-24,nonpositive_price,"Open=0.0,High=0.0,Low=0.0,Close=918.0,Volume=0.0"
119650,2026-02-25,nonpositive_price,"Open=0.0,High=0.0,Low=0.0,Close=918.0,Volume=0.0"
119650,2026-02-26,nonpositive_price,"Open=0.0,High=0.0,Low=0.0,Close=918.0,Volume=0.0"
119650,2026-02-27,nonpositive_price,"Open=0.0,High=0.0,Low=0.0,Close=918.0,Volume=0.0"
138360,2022-12-26,nonpositive_price,"Open=0.0,High=0.0,Low=0.0,Close=4480.0,Volume=0.0"
138360,2022-12-27,nonpositive_price,"Open=0.0,High=0.0,Low=0.0,Close=4480.0,Volume=0.0"
138360,2022-12-28,nonpositive_price,"Open=0.0,High=0.0,Low=0.0,Close=4480.0,Volume=0.0"
138360,2022-12-29,nonpositive_price,"Open=0.0,High=0.0,Low=0.0,Close=4480.0,Volume=0.0"
138360,2023-01-02,nonpositive_price,"Open=0.0,High=0.0,Low=0.0,Close=4480.0,Volume=0.0"
138360,2023-01-03,nonpositive_price,"Open=0.0,High=0.0,Low=0.0,Close=4480.0,Volume=0.0"
138360,2023-01-04,nonpositive_price,"Open=0.0,High=0.0,Low=0.0,Close=4480.0,Volume=0.0"
138360,2023-01-05,nonpositive_price,"Open=0.0,High=0.0,Low=0.0,Close=4480.0,Volume=0.0"
138360,2023-01-06,nonpositive_price,"Open=0.0,High=0.0,Low=0.0,Close=4480.0,Volume=0.0"
138360,2023-01-09,nonpositive_price,"Open=0.0,High=0.0,Low=0.0,Close=4480.0,Volume=0.0"
138360,2023-01-10,nonpositive_price,"Open=0.0,High=0.0,Low=0.0,Close=4480.0,Volume=0.0"
138360,2023-01-11,nonpositive_price,"Open=0.0,High=0.0,Low=0.0,Close=4480.0,Volume=0.0"
138360,2023-01-12,nonpositive_price,"Open=0.0,High=0.0,Low=0.0,Close=4480.0,Volume=0.0"
138360,2023-01-13,nonpositive_price,"Open=0.0,High=0.0,Low=0.0,Close=4480.0,Volume=0.0"
138360,2023-01-16,nonpositive_price,"Open=0.0,High=0.0,Low=0.0,Close=4480.0,Volume=0.0"
138360,2023-01-17,nonpositive_price,"Open=0.0,High=0.0,Low=0.0,Close=4480.0,Volume=0.0"
138360,2023-01-18,nonpositive_price,"Open=0.0,High=0.0,Low=0.0,Close=4480.0,Volume=0.0"
138360,2023-01-19,nonpositive_price,"Open=0.0,High=0.0,Low=0.0,Close=4480.0,Volume=0.0"
138360,2023-01-20,nonpositive_price,"Open=0.0,High=0.0,Low=0.0,Close=4480.0,Volume=0.0"
138360,2023-01-25,nonpositive_price,"Open=0.0,High=0.0,Low=0.0,Close=4480.0,Volume=0.0"
138360,2023-01-26,nonpositive_price,"Open=0.0,High=0.0,Low=0.0,Close=4480.0,Volume=0.0"
138360,2026-01-23,nonpositive_price,"Open=0.0,High=0.0,Low=0.0,Close=3260.0,Volume=0.0"
246250,2025-06-10,nonpositive_price,"Open=0.0,High=0.0,Low=0.0,Close=1969.0,Volume=0.0"
246250,2025-06-11,nonpositive_price,"Open=0.0,High=0.0,Low=0.0,Close=1969.0,Volume=0.0"
246250,2025-06-12,nonpositive_price,"Open=0.0,High=0.0,Low=0.0,Close=1969.0,Volume=0.0"
246250,2025-06-13,nonpositive_price,"Open=0.0,High=0.0,Low=0.0,Close=1969.0,Volume=0.0"
246250,2025-06-16,nonpositive_price,"Open=0.0,High=0.0,Low=0.0,Close=1969.0,Volume=0.0"
246250,2025-06-17,nonpositive_price,"Open=0.0,High=0.0,Low=0.0,Close=1969.0,Volume=0.0"
246250,2025-06-18,nonpositive_price,"Open=0.0,High=0.0,Low=0.0,Close=1969.0,Volume=0.0"
246250,2025-06-19,nonpositive_price,"Open=0.0,High=0.0,Low=0.0,Close=1969.0,Volume=0.0"
246250,2025-06-20,nonpositive_price,"Open=0.0,High=0.0,Low=0.0,Close=1969.0,Volume=0.0"
246250,2025-06-23,nonpositive_price,"Open=0.0,High=0.0,Low=0.0,Close=1969.0,Volume=0.0"
246250,2025-06-24,nonpositive_price,"Open=0.0,High=0.0,Low=0.0,Close=1969.0,Volume=0.0"
246250,2025-06-25,nonpositive_price,"Open=0.0,High=0.0,Low=0.0,Close=1969.0,Volume=0.0"
246250,2025-06-26,nonpositive_price,"Open=0.0,High=0.0,Low=0.0,Close=1969.0,Volume=0.0"
246250,2025-06-27,nonpositive_price,"Open=0.0,High=0.0,Low=0.0,Close=1969.0,Volume=0.0"
246250,2025-06-30,nonpositive_price,"Open=0.0,High=0.0,Low=0.0,Close=1969.0,Volume=0.0"
246250,2025-07-01,nonpositive_price,"Open=0.0,High=0.0,Low=0.0,Close=1969.0,Volume=0.0"
246250,2025-07-02,nonpositive_price,"Open=0.0,High=0.0,Low=0.0,Close=1969.0,Volume=0.0"
246250,2025-07-03,nonpositive_price,"Open=0.0,High=0.0,Low=0.0,Close=1969.0,Volume=0.0"
246250,2025-07-04,nonpositive_price,"Open=0.0,High=0.0,Low=0.0,Close=1969.0,Volume=0.0"
246250,2025-07-07,nonpositive_price,"Open=0.0,High=0.0,Low=0.0,Close=1969.0,Volume=0.0"
246250,2025-07-08,nonpositive_price,"Open=0.0,High=0.0,Low=0.0,Close=1969.0,Volume=0.0"
246250,2025-07-09,nonpositive_price,"Open=0.0,High=0.0,Low=0.0,Close=1969.0,Volume=0.0"
246250,2025-07-10,nonpositive_price,"Open=0.0,High=0.0,Low=0.0,Close=1969.0,Volume=0.0"
246250,2025-07-11,nonpositive_price,"Open=0.0,High=0.0,Low=0.0,Close=1969.0,Volume=0.0"
246250,2025-07-14,nonpositive_price,"Open=0.0,High=0.0,Low=0.0,Close=1969.0,Volume=0.0"
246250,2025-07-15,nonpositive_price,"Open=0.0,High=0.0,Low=0.0,Close=1969.0,Volume=0.0"
246250,2025-07-16,nonpositive_price,"Open=0.0,High=0.0,Low=0.0,Close=1969.0,Volume=0.0"
246250,2025-07-17,nonpositive_price,"Open=0.0,High=0.0,Low=0.0,Close=1969.0,Volume=0.0"
246250,2025-07-18,nonpositive_price,"Open=0.0,High=0.0,Low=0.0,Close=1969.0,Volume=0.0"
246250,2025-07-21,nonpositive_price,"Open=0.0,High=0.0,Low=0.0,Close=1969.0,Volume=0.0"
246250,2025-07-22,nonpositive_price,"Open=0.0,High=0.0,Low=0.0,Close=1969.0,Volume=0.0"
246250,2025-07-23,nonpositive_price,"Open=0.0,High=0.0,Low=0.0,Close=1969.0,Volume=0.0"
246250,2025-07-24,nonpositive_price,"Open=0.0,High=0.0,Low=0.0,Close=1969.0,Volume=0.0"
246250,2025-07-25,nonpositive_price,"Open=0.0,High=0.0,Low=0.0,Close=1969.0,Volume=0.0"
246250,2025-07-28,nonpositive_price,"Open=0.0,High=0.0,Low=0.0,Close=1969.0,Volume=0.0"
246250,2025-07-29,nonpositive_price,"Open=0.0,High=0.0,Low=0.0,Close=1969.0,Volume=0.0"
246250,2025-07-30,nonpositive_price,"Open=0.0,High=0.0,Low=0.0,Close=1969.0,Volume=0.0"
246250,2025-07-31,nonpositive_price,"Open=0.0,High=0.0,Low=0.0,Close=1969.0,Volume=0.0"
246250,2025-08-01,nonpositive_price,"Open=0.0,High=0.0,Low=0.0,Close=1969.0,Volume=0.0"
246250,2025-08-04,nonpositive_price,"Open=0.0,High=0.0,Low=0.0,Close=1969.0,Volume=0.0"
246250,2025-08-05,nonpositive_price,"Open=0.0,High=0.0,Low=0.0,Close=1969.0,Volume=0.0"
246250,2025-08-06,nonpositive_price,"Open=0.0,High=0.0,Low=0.0,Close=1969.0,Volume=0.0"
246250,2025-08-07,nonpositive_price,"Open=0.0,High=0.0,Low=0.0,Close=1969.0,Volume=0.0"
246250,2025-08-08,nonpositive_price,"Open=0.0,High=0.0,Low=0.0,Close=1969.0,Volume=0.0"
246250,2025-08-11,nonpositive_price,"Open=0.0,High=0.0,Low=0.0,Close=1969.0,Volume=0.0"
246250,2025-08-12,nonpositive_price,"Open=0.0,High=0.0,Low=0.0,Close=1969.0,Volume=0.0"
246250,2025-08-13,nonpositive_price,"Open=0.0,High=0.0,Low=0.0,Close=1969.0,Volume=0.0"
246250,2025-08-14,nonpositive_price,"Open=0.0,High=0.0,Low=0.0,Close=1969.0,Volume=0.0"
246250,2025-08-18,nonpositive_price,"Open=0.0,High=0.0,Low=0.0,Close=1969.0,Volume=0.0"
246250,2025-08-19,nonpositive_price,"Open=0.0,High=0.0,Low=0.0,Close=1969.0,Volume=0.0"
246250,2025-08-20,nonpositive_price,"Open=0.0,High=0.0,Low=0.0,Close=1969.0,Volume=0.0"
246250,2025-08-21,nonpositive_price,"Open=0.0,High=0.0,Low=0.0,Close=1969.0,Volume=0.0"
246250,2025-08-22,nonpositive_price,"Open=0.0,High=0.0,Low=0.0,Close=1969.0,Volume=0.0"
246250,2025-08-25,nonpositive_price,"Open=0.0,High=0.0,Low=0.0,Close=1969.0,Volume=0.0"
246250,2025-08-26,nonpositive_price,"Open=0.0,High=0.0,Low=0.0,Close=1969.0,Volume=0.0"
246250,2025-08-27,nonpositive_price,"Open=0.0,High=0.0,Low=0.0,Close=1969.0,Volume=0.0"
246250,2025-08-28,nonpositive_price,"Open=0.0,High=0.0,Low=0.0,Close=1969.0,Volume=0.0"
246250,2025-08-29,nonpositive_price,"Open=0.0,High=0.0,Low=0.0,Close=1969.0,Volume=0.0"
246250,2025-09-01,nonpositive_price,"Open=0.0,High=0.0,Low=0.0,Close=1969.0,Volume=0.0"
246250,2025-09-02,nonpositive_price,"Open=0.0,High=0.0,Low=0.0,Close=1969.0,Volume=0.0"
246250,2025-09-03,nonpositive_price,"Open=0.0,High=0.0,Low=0.0,Close=1969.0,Volume=0.0"
246250,2025-09-04,nonpositive_price,"Open=0.0,High=0.0,Low=0.0,Close=1969.0,Volume=0.0"
246250,2025-09-05,nonpositive_price,"Open=0.0,High=0.0,Low=0.0,Close=1969.0,Volume=0.0"
246250,2025-09-08,nonpositive_price,"Open=0.0,High=0.0,Low=0.0,Close=1969.0,Volume=0.0"
246250,2025-09-09,nonpositive_price,"Open=0.0,High=0.0,Low=0.0,Close=1969.0,Volume=0.0"
246250,2025-09-10,nonpositive_price,"Open=0.0,High=0.0,Low=0.0,Close=1969.0,Volume=0.0"
246250,2025-09-11,nonpositive_price,"Open=0.0,High=0.0,Low=0.0,Close=1969.0,Volume=0.0"
246250,2025-09-12,nonpositive_price,"Open=0.0,High=0.0,Low=0.0,Close=1969.0,Volume=0.0"
246250,2025-09-15,nonpositive_price,"Open=0.0,High=0.0,Low=0.0,Close=1969.0,Volume=0.0"
246250,2025-09-16,nonpositive_price,"Open=0.0,High=0.0,Low=0.0,Close=1969.0,Volume=0.0"
246250,2025-09-17,nonpositive_price,"Open=0.0,High=0.0,Low=0.0,Close=1969.0,Volume=0.0"
246250,2025-09-18,nonpositive_price,"Open=0.0,High=0.0,Low=0.0,Close=1969.0,Volume=0.0"
246250,2025-09-19,nonpositive_price,"Open=0.0,High=0.0,Low=0.0,Close=1969.0,Volume=0.0"
246250,2025-09-22,nonpositive_price,"Open=0.0,High=0.0,Low=0.0,Close=1969.0,Volume=0.0"
246250,2025-09-23,nonpositive_price,"Open=0.0,High=0.0,Low=0.0,Close=1969.0,Volume=0.0"
246250,2025-09-24,nonpositive_price,"Open=0.0,High=0.0,Low=0.0,Close=1969.0,Volume=0.0"
246250,2025-09-25,nonpositive_price,"Open=0.0,High=0.0,Low=0.0,Close=1969.0,Volume=0.0"
246250,2025-09-26,nonpositive_price,"Open=0.0,High=0.0,Low=0.0,Close=1969.0,Volume=0.0"
246250,2025-09-29,nonpositive_price,"Open=0.0,High=0.0,Low=0.0,Close=1969.0,Volume=0.0"
246250,2025-09-30,nonpositive_price,"Open=0.0,High=0.0,Low=0.0,Close=1969.0,Volume=0.0"
246250,2025-10-01,nonpositive_price,"Open=0.0,High=0.0,Low=0.0,Close=1969.0,Volume=0.0"
246250,2025-10-02,nonpositive_price,"Open=0.0,High=0.0,Low=0.0,Close=1969.0,Volume=0.0"
246250,2025-10-10,nonpositive_price,"Open=0.0,High=0.0,Low=0.0,Close=1969.0,Volume=0.0"
246250,2025-10-13,nonpositive_price,"Open=0.0,High=0.0,Low=0.0,Close=1969.0,Volume=0.0"
246250,2025-10-14,nonpositive_price,"Open=0.0,High=0.0,Low=0.0,Close=1969.0,Volume=0.0"
246250,2025-10-15,nonpositive_price,"Open=0.0,High=0.0,Low=0.0,Close=1969.0,Volume=0.0"
246250,2025-10-16,nonpositive_price,"Open=0.0,High=0.0,Low=0.0,Close=1969.0,Volume=0.0"
246250,2025-10-17,nonpositive_price,"Open=0.0,High=0.0,Low=0.0,Close=1969.0,Volume=0.0"
246250,2025-10-20,nonpositive_price,"Open=0.0,High=0.0,Low=0.0,Close=1969.0,Volume=0.0"
246250,2025-10-21,nonpositive_price,"Open=0.0,High=0.0,Low=0.0,Close=1969.0,Volume=0.0"
246250,2025-10-22,nonpositive_price,"Open=0.0,High=0.0,Low=0.0,Close=1969.0,Volume=0.0"
246250,2025-10-23,nonpositive_price,"Open=0.0,High=0.0,Low=0.0,Close=1969.0,Volume=0.0"
246250,2025-10-24,nonpositive_price,"Open=0.0,High=0.0,Low=0.0,Close=1969.0,Volume=0.0"
246250,2025-10-27,nonpositive_price,"Open=0.0,High=0.0,Low=0.0,Close=1969.0,Volume=0.0"
246250,2025-10-28,nonpositive_price,"Open=0.0,High=0.0,Low=0.0,Close=1969.0,Volume=0.0"
246250,2025-10-29,nonpositive_price,"Open=0.0,High=0.0,Low=0.0,Close=1969.0,Volume=0.0"
246250,2025-10-30,nonpositive_price,"Open=0.0,High=0.0,Low=0.0,Close=1969.0,Volume=0.0"
246250,2025-10-31,nonpositive_price,"Open=0.0,High=0.0,Low=0.0,Close=1969.0,Volume=0.0"
246250,2025-11-03,nonpositive_price,"Open=0.0,High=0.0,Low=0.0,Close=1969.0,Volume=0.0"
246250,2025-11-04,nonpositive_price,"Open=0.0,High=0.0,Low=0.0,Close=1969.0,Volume=0.0"
246250,2025-11-05,nonpositive_price,"Open=0.0,High=0.0,Low=0.0,Close=1969.0,Volume=0.0"
246250,2025-11-06,nonpositive_price,"Open=0.0,High=0.0,Low=0.0,Close=1969.0,Volume=0.0"
246250,2025-11-07,nonpositive_price,"Open=0.0,High=0.0,Low=0.0,Close=1969.0,Volume=0.0"
246250,2025-11-10,nonpositive_price,"Open=0.0,High=0.0,Low=0.0,Close=1969.0,Volume=0.0"
246250,2025-11-11,nonpositive_price,"Open=0.0,High=0.0,Low=0.0,Close=1969.0,Volume=0.0"
246250,2025-11-12,nonpositive_price,"Open=0.0,High=0.0,Low=0.0,Close=1969.0,Volume=0.0"
246250,2025-11-13,nonpositive_price,"Open=0.0,High=0.0,Low=0.0,Close=1969.0,Volume=0.0"
246250,2025-11-14,nonpositive_price,"Open=0.0,High=0.0,Low=0.0,Close=1969.0,Volume=0.0"
246250,2025-11-17,nonpositive_price,"Open=0.0,High=0.0,Low=0.0,Close=1969.0,Volume=0.0"
246250,2025-11-18,nonpositive_price,"Open=0.0,High=0.0,Low=0.0,Close=1969.0,Volume=0.0"
246250,2025-11-19,nonpositive_price,"Open=0.0,High=0.0,Low=0.0,Close=1969.0,Volume=0.0"
246250,2025-11-20,nonpositive_price,"Open=0.0,High=0.0,Low=0.0,Close=1969.0,Volume=0.0"
246250,2025-11-21,nonpositive_price,"Open=0.0,High=0.0,Low=0.0,Close=1969.0,Volume=0.0"
246250,2025-11-24,nonpositive_price,"Open=0.0,High=0.0,Low=0.0,Close=1969.0,Volume=0.0"
246250,2025-11-25,nonpositive_price,"Open=0.0,High=0.0,Low=0.0,Close=1969.0,Volume=0.0"
246250,2025-11-26,nonpositive_price,"Open=0.0,High=0.0,Low=0.0,Close=1969.0,Volume=0.0"
246250,2025-11-27,nonpositive_price,"Open=0.0,High=0.0,Low=0.0,Close=1969.0,Volume=0.0"
246250,2025-11-28,nonpositive_price,"Open=0.0,High=0.0,Low=0.0,Close=1969.0,Volume=0.0"
246250,2025-12-01,nonpositive_price,"Open=0.0,High=0.0,Low=0.0,Close=1969.0,Volume=0.0"
246250,2025-12-02,nonpositive_price,"Open=0.0,High=0.0,Low=0.0,Close=1969.0,Volume=0.0"
246250,2025-12-03,nonpositive_price,"Open=0.0,High=0.0,Low=0.0,Close=1969.0,Volume=0.0"
246250,2025-12-04,nonpositive_price,"Open=0.0,High=0.0,Low=0.0,Close=1969.0,Volume=0.0"
246250,2025-12-05,nonpositive_price,"Open=0.0,High=0.0,Low=0.0,Close=1969.0,Volume=0.0"
246250,2025-12-08,nonpositive_price,"Open=0.0,High=0.0,Low=0.0,Close=1969.0,Volume=0.0"
246250,2025-12-09,nonpositive_price,"Open=0.0,High=0.0,Low=0.0,Close=1969.0,Volume=0.0"
246250,2025-12-10,nonpositive_price,"Open=0.0,High=0.0,Low=0.0,Close=1969.0,Volume=0.0"
246250,2025-12-11,nonpositive_price,"Open=0.0,High=0.0,Low=0.0,Close=1969.0,Volume=0.0"
246250,2025-12-12,nonpositive_price,"Open=0.0,High=0.0,Low=0.0,Close=1969.0,Volume=0.0"
246250,2025-12-15,nonpositive_price,"Open=0.0,High=0.0,Low=0.0,Close=1969.0,Volume=0.0"
246250,2025-12-16,nonpositive_price,"Open=0.0,High=0.0,Low=0.0,Close=1969.0,Volume=0.0"
246250,2025-12-17,nonpositive_price,"Open=0.0,High=0.0,Low=0.0,Close=1969.0,Volume=0.0"
246250,2025-12-18,nonpositive_price,"Open=0.0,High=0.0,Low=0.0,Close=1969.0,Volume=0.0"
246250,2025-12-19,nonpositive_price,"Open=0.0,High=0.0,Low=0.0,Close=1969.0,Volume=0.0"
246250,2025-12-22,nonpositive_price,"Open=0.0,High=0.0,Low=0.0,Close=1969.0,Volume=0.0"
246250,2025-12-23,nonpositive_price,"Open=0.0,High=0.0,Low=0.0,Close=1969.0,Volume=0.0"
246250,2025-12-24,nonpositive_price,"Open=0.0,High=0.0,Low=0.0,Close=1969.0,Volume=0.0"
246250,2025-12-26,nonpositive_price,"Open=0.0,High=0.0,Low=0.0,Close=1969.0,Volume=0.0"
246250,2025-12-29,nonpositive_price,"Open=0.0,High=0.0,Low=0.0,Close=1969.0,Volume=0.0"
246250,2025-12-30,nonpositive_price,"Open=0.0,High=0.0,Low=0.0,Close=1969.0,Volume=0.0"
246250,2026-01-02,nonpositive_price,"Open=0.0,High=0.0,Low=0.0,Close=1969.0,Volume=0.0"
246250,2026-01-05,nonpositive_price,"Open=0.0,High=0.0,Low=0.0,Close=1969.0,Volume=0.0"
246250,2026-01-06,nonpositive_price,"Open=0.0,High=0.0,Low=0.0,Close=1969.0,Volume=0.0"
246250,2026-01-07,nonpositive_price,"Open=0.0,High=0.0,Low=0.0,Close=1969.0,Volume=0.0"
246250,2026-01-08,nonpositive_price,"Open=0.0,High=0.0,Low=0.0,Close=1969.0,Volume=0.0"
246250,2026-01-09,nonpositive_price,"Open=0.0,High=0.0,Low=0.0,Close=1969.0,Volume=0.0"
246250,2026-01-12,nonpositive_price,"Open=0.0,High=0.0,Low=0.0,Close=1969.0,Volume=0.0"
246250,2026-01-13,nonpositive_price,"Open=0.0,High=0.0,Low=0.0,Close=1969.0,Volume=0.0"
246250,2026-01-14,nonpositive_price,"Open=0.0,High=0.0,Low=0.0,Close=1969.0,Volume=0.0"
246250,2026-01-15,nonpositive_price,"Open=0.0,High=0.0,Low=0.0,Close=1969.0,Volume=0.0"
246250,2026-01-16,nonpositive_price,"Open=0.0,High=0.0,Low=0.0,Close=1969.0,Volume=0.0"
246250,2026-01-19,nonpositive_price,"Open=0.0,High=0.0,Low=0.0,Close=1969.0,Volume=0.0"
246250,2026-01-20,nonpositive_price,"Open=0.0,High=0.0,Low=0.0,Close=1969.0,Volume=0.0"
246250,2026-01-21,nonpositive_price,"Open=0.0,High=0.0,Low=0.0,Close=1969.0,Volume=0.0"
246250,2026-01-22,nonpositive_price,"Open=0.0,High=0.0,Low=0.0,Close=1969.0,Volume=0.0"
246250,2026-01-23,nonpositive_price,"Open=0.0,High=0.0,Low=0.0,Close=1969.0,Volume=0.0"
246250,2026-01-26,nonpositive_price,"Open=0.0,High=0.0,Low=0.0,Close=1969.0,Volume=0.0"
246250,2026-01-27,nonpositive_price,"Open=0.0,High=0.0,Low=0.0,Close=1969.0,Volume=0.0"
246250,2026-01-28,nonpositive_price,"Open=0.0,High=0.0,Low=0.0,Close=1969.0,Volume=0.0"
246250,2026-01-29,nonpositive_price,"Open=0.0,High=0.0,Low=0.0,Close=1969.0,Volume=0.0"
246250,2026-01-30,nonpositive_price,"Open=0.0,High=0.0,Low=0.0,Close=1969.0,Volume=0.0"
246250,2026-02-02,nonpositive_price,"Open=0.0,High=0.0,Low=0.0,Close=1969.0,Volume=0.0"
246250,2026-02-03,nonpositive_price,"Open=0.0,High=0.0,Low=0.0,Close=1969.0,Volume=0.0"
246250,2026-02-04,nonpositive_price,"Open=0.0,High=0.0,Low=0.0,Close=1969.0,Volume=0.0"
246250,2026-02-05,nonpositive_price,"Open=0.0,High=0.0,Low=0.0,Close=1969.0,Volume=0.0"
246250,2026-02-06,nonpositive_price,"Open=0.0,High=0.0,Low=0.0,Close=1969.0,Volume=0.0"
246250,2026-02-09,nonpositive_price,"Open=0.0,High=0.0,Low=0.0,Close=1969.0,Volume=0.0"
246250,2026-02-10,nonpositive_price,"Open=0.0,High=0.0,Low=0.0,Close=1969.0,Volume=0.0"
246250,2026-02-11,nonpositive_price,"Open=0.0,High=0.0,Low=0.0,Close=1969.0,Volume=0.0"
246250,2026-02-12,nonpositive_price,"Open=0.0,High=0.0,Low=0.0,Close=1969.0,Volume=0.0"
246250,2026-02-13,nonpositive_price,"Open=0.0,High=0.0,Low=0.0,Close=1969.0,Volume=0.0"
246250,2026-02-19,nonpositive_price,"Open=0.0,High=0.0,Low=0.0,Close=1969.0,Volume=0.0"
246250,2026-02-20,nonpositive_price,"Open=0.0,High=0.0,Low=0.0,Close=1969.0,Volume=0.0"
246250,2026-02-23,nonpositive_price,"Open=0.0,High=0.0,Low=0.0,Close=1969.0,Volume=0.0"
246250,2026-02-24,nonpositive_price,"Open=0.0,High=0.0,Low=0.0,Close=1969.0,Volume=0.0"
246250,2026-02-25,nonpositive_price,"Open=0.0,High=0.0,Low=0.0,Close=1969.0,Volume=0.0"
246250,2026-02-26,nonpositive_price,"Open=0.0,High=0.0,Low=0.0,Close=1969.0,Volume=0.0"
246250,2026-02-27,nonpositive_price,"Open=0.0,High=0.0,Low=0.0,Close=1969.0,Volume=0.0"
279600,2024-09-11,ohlc_inconsistent,"Open=11282.0,High=11403.0,Low=11270.0,Close=11416.0,Volume=400.0"
279600,2024-09-27,ohlc_inconsistent,"Open=13037.0,High=13787.0,Low=12843.0,Close=13788.0,Volume=5934.0"
279600,2024-10-08,nonpositive_price,"Open=0.0,High=0.0,Low=0.0,Close=13680.0,Volume=0.0"
279600,2024-10-10,nonpositive_price,"Open=0.0,High=0.0,Low=0.0,Close=13680.0,Volume=0.0"
279600,2024-10-11,nonpositive_price,"Open=0.0,High=0.0,Low=0.0,Close=13680.0,Volume=0.0"
279600,2024-10-14,nonpositive_price,"Open=0.0,High=0.0,Low=0.0,Close=13680.0,Volume=0.0"
279600,2024-10-15,nonpositive_price,"Open=0.0,High=0.0,Low=0.0,Close=13680.0,Volume=0.0"
279600,2024-10-16,nonpositive_price,"Open=0.0,High=0.0,Low=0.0,Close=13680.0,Volume=0.0"
279600,2024-10-17,nonpositive_price,"Open=0.0,High=0.0,Low=0.0,Close=13680.0,Volume=0.0"
279600,2024-10-18,nonpositive_price,"Open=0.0,High=0.0,Low=0.0,Close=13680.0,Volume=0.0"
279600,2024-10-21,nonpositive_price,"Open=0.0,High=0.0,Low=0.0,Close=13680.0,Volume=0.0"
279600,2024-10-22,nonpositive_price,"Open=0.0,High=0.0,Low=0.0,Close=13680.0,Volume=0.0"
279600,2024-10-23,nonpositive_price,"Open=0.0,High=0.0,Low=0.0,Close=13680.0,Volume=0.0"
279600,2024-10-24,nonpositive_price,"Open=0.0,High=0.0,Low=0.0,Close=13680.0,Volume=0.0"
279600,2024-10-25,nonpositive_price,"Open=0.0,High=0.0,Low=0.0,Close=13680.0,Volume=0.0"
279600,2024-10-28,nonpositive_price,"Open=0.0,High=0.0,Low=0.0,Close=13680.0,Volume=0.0"
279600,2024-10-29,nonpositive_price,"Open=0.0,High=0.0,Low=0.0,Close=13680.0,Volume=0.0"
279600,2024-10-30,nonpositive_price,"Open=0.0,High=0.0,Low=0.0,Close=13680.0,Volume=0.0"
279600,2024-10-31,nonpositive_price,"Open=0.0,High=0.0,Low=0.0,Close=13680.0,Volume=0.0"
279600,2024-11-01,nonpositive_price,"Open=0.0,High=0.0,Low=0.0,Close=13680.0,Volume=0.0"
279600,2024-11-04,nonpositive_price,"Open=0.0,High=0.0,Low=0.0,Close=13680.0,Volume=0.0"
279600,2024-11-05,nonpositive_price,"Open=0.0,High=0.0,Low=0.0,Close=13680.0,Volume=0.0"
279600,2024-11-06,nonpositive_price,"Open=0.0,High=0.0,Low=0.0,Close=13680.0,Volume=0.0"
279600,2024-11-07,nonpositive_price,"Open=0.0,High=0.0,Low=0.0,Close=13680.0,Volume=0.0"
279600,2024-11-08,nonpositive_price,"Open=0.0,High=0.0,Low=0.0,Close=13680.0,Volume=0.0"
279600,2024-11-11,nonpositive_price,"Open=0.0,High=0.0,Low=0.0,Close=13680.0,Volume=0.0"
279600,2024-11-12,nonpositive_price,"Open=0.0,High=0.0,Low=0.0,Close=13680.0,Volume=0.0"
279600,2024-11-13,nonpositive_price,"Open=0.0,High=0.0,Low=0.0,Close=13680.0,Volume=0.0"
279600,2024-11-14,nonpositive_price,"Open=0.0,High=0.0,Low=0.0,Close=13680.0,Volume=0.0"
279600,2024-11-15,nonpositive_price,"Open=0.0,High=0.0,Low=0.0,Close=13680.0,Volume=0.0"
279600,2024-11-18,nonpositive_price,"Open=0.0,High=0.0,Low=0.0,Close=13680.0,Volume=0.0"
279600,2024-11-19,nonpositive_price,"Open=0.0,High=0.0,Low=0.0,Close=13680.0,Volume=0.0"
279600,2024-11-20,nonpositive_price,"Open=0.0,High=0.0,Low=0.0,Close=13680.0,Volume=0.0"
279600,2024-11-21,nonpositive_price,"Open=0.0,High=0.0,Low=0.0,Close=13680.0,Volume=0.0"
279600,2024-11-22,nonpositive_price,"Open=0.0,High=0.0,Low=0.0,Close=13680.0,Volume=0.0"
279600,2024-11-25,nonpositive_price,"Open=0.0,High=0.0,Low=0.0,Close=13680.0,Volume=0.0"
279600,2024-11-26,nonpositive_price,"Open=0.0,High=0.0,Low=0.0,Close=13680.0,Volume=0.0"
279600,2024-11-27,nonpositive_price,"Open=0.0,High=0.0,Low=0.0,Close=13680.0,Volume=0.0"
279600,2024-11-28,nonpositive_price,"Open=0.0,High=0.0,Low=0.0,Close=13680.0,Volume=0.0"
279600,2024-11-29,nonpositive_price,"Open=0.0,High=0.0,Low=0.0,Close=13680.0,Volume=0.0"
279600,2024-12-02,nonpositive_price,"Open=0.0,High=0.0,Low=0.0,Close=13680.0,Volume=0.0"
279600,2024-12-03,nonpositive_price,"Open=0.0,High=0.0,Low=0.0,Close=13680.0,Volume=0.0"
279600,2024-12-04,nonpositive_price,"Open=0.0,High=0.0,Low=0.0,Close=13680.0,Volume=0.0"
279600,2024-12-05,nonpositive_price,"Open=0.0,High=0.0,Low=0.0,Close=13680.0,Volume=0.0"
279600,2024-12-06,nonpositive_price,"Open=0.0,High=0.0,Low=0.0,Close=13680.0,Volume=0.0"
279600,2024-12-09,nonpositive_price,"Open=0.0,High=0.0,Low=0.0,Close=13680.0,Volume=0.0"
279600,2024-12-10,nonpositive_price,"Open=0.0,High=0.0,Low=0.0,Close=13680.0,Volume=0.0"
279600,2024-12-11,nonpositive_price,"Open=0.0,High=0.0,Low=0.0,Close=13680.0,Volume=0.0"
279600,2024-12-12,nonpositive_price,"Open=0.0,High=0.0,Low=0.0,Close=13680.0,Volume=0.0"
279600,2024-12-13,nonpositive_price,"Open=0.0,High=0.0,Low=0.0,Close=13680.0,Volume=0.0"
279600,2024-12-16,nonpositive_price,"Open=0.0,High=0.0,Low=0.0,Close=13680.0,Volume=0.0"
279600,2024-12-17,nonpositive_price,"Open=0.0,High=0.0,Low=0.0,Close=13680.0,Volume=0.0"
279600,2024-12-18,nonpositive_price,"Open=0.0,High=0.0,Low=0.0,Close=13680.0,Volume=0.0"
279600,2024-12-19,nonpositive_price,"Open=0.0,High=0.0,Low=0.0,Close=13680.0,Volume=0.0"
279600,2024-12-20,nonpositive_price,"Open=0.0,High=0.0,Low=0.0,Close=13680.0,Volume=0.0"
279600,2024-12-23,nonpositive_price,"Open=0.0,High=0.0,Low=0.0,Close=13680.0,Volume=0.0"
279600,2024-12-24,nonpositive_price,"Open=0.0,High=0.0,Low=0.0,Close=13680.0,Volume=0.0"
279600,2024-12-26,nonpositive_price,"Open=0.0,High=0.0,Low=0.0,Close=13680.0,Volume=0.0"
279600,2024-12-27,nonpositive_price,"Open=0.0,High=0.0,Low=0.0,Close=13680.0,Volume=0.0"
279600,2024-12-30,nonpositive_price,"Open=0.0,High=0.0,Low=0.0,Close=13680.0,Volume=0.0"
279600,2025-01-02,nonpositive_price,"Open=0.0,High=0.0,Low=0.0,Close=13680.0,Volume=0.0"
279600,2025-01-03,nonpositive_price,"Open=0.0,High=0.0,Low=0.0,Close=13680.0,Volume=0.0"
279600,2025-01-06,nonpositive_price,"Open=0.0,High=0.0,Low=0.0,Close=13680.0,Volume=0.0"
279600,2025-01-07,nonpositive_price,"Open=0.0,High=0.0,Low=0.0,Close=13680.0,Volume=0.0"
279600,2025-01-08,nonpositive_price,"Open=0.0,High=0.0,Low=0.0,Close=13680.0,Volume=0.0"
279600,2025-01-09,nonpositive_price,"Open=0.0,High=0.0,Low=0.0,Close=13680.0,Volume=0.0"
279600,2025-01-10,nonpositive_price,"Open=0.0,High=0.0,Low=0.0,Close=13680.0,Volume=0.0"
279600,2025-01-13,nonpositive_price,"Open=0.0,High=0.0,Low=0.0,Close=13680.0,Volume=0.0"
279600,2025-01-14,nonpositive_price,"Open=0.0,High=0.0,Low=0.0,Close=13680.0,Volume=0.0"
279600,2025-01-15,nonpositive_price,"Open=0.0,High=0.0,Low=0.0,Close=13680.0,Volume=0.0"
279600,2025-01-16,nonpositive_price,"Open=0.0,High=0.0,Low=0.0,Close=13680.0,Volume=0.0"
279600,2025-01-17,nonpositive_price,"Open=0.0,High=0.0,Low=0.0,Close=13680.0,Volume=0.0"
279600,2025-01-20,nonpositive_price,"Open=0.0,High=0.0,Low=0.0,Close=13680.0,Volume=0.0"
279600,2025-01-21,nonpositive_price,"Open=0.0,High=0.0,Low=0.0,Close=13680.0,Volume=0.0"
279600,2025-01-22,nonpositive_price,"Open=0.0,High=0.0,Low=0.0,Close=13680.0,Volume=0.0"
279600,2025-01-23,nonpositive_price,"Open=0.0,High=0.0,Low=0.0,Close=13680.0,Volume=0.0"
279600,2025-01-24,nonpositive_price,"Open=0.0,High=0.0,Low=0.0,Close=13680.0,Volume=0.0"
279600,2025-01-31,nonpositive_price,"Open=0.0,High=0.0,Low=0.0,Close=13680.0,Volume=0.0"
279600,2025-02-03,nonpositive_price,"Open=0.0,High=0.0,Low=0.0,Close=13680.0,Volume=0.0"
279600,2025-02-04,nonpositive_price,"Open=0.0,High=0.0,Low=0.0,Close=13680.0,Volume=0.0"
279600,2025-02-05,nonpositive_price,"Open=0.0,High=0.0,Low=0.0,Close=13680.0,Volume=0.0"
279600,2025-02-06,nonpositive_price,"Open=0.0,High=0.0,Low=0.0,Close=13680.0,Volume=0.0"
279600,2025-02-07,nonpositive_price,"Open=0.0,High=0.0,Low=0.0,Close=13680.0,Volume=0.0"
279600,2025-02-10,nonpositive_price,"Open=0.0,High=0.0,Low=0.0,Close=13680.0,Volume=0.0"
279600,2025-02-11,nonpositive_price,"Open=0.0,High=0.0,Low=0.0,Close=13680.0,Volume=0.0"
279600,2025-02-12,nonpositive_price,"Open=0.0,High=0.0,Low=0.0,Close=13680.0,Volume=0.0"
279600,2025-02-13,nonpositive_price,"Open=0.0,High=0.0,Low=0.0,Close=13680.0,Volume=0.0"
279600,2025-02-14,nonpositive_price,"Open=0.0,High=0.0,Low=0.0,Close=13680.0,Volume=0.0"
279600,2025-02-17,nonpositive_price,"Open=0.0,High=0.0,Low=0.0,Close=13680.0,Volume=0.0"
279600,2025-02-18,nonpositive_price,"Open=0.0,High=0.0,Low=0.0,Close=13680.0,Volume=0.0"
279600,2025-02-19,nonpositive_price,"Open=0.0,High=0.0,Low=0.0,Close=13680.0,Volume=0.0"
279600,2025-02-20,nonpositive_price,"Open=0.0,High=0.0,Low=0.0,Close=13680.0,Volume=0.0"
279600,2025-02-21,nonpositive_price,"Open=0.0,High=0.0,Low=0.0,Close=13680.0,Volume=0.0"
279600,2025-02-24,nonpositive_price,"Open=0.0,High=0.0,Low=0.0,Close=13680.0,Volume=0.0"
279600,2025-02-25,nonpositive_price,"Open=0.0,High=0.0,Low=0.0,Close=13680.0,Volume=0.0"
279600,2025-02-26,nonpositive_price,"Open=0.0,High=0.0,Low=0.0,Close=13680.0,Volume=0.0"
279600,2025-03-07,nonpositive_price,"Open=0.0,High=0.0,Low=0.0,Close=13680.0,Volume=0.0"
279600,2025-03-10,nonpositive_price,"Open=0.0,High=0.0,Low=0.0,Close=13680.0,Volume=0.0"
279600,2025-03-11,nonpositive_price,"Open=0.0,High=0.0,Low=0.0,Close=13680.0,Volume=0.0"
279600,2025-03-12,nonpositive_price,"Open=0.0,High=0.0,Low=0.0,Close=13680.0,Volume=0.0"
279600,2025-03-13,nonpositive_price,"Open=0.0,High=0.0,Low=0.0,Close=13680.0,Volume=0.0"
279600,2025-03-14,nonpositive_price,"Open=0.0,High=0.0,Low=0.0,Close=13680.0,Volume=0.0"
279600,2025-03-17,nonpositive_price,"Open=0.0,High=0.0,Low=0.0,Close=13680.0,Volume=0.0"
279600,2025-03-18,nonpositive_price,"Open=0.0,High=0.0,Low=0.0,Close=13680.0,Volume=0.0"
279600,2025-03-19,nonpositive_price,"Open=0.0,High=0.0,Low=0.0,Close=13680.0,Volume=0.0"
279600,2025-03-20,nonpositive_price,"Open=0.0,High=0.0,Low=0.0,Close=13680.0,Volume=0.0"
279600,2025-03-21,nonpositive_price,"Open=0.0,High=0.0,Low=0.0,Close=13680.0,Volume=0.0"
279600,2025-03-24,nonpositive_price,"Open=0.0,High=0.0,Low=0.0,Close=13680.0,Volume=0.0"
279600,2025-03-25,nonpositive_price,"Open=0.0,High=0.0,Low=0.0,Close=13680.0,Volume=0.0"
279600,2025-03-26,nonpositive_price,"Open=0.0,High=0.0,Low=0.0,Close=13680.0,Volume=0.0"
279600,2025-03-27,nonpositive_price,"Open=0.0,High=0.0,Low=0.0,Close=13680.0,Volume=0.0"
279600,2025-03-28,nonpositive_price,"Open=0.0,High=0.0,Low=0.0,Close=13680.0,Volume=0.0"
279600,2025-03-31,nonpositive_price,"Open=0.0,High=0.0,Low=0.0,Close=13680.0,Volume=0.0"
279600,2025-04-01,nonpositive_price,"Open=0.0,High=0.0,Low=0.0,Close=13680.0,Volume=0.0"
279600,2025-04-02,nonpositive_price,"Open=0.0,High=0.0,Low=0.0,Close=13680.0,Volume=0.0"
279600,2025-04-03,nonpositive_price,"Open=0.0,High=0.0,Low=0.0,Close=13680.0,Volume=0.0"
279600,2025-04-04,nonpositive_price,"Open=0.0,High=0.0,Low=0.0,Close=13680.0,Volume=0.0"
279600,2025-04-07,nonpositive_price,"Open=0.0,High=0.0,Low=0.0,Close=13680.0,Volume=0.0"
279600,2025-04-08,nonpositive_price,"Open=0.0,High=0.0,Low=0.0,Close=13680.0,Volume=0.0"
279600,2025-04-09,nonpositive_price,"Open=0.0,High=0.0,Low=0.0,Close=13680.0,Volume=0.0"
279600,2025-04-10,nonpositive_price,"Open=0.0,High=0.0,Low=0.0,Close=13680.0,Volume=0.0"
279600,2025-04-11,nonpositive_price,"Open=0.0,High=0.0,Low=0.0,Close=13680.0,Volume=0.0"
279600,2025-04-14,nonpositive_price,"Open=0.0,High=0.0,Low=0.0,Close=13680.0,Volume=0.0"
279600,2025-04-15,nonpositive_price,"Open=0.0,High=0.0,Low=0.0,Close=13680.0,Volume=0.0"
279600,2025-04-16,nonpositive_price,"Open=0.0,High=0.0,Low=0.0,Close=13680.0,Volume=0.0"
279600,2025-04-17,nonpositive_price,"Open=0.0,High=0.0,Low=0.0,Close=13680.0,Volume=0.0"
279600,2025-04-18,nonpositive_price,"Open=0.0,High=0.0,Low=0.0,Close=13680.0,Volume=0.0"
279600,2025-04-21,nonpositive_price,"Open=0.0,High=0.0,Low=0.0,Close=13680.0,Volume=0.0"
279600,2025-04-22,nonpositive_price,"Open=0.0,High=0.0,Low=0.0,Close=13680.0,Volume=0.0"
279600,2025-04-23,nonpositive_price,"Open=0.0,High=0.0,Low=0.0,Close=13680.0,Volume=0.0"
279600,2025-04-24,nonpositive_price,"Open=0.0,High=0.0,Low=0.0,Close=13680.0,Volume=0.0"
279600,2025-04-25,nonpositive_price,"Open=0.0,High=0.0,Low=0.0,Close=13680.0,Volume=0.0"
279600,2025-04-28,nonpositive_price,"Open=0.0,High=0.0,Low=0.0,Close=13680.0,Volume=0.0"
279600,2025-04-29,nonpositive_price,"Open=0.0,High=0.0,Low=0.0,Close=13680.0,Volume=0.0"
279600,2025-04-30,nonpositive_price,"Open=0.0,High=0.0,Low=0.0,Close=13680.0,Volume=0.0"
279600,2025-05-02,nonpositive_price,"Open=0.0,High=0.0,Low=0.0,Close=13680.0,Volume=0.0"
279600,2025-05-07,nonpositive_price,"Open=0.0,High=0.0,Low=0.0,Close=13680.0,Volume=0.0"
279600,2025-05-08,nonpositive_price,"Open=0.0,High=0.0,Low=0.0,Close=13680.0,Volume=0.0"
279600,2025-05-09,nonpositive_price,"Open=0.0,High=0.0,Low=0.0,Close=13680.0,Volume=0.0"
279600,2025-05-12,nonpositive_price,"Open=0.0,High=0.0,Low=0.0,Close=13680.0,Volume=0.0"
279600,2025-05-13,nonpositive_price,"Open=0.0,High=0.0,Low=0.0,Close=13680.0,Volume=0.0"
279600,2025-05-14,nonpositive_price,"Open=0.0,High=0.0,Low=0.0,Close=13680.0,Volume=0.0"
279600,2025-05-15,nonpositive_price,"Open=0.0,High=0.0,Low=0.0,Close=13680.0,Volume=0.0"
279600,2025-05-16,nonpositive_price,"Open=0.0,High=0.0,Low=0.0,Close=13680.0,Volume=0.0"
279600,2025-05-19,nonpositive_price,"Open=0.0,High=0.0,Low=0.0,Close=13680.0,Volume=0.0"
279600,2025-05-20,nonpositive_price,"Open=0.0,High=0.0,Low=0.0,Close=13680.0,Volume=0.0"
279600,2025-05-21,nonpositive_price,"Open=0.0,High=0.0,Low=0.0,Close=13680.0,Volume=0.0"
279600,2025-05-22,nonpositive_price,"Open=0.0,High=0.0,Low=0.0,Close=13680.0,Volume=0.0"
279600,2025-05-23,nonpositive_price,"Open=0.0,High=0.0,Low=0.0,Close=13680.0,Volume=0.0"
279600,2025-05-26,nonpositive_price,"Open=0.0,High=0.0,Low=0.0,Close=13680.0,Volume=0.0"
279600,2025-05-27,nonpositive_price,"Open=0.0,High=0.0,Low=0.0,Close=13680.0,Volume=0.0"
279600,2025-05-28,nonpositive_price,"Open=0.0,High=0.0,Low=0.0,Close=13680.0,Volume=0.0"
279600,2025-05-29,nonpositive_price,"Open=0.0,High=0.0,Low=0.0,Close=13680.0,Volume=0.0"
279600,2025-05-30,nonpositive_price,"Open=0.0,High=0.0,Low=0.0,Close=13680.0,Volume=0.0"
319400,2026-01-22,nonpositive_price,"Open=0.0,High=0.0,Low=0.0,Close=46350.0,Volume=0.0"
457190,2023-06-14,nonpositive_price,"Open=0.0,High=0.0,Low=0.0,Close=80600.0,Volume=0.0"
457190,2023-06-16,nonpositive_price,"Open=0.0,High=0.0,Low=0.0,Close=84000.0,Volume=0.0"
457190,2023-06-30,ohlc_inconsistent,"Open=53800.0,High=64999.0,Low=51400.0,Close=65000.0,Volume=4851760.0"
457190,2024-04-23,nonpositive_price,"Open=0.0,High=0.0,Low=0.0,Close=67900.0,Volume=0.0"
457190,2024-04-24,nonpositive_price,"Open=0.0,High=0.0,Low=0.0,Close=67900.0,Volume=0.0"
457190,2024-04-25,nonpositive_price,"Open=0.0,High=0.0,Low=0.0,Close=67900.0,Volume=0.0"
457190,2024-04-26,nonpositive_price,"Open=0.0,High=0.0,Low=0.0,Close=67900.0,Volume=0.0"
457190,2024-04-29,nonpositive_price,"Open=0.0,High=0.0,Low=0.0,Close=67900.0,Volume=0.0"
457190,2024-04-30,nonpositive_price,"Open=0.0,High=0.0,Low=0.0,Close=67900.0,Volume=0.0"
