ticker,date,Open,High,Low,Close,Volume,source,source_url
006040,2023-09-27,28006.0,28187.0,27278.0,28188.0,25847.0,,
067570,2023-01-04,3088.0,3167.0,3055.0,3168.0,58260.0,,
067570,2023-01-20,3223.0,3246.0,3195.0,3247.0,73251.0,,
067570,2023-01-26,3270.0,3344.0,3265.0,3345.0,63953.0,,
067570,2023-03-30,3475.0,3521.0,3465.0,3522.0,116143.0,,
067570,2023-04-11,3353.0,3586.0,3316.0,3587.0,483661.0,,
067570,2023-04-17,3689.0,3749.0,3614.0,3750.0,186606.0,,
067570,2023-05-02,3554.0,3679.0,3554.0,3680.0,112218.0,,
101360,2024-02-15,37233.0,47424.0,37154.0,47425.0,4385811.0,,
279600,2024-09-11,11282.0,11403.0,11270.0,11416.0,400.0,,
279600,2024-09-27,13037.0,13787.0,12843.0,13788.0,5934.0,,
457190,2023-06-30,53800.0,64999.0,51400.0,65000.0,4851760.0,,
