variant,dip_threshold_pct,strategy,selection,hold,capital,stop_pct,take_pct,trades_closed,open_position,skipped_missing_or_price_mismatch,blocked_nontradable_entries,nontrading_holding_days,invalid_holding_days,total_return_pct,cagr_pct,daily_close_mdd_pct,win_rate_pct,ending_equity,adds_executed
all_in_100,,A_baseline,ticker_ascending,5,300000,0.07,0.15,166,False,0,0,0,0.0,-46.559471960628386,-17.919396322478796,-70.10837708930875,43.97590361445783,160321.58411811484,0
all_in_100,,A_baseline,factor_rank,5,300000,0.07,0.15,185,False,0,0,2,0.0,-16.33851344070991,-5.466763433779143,-72.56667602033622,38.91891891891892,250984.45967787027,0
all_in_100,,B_improved,ticker_ascending,5,300000,0.07,0.15,103,False,0,0,0,0.0,62.93040113356461,16.63015462930386,-45.59232154388574,43.689320388349515,488791.20340069383,0
all_in_100,,B_improved,factor_rank,5,300000,0.07,0.15,107,False,0,0,0,0.0,38.275764468910765,10.752885176782234,-55.559976597040404,42.99065420560748,414827.2934067323,0
all_in_100,,A_baseline,ticker_ascending,5,500000,0.07,0.15,165,False,0,0,0,0.0,-27.59223687348885,-9.674088101419764,-59.46224433132865,44.84848484848485,362038.81563255575,0
all_in_100,,A_baseline,factor_rank,5,500000,0.07,0.15,187,False,0,0,2,0.0,-47.192632488653906,-18.227119773972632,-77.80916185042761,37.967914438502675,264036.8375567305,0
all_in_100,,B_improved,ticker_ascending,5,500000,0.07,0.15,104,False,0,0,0,0.0,74.38631092533845,19.1545924843161,-47.55454995348462,44.230769230769226,871931.5546266922,0
all_in_100,,B_improved,factor_rank,5,500000,0.07,0.15,108,False,0,0,0,0.0,44.96747301035835,12.41472133685313,-56.74021030031034,43.51851851851852,724837.3650517918,0
all_in_100,,A_baseline,ticker_ascending,5,1000000,0.07,0.15,165,False,0,0,0,0.0,-29.727757524957287,-10.522243063799074,-60.950458323387636,44.84848484848485,702722.4247504271,0
all_in_100,,A_baseline,factor_rank,5,1000000,0.07,0.15,187,False,0,0,2,0.0,-51.406455527330586,-20.342323929720727,-78.42359949494411,37.967914438502675,485935.44472669414,0
all_in_100,,B_improved,ticker_ascending,5,1000000,0.07,0.15,104,False,0,0,0,0.0,76.20265793424244,19.544320211857304,-47.157220100051575,44.230769230769226,1762026.5793424244,0
all_in_100,,B_improved,factor_rank,5,1000000,0.07,0.15,108,False,0,0,0,0.0,44.15880287162051,12.2167226993104,-57.34225727250506,43.51851851851852,1441588.0287162052,0
all_in_100,,A_baseline,ticker_ascending,5,3000000,0.07,0.15,166,False,0,0,0,0.0,-44.735176884051405,-17.04650260154702,-60.03457841521116,43.97590361445783,1657944.6934784579,0
all_in_100,,A_baseline,factor_rank,5,3000000,0.07,0.15,188,False,0,0,2,0.0,-37.44344839751631,-13.742487713482564,-74.48975013858549,38.82978723404255,1876696.5480745106,0
all_in_100,,B_improved,ticker_ascending,5,3000000,0.07,0.15,104,False,0,0,0,0.0,79.16735789321424,20.174577827373884,-47.79728493027626,44.230769230769226,5375020.7367964275,0
all_in_100,,B_improved,factor_rank,5,3000000,0.07,0.15,108,False,0,0,0,0.0,44.56724915793793,12.31682343381777,-57.619314866856875,43.51851851851852,4337017.474738138,0
all_in_100,,A_baseline,ticker_ascending,5,10000000,0.07,0.15,166,False,0,0,0,0.0,-47.8271422663825,-18.538044469096494,-60.56619276262192,43.97590361445783,5217285.773361749,0
all_in_100,,A_baseline,factor_rank,5,10000000,0.07,0.15,187,False,0,0,2,0.0,-12.285744966394862,-4.0469018900233795,-71.01570898586475,40.106951871657756,8771425.503360514,0
all_in_100,,B_improved,ticker_ascending,5,10000000,0.07,0.15,104,False,0,0,0,0.0,80.19505688524231,20.391385832831197,-47.8359626291859,44.230769230769226,18019505.68852423,0
all_in_100,,B_improved,factor_rank,5,10000000,0.07,0.15,108,False,0,0,0,0.0,44.59321418561406,12.32318031018773,-57.91482396866272,43.51851851851852,14459321.418561406,0
all_in_100,,A_baseline,ticker_ascending,10,300000,0.07,0.15,97,False,0,0,0,0.0,-85.26910098088072,-45.31429690573451,-87.04614153596918,30.927835051546392,44192.69705735784,0
all_in_100,,A_baseline,factor_rank,10,300000,0.07,0.15,134,False,0,0,1,0.0,-60.94679306255348,-25.644392213503053,-73.62261935742693,35.82089552238806,117159.62081233956,0
all_in_100,,B_improved,ticker_ascending,10,300000,0.07,0.15,72,False,0,0,0,0.0,-13.059077864732703,-4.314311972847163,-51.94799531502996,41.66666666666667,260822.7664058019,0
all_in_100,,B_improved,factor_rank,10,300000,0.07,0.15,74,False,0,0,0,0.0,-30.342945870365156,-10.769844146619189,-60.051071947785964,40.54054054054054,208971.16238890454,0
all_in_100,,A_baseline,ticker_ascending,10,500000,0.07,0.15,107,False,0,0,0,0.0,-86.54054137694848,-46.84798954735502,-88.17615586835022,32.71028037383177,67297.29311525755,0
all_in_100,,A_baseline,factor_rank,10,500000,0.07,0.15,136,False,0,0,1,0.0,-63.60135005406961,-27.275729063859856,-76.01610415597881,36.029411764705884,181993.2497296519,0
all_in_100,,B_improved,ticker_ascending,10,500000,0.07,0.15,73,False,0,0,0,0.0,-7.743525902178683,-2.507989778640507,-53.74672261682786,42.465753424657535,461282.3704891066,0
all_in_100,,B_improved,factor_rank,10,500000,0.07,0.15,74,False,0,0,0,0.0,-33.33527590079732,-11.996043795001954,-61.175440505210574,40.54054054054054,333323.6204960134,0
all_in_100,,A_baseline,ticker_ascending,10,1000000,0.07,0.15,108,False,0,0,0,0.0,-86.30750668680736,-46.55967810526425,-89.90264274912381,32.407407407407405,136924.9331319264,0
all_in_100,,A_baseline,factor_rank,10,1000000,0.07,0.15,133,False,0,0,1,0.0,-74.62465497986193,-35.090991422190086,-81.96603643326411,34.58646616541353,253753.4502013807,0
all_in_100,,B_improved,ticker_ascending,10,1000000,0.07,0.15,73,False,0,0,0,0.0,-10.283055330368674,-3.36181811577283,-54.6440635028675,42.465753424657535,897169.4466963132,0
all_in_100,,B_improved,factor_rank,10,1000000,0.07,0.15,75,False,0,0,0,0.0,-31.178087954778487,-11.108380337310496,-62.87032882506829,41.333333333333336,688219.1204522151,0
all_in_100,,A_baseline,ticker_ascending,10,3000000,0.07,0.15,108,False,0,0,0,0.0,-90.45845685275296,-52.30920093460245,-93.05229690383932,31.48148148148148,286246.294417411,0
all_in_100,,A_baseline,factor_rank,10,3000000,0.07,0.15,133,False,0,0,1,0.0,-71.79592844071789,-32.89266942243887,-80.27975273320322,35.338345864661655,846122.1467784632,0
all_in_100,,B_improved,ticker_ascending,10,3000000,0.07,0.15,73,False,0,0,0,0.0,-12.333899873834742,-4.063506085026414,-55.78975723948005,42.465753424657535,2629983.003784958,0
all_in_100,,B_improved,factor_rank,10,3000000,0.07,0.15,75,False,0,0,0,0.0,-29.630216021634446,-10.483121050447696,-63.785140837998554,41.333333333333336,2111093.5193509664,0
all_in_100,,A_baseline,ticker_ascending,10,10000000,0.07,0.15,110,False,0,0,0,0.0,-90.4238682199961,-52.25478603580134,-90.75735397862881,30.0,957613.1780003908,0
all_in_100,,A_baseline,factor_rank,10,10000000,0.07,0.15,136,False,0,0,1,0.0,-56.66923176789962,-23.16852773178619,-69.72894735804157,37.5,4333076.823210038,0
all_in_100,,B_improved,ticker_ascending,10,10000000,0.07,0.15,73,False,0,0,0,0.0,-12.06451508129921,-3.970700184806686,-56.0395333746063,42.465753424657535,8793548.49187008,0
all_in_100,,B_improved,factor_rank,10,10000000,0.07,0.15,75,False,0,0,0,0.0,-30.390522168928268,-10.78905495268877,-64.2117370900162,41.333333333333336,6960947.783107174,0
all_in_100,,A_baseline,ticker_ascending,15,300000,0.07,0.15,76,False,0,0,0,0.0,238.70614550862243,46.88237862504814,-43.56979182901153,44.73684210526316,1016118.4365258673,0
all_in_100,,A_baseline,factor_rank,15,300000,0.07,0.15,113,False,0,0,0,0.0,-37.086977573656874,-13.587887762449991,-68.0217958404806,36.283185840707965,188739.06727902938,0
all_in_100,,B_improved,ticker_ascending,15,300000,0.07,0.15,66,False,0,0,0,0.0,77.08304828329857,19.732233265307286,-43.86914256708758,43.93939393939394,531249.1448498957,0
all_in_100,,B_improved,factor_rank,15,300000,0.07,0.15,67,False,0,0,0,0.0,111.9420087310842,26.708226171951456,-37.86464879004906,46.26865671641791,635826.0261932526,0
all_in_100,,A_baseline,ticker_ascending,15,500000,0.07,0.15,76,False,0,0,0,0.0,248.99921678512808,48.274675141974235,-43.665857481097945,44.73684210526316,1744996.0839256404,0
all_in_100,,A_baseline,factor_rank,15,500000,0.07,0.15,112,False,0,0,0,0.0,-24.60361260413467,-8.515407414371845,-61.70592576263472,37.5,376981.93697932665,0
all_in_100,,B_improved,ticker_ascending,15,500000,0.07,0.15,66,False,0,0,0,0.0,80.77269741063289,20.512875922422012,-43.239456992328876,43.93939393939394,903863.4870531644,0
all_in_100,,B_improved,factor_rank,15,500000,0.07,0.15,67,False,0,0,0,0.0,114.20740454893914,27.133487277193314,-38.051512122602695,46.26865671641791,1071037.0227446957,0
all_in_100,,A_baseline,ticker_ascending,15,1000000,0.07,0.15,76,False,0,0,0,0.0,257.2606042723529,49.37194659496782,-43.72507889995882,44.73684210526316,3572606.042723529,0
all_in_100,,A_baseline,factor_rank,15,1000000,0.07,0.15,110,False,0,0,0,0.0,-10.156184997565909,-3.3187722983990753,-60.975208419098514,38.18181818181819,898438.150024341,0
all_in_100,,B_improved,ticker_ascending,15,1000000,0.07,0.15,66,False,0,0,0,0.0,77.93789140606219,19.914082196857308,-44.24968296702995,43.93939393939394,1779378.914060622,0
all_in_100,,B_improved,factor_rank,15,1000000,0.07,0.15,67,False,0,0,0,0.0,118.28867552675932,27.89191657132397,-37.97320971776088,46.26865671641791,2182886.755267593,0
all_in_100,,A_baseline,ticker_ascending,15,3000000,0.07,0.15,76,False,0,0,0,0.0,257.6978945638695,49.42954077436363,-43.795682301643645,44.73684210526316,10730936.836916085,0
all_in_100,,A_baseline,factor_rank,15,3000000,0.07,0.15,111,False,0,0,0,0.0,31.426640859290234,8.993894236189593,-45.71017961141336,39.63963963963964,3942799.2257787073,0
all_in_100,,B_improved,ticker_ascending,15,3000000,0.07,0.15,66,False,0,0,0,0.0,79.29842818420434,20.20227631178837,-44.88743295534762,43.93939393939394,5378952.84552613,0
all_in_100,,B_improved,factor_rank,15,3000000,0.07,0.15,67,False,0,0,0,0.0,118.62450256078904,27.953890022048732,-38.01581252729782,46.26865671641791,6558735.076823671,0
all_in_100,,A_baseline,ticker_ascending,15,10000000,0.07,0.15,76,False,0,0,0,0.0,257.6505428753924,49.42330655579874,-43.83986950895397,44.73684210526316,35765054.287539236,0
all_in_100,,A_baseline,factor_rank,15,10000000,0.07,0.15,111,False,0,0,0,0.0,32.44152401999385,9.25843747090289,-45.78767554288863,39.63963963963964,13244152.401999386,0
all_in_100,,B_improved,ticker_ascending,15,10000000,0.07,0.15,66,False,0,0,0,0.0,79.83986856520877,20.316549694716922,-44.890937050499716,43.93939393939394,17983986.856520876,0
all_in_100,,B_improved,factor_rank,15,10000000,0.07,0.15,67,False,0,0,0,0.0,120.04954273417883,28.216143742666368,-38.0983655843431,46.26865671641791,22004954.273417883,0
all_in_100,,A_baseline,ticker_ascending,20,300000,0.07,0.15,68,False,0,0,0,0.0,-14.91416426589277,-4.962488966264145,-42.81890233877693,42.64705882352941,255257.5072023217,0
all_in_100,,A_baseline,factor_rank,20,300000,0.07,0.15,88,False,0,0,0,0.0,-35.7704018848909,-13.02203991103329,-62.180811733361985,37.5,192688.7943453273,0
all_in_100,,B_improved,ticker_ascending,20,300000,0.07,0.15,61,False,0,0,0,0.0,24.290298818363798,7.093021688922141,-43.629533291005544,37.704918032786885,372870.89645509137,0
all_in_100,,B_improved,factor_rank,20,300000,0.07,0.15,65,False,0,0,0,0.0,23.37348145583975,6.843439427943809,-46.205304825257144,38.46153846153847,370120.44436751923,0
all_in_100,,A_baseline,ticker_ascending,20,500000,0.07,0.15,68,False,0,0,0,0.0,-13.690245251213206,-4.533772684487925,-42.503744062549444,42.64705882352941,431548.77374393394,0
all_in_100,,A_baseline,factor_rank,20,500000,0.07,0.15,90,False,0,0,0,0.0,-11.180509496225488,-3.6675120396329697,-59.32617988851649,38.88888888888889,444097.45251887257,0
all_in_100,,B_improved,ticker_ascending,20,500000,0.07,0.15,62,False,0,0,0,0.0,33.805897451164114,9.611901290323498,-45.10301808992568,38.70967741935484,669029.4872558205,0
all_in_100,,B_improved,factor_rank,20,500000,0.07,0.15,66,False,0,0,0,0.0,24.816460455066647,7.23568798548746,-48.964268174789815,39.39393939393939,624082.3022753332,0
all_in_100,,A_baseline,ticker_ascending,20,1000000,0.07,0.15,69,False,0,0,0,0.0,67.13722975188614,17.570892629300737,-36.09767180121977,46.3768115942029,1671372.2975188615,0
all_in_100,,A_baseline,factor_rank,20,1000000,0.07,0.15,90,False,0,0,0,0.0,-14.981373706993162,-4.9861531955130545,-59.547710609276386,38.88888888888889,850186.2629300684,0
all_in_100,,B_improved,ticker_ascending,20,1000000,0.07,0.15,62,False,0,0,0,0.0,33.04037921068657,9.413886555353713,-45.00873428339687,38.70967741935484,1330403.7921068657,0
all_in_100,,B_improved,factor_rank,20,1000000,0.07,0.15,66,False,0,0,0,0.0,22.851399910923355,6.7007468015099825,-50.052675165392536,39.39393939393939,1228513.9991092335,0
all_in_100,,A_baseline,ticker_ascending,20,3000000,0.07,0.15,69,False,0,0,0,0.0,61.14415027735702,16.22567617868318,-36.80354654212194,46.3768115942029,4834324.508320711,0
all_in_100,,A_baseline,factor_rank,20,3000000,0.07,0.15,91,False,0,0,0,0.0,17.296347115327258,5.156101551011449,-59.98241594813815,40.65934065934066,3518890.413459818,0
all_in_100,,B_improved,ticker_ascending,20,3000000,0.07,0.15,62,False,0,0,0,0.0,35.26094387247616,9.986146064318513,-45.77078150087889,38.70967741935484,4057828.316174285,0
all_in_100,,B_improved,factor_rank,20,3000000,0.07,0.15,66,False,0,0,0,0.0,27.813085334724754,8.040453347229137,-49.51377089696678,39.39393939393939,3834392.5600417424,0
all_in_100,,A_baseline,ticker_ascending,20,10000000,0.07,0.15,69,False,0,0,0,0.0,63.09904778999762,16.668185772332823,-37.00520633451902,46.3768115942029,16309904.778999763,0
all_in_100,,A_baseline,factor_rank,20,10000000,0.07,0.15,91,False,0,0,0,0.0,14.927919335503237,4.48228185645112,-59.95477644665594,40.65934065934066,11492791.933550324,0
all_in_100,,B_improved,ticker_ascending,20,10000000,0.07,0.15,62,False,0,0,0,0.0,34.843822370418124,9.879143520693901,-46.05258122860657,38.70967741935484,13484382.237041812,0
all_in_100,,B_improved,factor_rank,20,10000000,0.07,0.15,66,False,0,0,0,0.0,28.290585685104585,8.167492264279907,-49.94985174763824,39.39393939393939,12829058.568510458,0
cash_50_no_add,0.0,A_baseline,ticker_ascending,5,300000,,,165,False,0,0,0,,-7.097530108633143,-2.2933697942009723,-33.82642574709779,46.06060606060606,278707.4096741006,0
dip_50_50,2.0,A_baseline,ticker_ascending,5,300000,,,165,False,0,0,0,,1.9695148226839265,0.6165372906125066,-35.211465306216226,49.09090909090909,305908.54446805175,51
dip_50_50,3.0,A_baseline,ticker_ascending,5,300000,,,165,False,0,0,0,,-10.679597895546312,-3.496630355039232,-34.67135999572132,47.878787878787875,267961.20631336106,29
dip_50_50,4.0,A_baseline,ticker_ascending,5,300000,,,165,False,0,0,0,,-7.905870173457197,-2.562087354439846,-35.39382985507861,47.878787878787875,276282.3894796284,14
dip_50_50,5.0,A_baseline,ticker_ascending,5,300000,,,165,False,0,0,0,,-3.1789783876156053,-1.0129353933803098,-34.385470057494494,46.666666666666664,290463.0648371532,4
cash_50_no_add,0.0,A_baseline,factor_rank,5,300000,,,185,False,0,0,2,,15.34725983364007,4.602272905768645,-42.2170733932238,39.45945945945946,346041.7795009202,0
dip_50_50,2.0,A_baseline,factor_rank,5,300000,,,185,False,0,0,2,,37.256994108161635,10.495080424698688,-39.4631694745325,42.16216216216216,411770.9823244849,46
dip_50_50,3.0,A_baseline,factor_rank,5,300000,,,185,False,0,0,2,,28.039961855747354,8.100854277285151,-38.192201625908105,41.08108108108108,384119.88556724205,26
dip_50_50,4.0,A_baseline,factor_rank,5,300000,,,185,False,0,0,2,,34.52427121431248,9.797016864315221,-38.21780671840715,41.08108108108108,403572.8136429374,15
dip_50_50,5.0,A_baseline,factor_rank,5,300000,,,185,False,0,0,2,,27.158597918735538,7.865797868216573,-39.99761124070521,40.54054054054054,381475.79375620664,8
cash_50_no_add,0.0,B_improved,ticker_ascending,5,300000,,,103,False,0,0,0,,41.62339145611518,11.590966257336976,-22.1189158363307,44.66019417475729,424870.1743683455,0
dip_50_50,2.0,B_improved,ticker_ascending,5,300000,,,103,False,0,0,0,,66.72800686328853,17.480098496063047,-21.55889289590465,51.45631067961165,500184.02058986557,39
dip_50_50,3.0,B_improved,ticker_ascending,5,300000,,,103,False,0,0,0,,63.49763156743662,16.757962617709698,-19.512244137774736,48.54368932038835,490492.89470230986,21
dip_50_50,4.0,B_improved,ticker_ascending,5,300000,,,103,False,0,0,0,,65.6228923111496,17.234142106191296,-17.82853661158388,48.54368932038835,496868.67693344876,11
dip_50_50,5.0,B_improved,ticker_ascending,5,300000,,,103,False,0,0,0,,51.366179255333776,13.95534938297116,-18.350523694038902,47.57281553398058,454098.5377660013,4
cash_50_no_add,0.0,B_improved,factor_rank,5,300000,,,106,False,0,0,0,,26.552388544503525,7.7034757261119635,-29.77486047937372,43.39622641509434,379657.16563351057,0
dip_50_50,2.0,B_improved,factor_rank,5,300000,,,107,False,0,0,0,,47.25725166950414,12.9712894183027,-26.959411705043568,50.467289719626166,441771.7550085124,43
dip_50_50,3.0,B_improved,factor_rank,5,300000,,,107,False,0,0,0,,39.793288160672176,11.134500766868548,-25.513369379741658,47.66355140186916,419379.86448201654,25
dip_50_50,4.0,B_improved,factor_rank,5,300000,,,107,False,0,0,0,,47.26125979171882,12.972258443547325,-24.517819577667332,47.66355140186916,441783.7793751565,13
dip_50_50,5.0,B_improved,factor_rank,5,300000,,,107,False,0,0,0,,38.345757997768736,10.770549556674425,-25.427400170268154,46.728971962616825,415037.2739933062,4
cash_50_no_add,0.0,A_baseline,ticker_ascending,5,500000,,,166,False,0,0,0,,-18.696383535812487,-6.314622738513764,-40.96316373765675,45.18072289156627,406518.08232093754,0
dip_50_50,2.0,A_baseline,ticker_ascending,5,500000,,,165,False,0,0,0,,16.94394758354818,5.056437297518812,-26.266108534688936,48.484848484848484,584719.737917741,51
dip_50_50,3.0,A_baseline,ticker_ascending,5,500000,,,166,False,0,0,0,,-24.595935401021563,-8.512471846687063,-45.37827153317567,47.59036144578313,377020.3229948922,28
dip_50_50,4.0,A_baseline,ticker_ascending,5,500000,,,165,False,0,0,0,,-10.37453332751771,-3.3928815455995354,-38.62480424037579,48.484848484848484,448127.3333624115,15
dip_50_50,5.0,A_baseline,ticker_ascending,5,500000,,,166,False,0,0,0,,-13.44138450755964,-4.447111474921894,-36.87077933573404,46.98795180722892,432793.0774622018,4
cash_50_no_add,0.0,A_baseline,factor_rank,5,500000,,,186,False,0,0,2,,11.613096062695472,3.5230519383918635,-38.698382558802734,38.70967741935484,558065.4803134773,0
dip_50_50,2.0,A_baseline,factor_rank,5,500000,,,186,False,0,0,2,,11.824356164343698,3.5847632683741137,-43.24282343640754,41.39784946236559,559121.7808217185,43
dip_50_50,3.0,A_baseline,factor_rank,5,500000,,,186,False,0,0,2,,12.432797152295617,3.762050423970953,-38.56980633639531,40.86021505376344,562163.9857614781,23
dip_50_50,4.0,A_baseline,factor_rank,5,500000,,,186,False,0,0,2,,14.144005376676706,4.257164295166338,-39.947522009645255,41.39784946236559,570720.0268833835,14
dip_50_50,5.0,A_baseline,factor_rank,5,500000,,,186,False,0,0,2,,13.018114705846639,3.931980885133912,-38.93459725475229,39.784946236559136,565090.5735292332,7
cash_50_no_add,0.0,B_improved,ticker_ascending,5,500000,,,103,False,0,0,0,,36.285981481525994,10.248138338366953,-24.690621299944326,43.689320388349515,681429.90740763,0
dip_50_50,2.0,B_improved,ticker_ascending,5,500000,,,103,False,0,0,0,,58.087833164560855,15.526423024518653,-22.304887108139525,50.48543689320388,790439.1658228043,39
dip_50_50,3.0,B_improved,ticker_ascending,5,500000,,,103,False,0,0,0,,54.56144027709946,14.708020527635401,-20.245652429071825,47.57281553398058,772807.2013854973,21
dip_50_50,4.0,B_improved,ticker_ascending,5,500000,,,103,False,0,0,0,,58.14736535718708,15.540131386143209,-20.653283188332516,46.601941747572816,790736.8267859353,11
dip_50_50,5.0,B_improved,ticker_ascending,5,500000,,,103,False,0,0,0,,44.41831653744765,12.280345957702089,-20.884108609937236,46.601941747572816,722091.5826872382,4
cash_50_no_add,0.0,B_improved,factor_rank,5,500000,,,107,False,0,0,0,,23.795149566732256,6.9583859890990585,-31.45147666522815,42.99065420560748,618975.7478336613,0
dip_50_50,2.0,B_improved,factor_rank,5,500000,,,107,False,0,0,0,,35.46194884238587,10.037628405084975,-28.90770849091675,48.598130841121495,677309.7442119294,43
dip_50_50,3.0,B_improved,factor_rank,5,500000,,,107,False,0,0,0,,30.308362302957526,8.700774438419012,-28.97086625845272,46.728971962616825,651541.8115147876,25
dip_50_50,4.0,B_improved,factor_rank,5,500000,,,107,False,0,0,0,,38.37638963304191,10.77827818654975,-27.90060995833973,45.794392523364486,691881.9481652095,13
dip_50_50,5.0,B_improved,factor_rank,5,500000,,,107,False,0,0,0,,31.18948446969114,8.931874641653238,-29.27250268943854,45.794392523364486,655947.4223484558,4
cash_50_no_add,0.0,A_baseline,ticker_ascending,5,1000000,,,165,False,0,0,0,,-7.859929011211941,-2.546771874256848,-32.81718736236291,44.84848484848485,921400.7098878806,0
dip_50_50,2.0,A_baseline,ticker_ascending,5,1000000,,,165,False,0,0,0,,13.113110300328357,3.9595032939096386,-26.8510386573392,48.484848484848484,1131131.1030032835,51
dip_50_50,3.0,A_baseline,ticker_ascending,5,1000000,,,165,False,0,0,0,,-12.820188434977997,-4.231533335195725,-36.617704106148885,47.27272727272727,871798.1156502201,30
dip_50_50,4.0,A_baseline,ticker_ascending,5,1000000,,,165,False,0,0,0,,-6.177526146705315,-1.9894729337434969,-32.69855950580484,47.27272727272727,938224.7385329469,15
dip_50_50,5.0,A_baseline,ticker_ascending,5,1000000,,,165,False,0,0,0,,-3.810401138738928,-1.2168311228060613,-30.685510981958164,46.06060606060606,961895.9886126107,4
cash_50_no_add,0.0,A_baseline,factor_rank,5,1000000,,,187,False,0,0,2,,-10.63207492080166,-3.480452419240887,-44.21937935126062,37.967914438502675,893679.2507919834,0
dip_50_50,2.0,A_baseline,factor_rank,5,1000000,,,187,False,0,0,2,,-7.55685013551437,-2.445864803745723,-42.813289661546996,40.106951871657756,924431.4986448563,43
dip_50_50,3.0,A_baseline,factor_rank,5,1000000,,,187,False,0,0,2,,-11.094401359466211,-3.6380900959967155,-42.90476411053693,40.106951871657756,889055.9864053379,23
dip_50_50,4.0,A_baseline,factor_rank,5,1000000,,,187,False,0,0,2,,-10.161956779458514,-3.320729701291647,-44.315206390607095,40.106951871657756,898380.4322054149,14
dip_50_50,5.0,A_baseline,factor_rank,5,1000000,,,187,False,0,0,2,,-7.540704042330903,-2.440495484598282,-43.965954917678175,39.037433155080215,924592.9595766909,7
cash_50_no_add,0.0,B_improved,ticker_ascending,5,1000000,,,104,False,0,0,0,,40.84221774053294,11.396622533398348,-24.96714365288659,44.230769230769226,1408422.1774053294,0
dip_50_50,2.0,B_improved,ticker_ascending,5,1000000,,,104,False,0,0,0,,65.2230591572931,17.144877623877885,-22.54789003580626,50.96153846153846,1652230.591572931,39
dip_50_50,3.0,B_improved,ticker_ascending,5,1000000,,,104,False,0,0,0,,60.19023945697415,16.008413826705436,-20.38326472387372,48.07692307692308,1601902.3945697416,21
dip_50_50,4.0,B_improved,ticker_ascending,5,1000000,,,104,False,0,0,0,,63.830872379163004,16.83290666528563,-20.58695502158544,47.11538461538461,1638308.72379163,11
dip_50_50,5.0,B_improved,ticker_ascending,5,1000000,,,104,False,0,0,0,,49.902147363934255,13.60684596272701,-21.422134778068013,47.11538461538461,1499021.4736393425,4
cash_50_no_add,0.0,B_improved,factor_rank,5,1000000,,,108,False,0,0,0,,29.132128966906954,8.390598746159972,-32.21881590167893,43.51851851851852,1291321.2896690695,0
dip_50_50,2.0,B_improved,factor_rank,5,1000000,,,108,False,0,0,0,,40.60047194867489,11.336330447373566,-29.59803562263591,49.074074074074076,1406004.7194867488,43
dip_50_50,3.0,B_improved,factor_rank,5,1000000,,,108,False,0,0,0,,36.3271053818228,10.258621114124654,-28.558626084950834,47.22222222222222,1363271.053818228,25
dip_50_50,4.0,B_improved,factor_rank,5,1000000,,,108,False,0,0,0,,43.82361800079075,12.134431441056414,-28.096764546291407,46.2962962962963,1438236.1800079076,13
dip_50_50,5.0,B_improved,factor_rank,5,1000000,,,108,False,0,0,0,,34.7896980844141,9.865242621915726,-29.506162032517345,46.2962962962963,1347896.980844141,4
cash_50_no_add,0.0,A_baseline,ticker_ascending,5,3000000,,,166,False,0,0,0,,-10.35057548316345,-3.384744017950192,-32.3003538518026,44.57831325301205,2689482.7355050966,0
dip_50_50,2.0,A_baseline,ticker_ascending,5,3000000,,,166,False,0,0,0,,-4.110111126388116,-1.3139328106801629,-29.72570749283914,47.59036144578313,2876696.6662083566,53
dip_50_50,3.0,A_baseline,ticker_ascending,5,3000000,,,166,False,0,0,0,,-16.41644499747118,-5.494523319277089,-36.75835413664521,46.98795180722892,2507506.6500758645,30
dip_50_50,4.0,A_baseline,ticker_ascending,5,3000000,,,166,False,0,0,0,,-10.908181527068383,-3.574528064699678,-32.46956298052012,46.98795180722892,2672754.5541879483,15
dip_50_50,5.0,A_baseline,ticker_ascending,5,3000000,,,166,False,0,0,0,,-8.848106096645381,-2.8773627790806833,-31.10544976224826,45.78313253012048,2734556.8171006385,4
cash_50_no_add,0.0,A_baseline,factor_rank,5,3000000,,,188,False,0,0,2,,0.6566873449899591,0.20648634543705136,-42.802466220824606,38.82978723404255,3019700.6203496987,0
dip_50_50,2.0,A_baseline,factor_rank,5,3000000,,,188,False,0,0,2,,7.948640532629803,2.439662697487388,-41.30602736283768,40.95744680851064,3238459.215978894,45
dip_50_50,3.0,A_baseline,factor_rank,5,3000000,,,188,False,0,0,2,,3.040342968147658,0.9483325844657609,-42.63554165919763,40.95744680851064,3091210.2890444295,26
dip_50_50,4.0,A_baseline,factor_rank,5,3000000,,,188,False,0,0,2,,7.92982790780703,2.4340362656161796,-42.19282107259996,40.95744680851064,3237894.837234211,15
dip_50_50,5.0,A_baseline,factor_rank,5,3000000,,,188,False,0,0,2,,4.623071760535047,1.4344424345323459,-42.560215699310454,39.8936170212766,3138692.1528160516,7
cash_50_no_add,0.0,B_improved,ticker_ascending,5,3000000,,,104,False,0,0,0,,42.39088110701075,11.781191936760948,-25.701909164637126,44.230769230769226,4271726.433210323,0
dip_50_50,2.0,B_improved,ticker_ascending,5,3000000,,,104,False,0,0,0,,67.4759329871922,17.64592550945041,-22.544787951637566,50.96153846153846,5024277.989615765,39
dip_50_50,3.0,B_improved,ticker_ascending,5,3000000,,,104,False,0,0,0,,63.25103141337254,16.70243620580678,-20.731201539015654,48.07692307692308,4897530.942401176,21
dip_50_50,4.0,B_improved,ticker_ascending,5,3000000,,,104,False,0,0,0,,65.70465425976874,17.252377635182704,-21.57084912555195,47.11538461538461,4971139.6277930625,11
dip_50_50,5.0,B_improved,ticker_ascending,5,3000000,,,104,False,0,0,0,,51.232435208613026,13.923608532194343,-22.499648367740622,47.11538461538461,4536973.056258391,4
cash_50_no_add,0.0,B_improved,factor_rank,5,3000000,,,108,False,0,0,0,,27.9050033314274,8.064933352035908,-33.023251347706925,43.51851851851852,3837150.099942822,0
dip_50_50,2.0,B_improved,factor_rank,5,3000000,,,108,False,0,0,0,,42.288652622794864,11.755894759287289,-30.31451894765952,49.074074074074076,4268659.578683846,43
dip_50_50,3.0,B_improved,factor_rank,5,3000000,,,108,False,0,0,0,,39.49454265983139,11.059599558915423,-28.880822462569267,47.22222222222222,4184836.2797949417,25
dip_50_50,4.0,B_improved,factor_rank,5,3000000,,,108,False,0,0,0,,47.1931116477454,12.955780122741212,-28.20631966215721,46.2962962962963,4415793.349432362,13
dip_50_50,5.0,B_improved,factor_rank,5,3000000,,,108,False,0,0,0,,37.67036226330038,10.599842698081385,-29.5828251856426,46.2962962962963,4130110.8678990114,4
cash_50_no_add,0.0,A_baseline,ticker_ascending,5,10000000,,,166,False,0,0,0,,-21.12641118906824,-7.206238137120802,-32.527180474206205,43.97590361445783,7887358.881093176,0
dip_50_50,2.0,A_baseline,ticker_ascending,5,10000000,,,166,False,0,0,0,,-2.603242535530592,-0.8278140144451163,-30.347714386325798,47.59036144578313,9739675.746446941,54
dip_50_50,3.0,A_baseline,ticker_ascending,5,10000000,,,166,False,0,0,0,,-22.404685692741445,-7.682826742094939,-37.398314619992526,46.3855421686747,7759531.430725856,31
dip_50_50,4.0,A_baseline,ticker_ascending,5,10000000,,,166,False,0,0,0,,-19.212556656879155,-6.502472486669797,-32.78905216597911,46.3855421686747,8078744.334312085,16
dip_50_50,5.0,A_baseline,ticker_ascending,5,10000000,,,166,False,0,0,0,,-19.363938347198495,-6.557720322569516,-31.11977886404493,45.18072289156627,8063606.16528015,4
cash_50_no_add,0.0,A_baseline,factor_rank,5,10000000,,,187,False,0,0,2,,18.404516962775762,5.46817962814814,-42.85353952568737,40.106951871657756,11840451.696277577,0
dip_50_50,2.0,A_baseline,factor_rank,5,10000000,,,187,False,0,0,2,,28.473743147245646,8.216135357130462,-41.683688574556044,42.24598930481284,12847374.314724565,45
dip_50_50,3.0,A_baseline,factor_rank,5,10000000,,,187,False,0,0,2,,23.244293670637163,6.808169053648205,-42.48429031821508,42.24598930481284,12324429.367063716,26
dip_50_50,4.0,A_baseline,factor_rank,5,10000000,,,187,False,0,0,2,,25.401669324689614,7.3938816850840805,-42.39028895483923,42.24598930481284,12540166.932468962,15
dip_50_50,5.0,A_baseline,factor_rank,5,10000000,,,187,False,0,0,2,,22.00966310264565,6.4698105360603275,-42.48884852605376,41.17647058823529,12200966.310264565,7
cash_50_no_add,0.0,B_improved,ticker_ascending,5,10000000,,,104,False,0,0,0,,41.99672570659623,11.683586741289043,-26.169077910650007,44.230769230769226,14199672.570659623,0
dip_50_50,2.0,B_improved,ticker_ascending,5,10000000,,,104,False,0,0,0,,68.45690446066375,17.86265527237547,-22.593994468277756,50.96153846153846,16845690.446066376,39
dip_50_50,3.0,B_improved,ticker_ascending,5,10000000,,,104,False,0,0,0,,63.79335280877887,16.82447393627897,-20.992991192684542,48.07692307692308,16379335.280877886,21
dip_50_50,4.0,B_improved,ticker_ascending,5,10000000,,,104,False,0,0,0,,66.29354043875635,17.383536402271304,-21.736767270460245,47.11538461538461,16629354.043875635,11
dip_50_50,5.0,B_improved,ticker_ascending,5,10000000,,,104,False,0,0,0,,52.07725948611974,14.123784993106803,-22.54745483033066,47.11538461538461,15207725.948611975,4
cash_50_no_add,0.0,B_improved,factor_rank,5,10000000,,,108,False,0,0,0,,28.49720551988446,8.222363078909044,-33.30091472094816,43.51851851851852,12849720.551988445,0
dip_50_50,2.0,B_improved,factor_rank,5,10000000,,,108,False,0,0,0,,41.47135221053344,11.553198929181118,-30.69859161689621,49.074074074074076,14147135.221053343,43
dip_50_50,3.0,B_improved,factor_rank,5,10000000,,,108,False,0,0,0,,38.66877562458642,10.851990831230896,-29.26675043238656,47.22222222222222,13866877.562458642,25
dip_50_50,4.0,B_improved,factor_rank,5,10000000,,,108,False,0,0,0,,46.8491752508599,12.87253597550908,-28.32386305171658,46.2962962962963,14684917.52508599,13
dip_50_50,5.0,B_improved,factor_rank,5,10000000,,,108,False,0,0,0,,37.381779378883365,10.526728216923198,-29.815570835760575,46.2962962962963,13738177.937888335,4
cash_50_no_add,0.0,A_baseline,ticker_ascending,10,300000,,,107,False,0,0,0,,-42.05158848071857,-15.7976234467478,-50.869866745542694,37.38317757009346,173845.2345578443,0
dip_50_50,2.0,A_baseline,ticker_ascending,10,300000,,,107,False,0,0,0,,-40.762341172118745,-15.211693662914117,-55.14942544368859,41.1214953271028,177712.97648364375,38
dip_50_50,3.0,A_baseline,ticker_ascending,10,300000,,,108,False,0,0,0,,-39.92340758851641,-14.835095785300389,-50.57485583965071,39.81481481481482,180229.77723445077,25
dip_50_50,4.0,A_baseline,ticker_ascending,10,300000,,,100,False,0,0,0,,-60.51964805061745,-25.38905184340804,-65.59749212087901,35.0,118441.05584814766,13
dip_50_50,5.0,A_baseline,ticker_ascending,10,300000,,,100,False,0,0,0,,-58.83998622512735,-24.402940816506458,-62.931372443844324,34.0,123480.04132461795,6
cash_50_no_add,0.0,A_baseline,factor_rank,10,300000,,,133,False,0,0,1,,-14.940127481497377,-4.971629013452883,-38.80362294190368,37.59398496240601,255179.61755550787,0
dip_50_50,2.0,A_baseline,factor_rank,10,300000,,,133,False,0,0,1,,0.6670115427679812,0.20972527163400922,-36.8632220701155,40.6015037593985,302001.03462830395,35
dip_50_50,3.0,A_baseline,factor_rank,10,300000,,,133,False,0,0,1,,6.376403169927025,1.9671056230694983,-36.572911587553,41.35338345864661,319129.2095097811,27
dip_50_50,4.0,A_baseline,factor_rank,10,300000,,,133,False,0,0,1,,0.6119826668750328,0.19245888598968808,-36.53353158430913,39.849624060150376,301835.9480006251,17
dip_50_50,5.0,A_baseline,factor_rank,10,300000,,,133,False,0,0,1,,-7.6103719007164505,-2.463667848611162,-36.7985084979597,38.34586466165413,277168.88429785066,9
cash_50_no_add,0.0,B_improved,ticker_ascending,10,300000,,,72,False,0,0,0,,9.782259035888474,2.984864456200942,-21.65367550715407,43.05555555555556,329346.77710766543,0
dip_50_50,2.0,B_improved,ticker_ascending,10,300000,,,72,False,0,0,0,,26.455502459068047,7.677483620831227,-25.556818433518824,50.0,379366.50737720414,36
dip_50_50,3.0,B_improved,ticker_ascending,10,300000,,,72,False,0,0,0,,12.394467538386088,3.7509013841023675,-23.567957883276748,45.83333333333333,337183.4026151583,23
dip_50_50,4.0,B_improved,ticker_ascending,10,300000,,,72,False,0,0,0,,4.922445574903378,1.5258229309325966,-29.080507938076515,44.44444444444444,314767.3367247101,15
dip_50_50,5.0,B_improved,ticker_ascending,10,300000,,,72,False,0,0,0,,7.591715415975209,2.3327997340796713,-23.377641706185205,43.05555555555556,322775.14624792564,3
cash_50_no_add,0.0,B_improved,factor_rank,10,300000,,,74,False,0,0,0,,-0.6323323651757251,-0.19970774253833534,-27.677530296677887,41.891891891891895,298103.0029044728,0
dip_50_50,2.0,B_improved,factor_rank,10,300000,,,74,False,0,0,0,,15.54349942115274,4.658322750065924,-30.28094038200999,48.64864864864865,346630.4982634582,35
dip_50_50,3.0,B_improved,factor_rank,10,300000,,,74,False,0,0,0,,2.621234325860611,0.8187546333385143,-29.251191564992475,44.5945945945946,307863.7029775818,22
dip_50_50,4.0,B_improved,factor_rank,10,300000,,,74,False,0,0,0,,-5.114888095257419,-1.6409903777480195,-33.660061354003666,43.24324324324324,284655.33571422775,13
dip_50_50,5.0,B_improved,factor_rank,10,300000,,,74,False,0,0,0,,-1.2280925741276594,-0.3886628848183471,-28.93994883008539,41.891891891891895,296315.722277617,3
cash_50_no_add,0.0,A_baseline,ticker_ascending,10,500000,,,105,False,0,0,0,,-52.518447549179804,-20.921341103785796,-58.600071413976494,33.33333333333333,237407.76225410102,0
dip_50_50,2.0,A_baseline,ticker_ascending,10,500000,,,105,False,0,0,0,,-56.01410213171172,-22.804326426802312,-64.43799478526701,38.095238095238095,219929.48934144143,35
dip_50_50,3.0,A_baseline,ticker_ascending,10,500000,,,107,False,0,0,0,,-52.404803073553055,-20.861742800742157,-61.2795029690093,37.38317757009346,237975.98463223473,24
dip_50_50,4.0,A_baseline,ticker_ascending,10,500000,,,107,False,0,0,0,,-53.348323686576414,-21.35954030936855,-63.33168589837355,35.51401869158878,233258.38156711793,12
dip_50_50,5.0,A_baseline,ticker_ascending,10,500000,,,105,False,0,0,0,,-48.324641804064264,-18.783647131536117,-57.88934924278595,34.285714285714285,258376.79097967868,6
cash_50_no_add,0.0,A_baseline,factor_rank,10,500000,,,136,False,0,0,1,,-21.91671127890109,-7.500261581386781,-38.10960321706885,36.76470588235294,390416.44360549457,0
dip_50_50,2.0,A_baseline,factor_rank,10,500000,,,136,False,0,0,1,,-9.552930741198473,-3.1146618580868535,-38.58411631418879,39.705882352941174,452235.3462940076,34
dip_50_50,3.0,A_baseline,factor_rank,10,500000,,,136,False,0,0,1,,-5.083050479863093,-1.6305908528101765,-37.230329349684254,40.44117647058824,474584.7476006845,27
dip_50_50,4.0,A_baseline,factor_rank,10,500000,,,136,False,0,0,1,,-8.470048058979906,-2.750596358859181,-36.40943096781185,38.970588235294116,457649.75970510044,17
dip_50_50,5.0,A_baseline,factor_rank,10,500000,,,136,False,0,0,1,,-15.64492255548271,-5.220477178968785,-36.37601644790016,37.5,421775.38722258643,9
cash_50_no_add,0.0,B_improved,ticker_ascending,10,500000,,,72,False,0,0,0,,-2.957475222953432,-0.9416245474144658,-30.293591536934052,41.66666666666667,485212.62388523284,0
dip_50_50,2.0,B_improved,ticker_ascending,10,500000,,,72,False,0,0,0,,13.217015590543536,3.9895889259554895,-33.94646689295963,48.61111111111111,566085.0779527177,36
dip_50_50,3.0,B_improved,ticker_ascending,10,500000,,,72,False,0,0,0,,-0.07961828726569253,-0.025097939070384268,-31.92723660833734,44.44444444444444,499601.9085636715,23
dip_50_50,4.0,B_improved,ticker_ascending,10,500000,,,72,False,0,0,0,,-6.200761576722402,-1.9971229116518607,-35.89662843087689,43.05555555555556,468996.192116388,15
dip_50_50,5.0,B_improved,ticker_ascending,10,500000,,,72,False,0,0,0,,-2.9566284227150685,-0.9413521420996496,-32.14132368511069,41.66666666666667,485216.85788642464,3
cash_50_no_add,0.0,B_improved,factor_rank,10,500000,,,74,False,0,0,0,,-10.501084981138142,-3.4358908494936946,-34.53776795816896,40.54054054054054,447494.5750943093,0
dip_50_50,2.0,B_improved,factor_rank,10,500000,,,74,False,0,0,0,,3.0651989370545696,0.9560060839710838,-37.3856997219592,47.2972972972973,515325.9946852728,35
dip_50_50,3.0,B_improved,factor_rank,10,500000,,,74,False,0,0,0,,-10.573602148763882,-3.460554997909371,-37.15374047533451,43.24324324324324,447131.9892561806,22
dip_50_50,4.0,B_improved,factor_rank,10,500000,,,74,False,0,0,0,,-14.881566686429338,-4.951016072820725,-39.534246988171674,41.891891891891895,425592.1665678533,13
dip_50_50,5.0,B_improved,factor_rank,10,500000,,,74,False,0,0,0,,-12.686831165218582,-4.185390662997712,-35.513237827082335,40.54054054054054,436565.84417390707,3
cash_50_no_add,0.0,A_baseline,ticker_ascending,10,1000000,,,108,False,0,0,0,,-65.47400314920897,-28.47624448773942,-70.82174595363118,31.48148148148148,345259.9685079104,0
dip_50_50,2.0,A_baseline,ticker_ascending,10,1000000,,,108,False,0,0,0,,-62.04727736714288,-26.311176231562317,-69.72030606995222,37.03703703703704,379527.2263285712,36
dip_50_50,3.0,A_baseline,ticker_ascending,10,1000000,,,108,False,0,0,0,,-62.56945653119779,-26.632203714569503,-70.18363021609346,35.18518518518518,374305.43468802207,24
dip_50_50,4.0,A_baseline,ticker_ascending,10,1000000,,,108,False,0,0,0,,-62.22101040496906,-26.417646872859912,-70.98076693878453,33.33333333333333,377789.89595030935,12
dip_50_50,5.0,A_baseline,ticker_ascending,10,1000000,,,108,False,0,0,0,,-63.555348891653416,-27.24677684589042,-70.49453534257708,32.407407407407405,364446.5110834659,5
cash_50_no_add,0.0,A_baseline,factor_rank,10,1000000,,,133,False,0,0,1,,-39.4087344779784,-14.605838130481363,-50.544937572728976,34.58646616541353,605912.655220216,0
dip_50_50,2.0,A_baseline,factor_rank,10,1000000,,,133,False,0,0,1,,-34.41684629091547,-12.448520129356766,-51.63951498616737,37.59398496240601,655831.5370908453,36
dip_50_50,3.0,A_baseline,factor_rank,10,1000000,,,133,False,0,0,1,,-27.946343197202605,-9.813530989729735,-47.25291336549851,39.097744360902254,720536.568027974,28
dip_50_50,4.0,A_baseline,factor_rank,10,1000000,,,133,False,0,0,1,,-29.006252688849155,-10.233735969035484,-46.00109202076541,37.59398496240601,709937.4731115084,18
dip_50_50,5.0,A_baseline,factor_rank,10,1000000,,,133,False,0,0,1,,-29.23042442436955,-10.323159303330398,-44.745757374102226,36.09022556390977,707695.7557563045,12
cash_50_no_add,0.0,B_improved,ticker_ascending,10,1000000,,,73,False,0,0,0,,-0.6159648719624156,-0.1945274870339131,-31.0519276352478,42.465753424657535,993840.3512803758,0
dip_50_50,2.0,B_improved,ticker_ascending,10,1000000,,,73,False,0,0,0,,15.49302102675314,4.643911370514497,-34.410492355869174,49.31506849315068,1154930.2102675315,36
dip_50_50,3.0,B_improved,ticker_ascending,10,1000000,,,73,False,0,0,0,,1.853728327826154,0.5805182077291748,-32.75372153987129,45.20547945205479,1018537.2832782615,23
dip_50_50,4.0,B_improved,ticker_ascending,10,1000000,,,73,False,0,0,0,,-4.561232037246066,-1.4604820951806707,-37.266090483970075,43.83561643835616,954387.6796275394,15
dip_50_50,5.0,B_improved,ticker_ascending,10,1000000,,,73,False,0,0,0,,-1.7407844154198382,-0.5518974108242203,-32.5668687590544,42.465753424657535,982592.1558458016,3
cash_50_no_add,0.0,B_improved,factor_rank,10,1000000,,,75,False,0,0,0,,-9.92173970449306,-3.2393368036336745,-36.587265230841915,41.333333333333336,900782.6029550694,0
dip_50_50,2.0,B_improved,factor_rank,10,1000000,,,75,False,0,0,0,,3.5756258697416055,1.113304880528343,-39.59428907440448,48.0,1035756.258697416,35
dip_50_50,3.0,B_improved,factor_rank,10,1000000,,,75,False,0,0,0,,-9.104106659391098,-2.9634067815200615,-38.18261295924137,44.0,908958.933406089,22
dip_50_50,4.0,B_improved,factor_rank,10,1000000,,,75,False,0,0,0,,-13.167945373553568,-4.352087812628702,-41.32154628234592,42.66666666666667,868320.5462644643,13
dip_50_50,5.0,B_improved,factor_rank,10,1000000,,,75,False,0,0,0,,-10.833965103415865,-3.549221283119408,-37.172126456705335,41.333333333333336,891660.3489658413,3
cash_50_no_add,0.0,A_baseline,ticker_ascending,10,3000000,,,108,False,0,0,0,,-75.3911698948211,-35.715396713630184,-75.81919006032727,28.703703703703702,738264.9031553667,0
dip_50_50,2.0,A_baseline,ticker_ascending,10,3000000,,,108,False,0,0,0,,-77.97742200990993,-37.92597348985449,-79.47595101688543,33.33333333333333,660677.3397027024,36
dip_50_50,3.0,A_baseline,ticker_ascending,10,3000000,,,108,False,0,0,0,,-73.84811979786315,-34.47145989229515,-75.62762767779824,32.407407407407405,784556.4060641059,24
dip_50_50,4.0,A_baseline,ticker_ascending,10,3000000,,,108,False,0,0,0,,-74.95703299056855,-35.36013874637762,-76.66108473697403,30.555555555555557,751289.0102829433,13
dip_50_50,5.0,A_baseline,ticker_ascending,10,3000000,,,108,False,0,0,0,,-75.58499480222206,-35.87539204333863,-76.00964378069533,29.629629629629626,732450.1559333385,5
cash_50_no_add,0.0,A_baseline,factor_rank,10,3000000,,,133,False,0,0,1,,-35.51352502325966,-12.912565667879939,-47.025496994877116,35.338345864661655,1934594.2493022103,0
dip_50_50,2.0,A_baseline,factor_rank,10,3000000,,,136,False,0,0,1,,7.8411080743900685,2.4074931075956707,-34.18681098902964,39.705882352941174,3235233.242231702,36
dip_50_50,3.0,A_baseline,factor_rank,10,3000000,,,133,False,0,0,1,,-24.61506491789961,-8.519786869069346,-44.36370397054552,39.097744360902254,2261548.052463012,28
dip_50_50,4.0,A_baseline,factor_rank,10,3000000,,,133,False,0,0,1,,-25.454496406290772,-8.84204054022213,-43.13145618903131,37.59398496240601,2236365.107811277,18
dip_50_50,5.0,A_baseline,factor_rank,10,3000000,,,133,False,0,0,1,,-25.748181498780433,-8.95537151514203,-41.81604925179941,36.84210526315789,2227554.555036587,12
cash_50_no_add,0.0,B_improved,ticker_ascending,10,3000000,,,73,False,0,0,0,,-0.5209137149494558,-0.1644556646629769,-31.961260269074344,42.465753424657535,2984372.588551516,0
dip_50_50,2.0,B_improved,ticker_ascending,10,3000000,,,73,False,0,0,0,,15.008414105894552,4.505338040412132,-35.56669826331087,49.31506849315068,3450252.4231768367,36
dip_50_50,3.0,B_improved,ticker_ascending,10,3000000,,,73,False,0,0,0,,1.0045100568204735,0.3154808818084831,-33.97983230768307,45.20547945205479,3030135.3017046144,23
dip_50_50,4.0,B_improved,ticker_ascending,10,3000000,,,73,False,0,0,0,,-5.767796457509822,-1.854787160812077,-38.135175295603794,43.83561643835616,2826966.1062747054,15
dip_50_50,5.0,B_improved,ticker_ascending,10,3000000,,,73,False,0,0,0,,-1.7975355094185685,-0.5700020613962242,-33.43201962196218,42.465753424657535,2946073.934717443,3
cash_50_no_add,0.0,B_improved,factor_rank,10,3000000,,,75,False,0,0,0,,-10.635325022269004,-3.481558642332283,-37.955091607531955,41.333333333333336,2680940.2493319297,0
dip_50_50,2.0,B_improved,factor_rank,10,3000000,,,75,False,0,0,0,,2.8773562800080033,0.8979841284462831,-41.218979552494005,48.0,3086320.68840024,35
dip_50_50,3.0,B_improved,factor_rank,10,3000000,,,75,False,0,0,0,,-9.186378542704098,-2.9910943079998864,-39.10474516224265,44.0,2724408.643718877,22
dip_50_50,4.0,B_improved,factor_rank,10,3000000,,,75,False,0,0,0,,-14.938296629385494,-4.9709844207125204,-42.4591345734735,42.66666666666667,2551851.101118435,13
dip_50_50,5.0,B_improved,factor_rank,10,3000000,,,75,False,0,0,0,,-11.747521152882856,-3.861741465377233,-38.69078125504426,41.333333333333336,2647574.3654135144,3
cash_50_no_add,0.0,A_baseline,ticker_ascending,10,10000000,,,110,False,0,0,0,,-65.33655502831277,-28.386634057566262,-65.94605612767128,30.0,3466344.4971687226,0
dip_50_50,2.0,A_baseline,ticker_ascending,10,10000000,,,110,False,0,0,0,,-68.94556812132959,-30.825404701489013,-71.06463522511417,34.54545454545455,3105443.1878670407,36
dip_50_50,3.0,A_baseline,ticker_ascending,10,10000000,,,110,False,0,0,0,,-61.71726762914381,-26.109848555315228,-64.32957363193982,33.63636363636363,3828273.2370856185,24
dip_50_50,4.0,A_baseline,ticker_ascending,10,10000000,,,110,False,0,0,0,,-63.26588636712185,-27.065166724177224,-65.77251898208146,31.818181818181817,3673411.363287815,13
dip_50_50,5.0,A_baseline,ticker_ascending,10,10000000,,,110,False,0,0,0,,-64.93064620026512,-28.123410892585,-65.54728455551772,30.909090909090907,3506935.379973489,5
cash_50_no_add,0.0,A_baseline,factor_rank,10,10000000,,,136,False,0,0,1,,-21.924485396895,-7.50316396712547,-36.11012365588745,37.5,7807551.4603105,0
dip_50_50,2.0,A_baseline,factor_rank,10,10000000,,,136,False,0,0,1,,-5.877635181652563,-1.8908537826524463,-34.5132821895902,40.44117647058824,9412236.481834743,36
dip_50_50,3.0,A_baseline,factor_rank,10,10000000,,,136,False,0,0,1,,-0.832764420888199,-0.2631912468711528,-34.260981624666606,41.17647058823529,9916723.55791118,29
dip_50_50,4.0,A_baseline,factor_rank,10,10000000,,,136,False,0,0,1,,-1.290370737671942,-0.4084604466024433,-33.227608592629466,39.705882352941174,9870962.926232805,18
dip_50_50,5.0,A_baseline,factor_rank,10,10000000,,,136,False,0,0,1,,-9.730748954827206,-3.17472930717696,-32.15984345051067,38.23529411764706,9026925.10451728,10
cash_50_no_add,0.0,B_improved,ticker_ascending,10,10000000,,,73,False,0,0,0,,-0.39357497009750997,-0.12419967687270494,-32.33605203423835,42.465753424657535,9960642.50299025,0
dip_50_50,2.0,B_improved,ticker_ascending,10,10000000,,,73,False,0,0,0,,14.765787814258813,4.435808797221141,-35.91313845599375,49.31506849315068,11476578.781425882,36
dip_50_50,3.0,B_improved,ticker_ascending,10,10000000,,,73,False,0,0,0,,0.965955708748778,0.303412080988541,-34.42577867453407,45.20547945205479,10096595.570874877,23
dip_50_50,4.0,B_improved,ticker_ascending,10,10000000,,,73,False,0,0,0,,-6.643559789103759,-2.1431574214174853,-38.4432975347881,43.83561643835616,9335644.021089625,15
dip_50_50,5.0,B_improved,ticker_ascending,10,10000000,,,73,False,0,0,0,,-1.3470684669652955,-0.4264914883679971,-33.79165629414999,42.465753424657535,9865293.15330347,3
cash_50_no_add,0.0,B_improved,factor_rank,10,10000000,,,75,False,0,0,0,,-11.398068774852755,-3.7419361269260265,-38.36179084193682,41.333333333333336,8860193.122514725,0
dip_50_50,2.0,B_improved,factor_rank,10,10000000,,,75,False,0,0,0,,2.123920504875265,0.6645265475168305,-41.55109179805149,48.0,10212392.050487526,35
dip_50_50,3.0,B_improved,factor_rank,10,10000000,,,75,False,0,0,0,,-9.853827324006591,-3.2163529682921688,-39.44345050417358,44.0,9014617.26759934,22
dip_50_50,4.0,B_improved,factor_rank,10,10000000,,,75,False,0,0,0,,-14.956942484902736,-4.97754955872195,-43.04446615839276,42.66666666666667,8504305.751509726,13
dip_50_50,5.0,B_improved,factor_rank,10,10000000,,,75,False,0,0,0,,-12.28459708171753,-4.0465061664485935,-39.00635630446008,41.333333333333336,8771540.291828247,3
cash_50_no_add,0.0,A_baseline,ticker_ascending,15,300000,,,76,False,0,0,0,,106.55625652224576,25.684560759036778,-23.9470388374022,44.73684210526316,619668.7695667373,0
dip_50_50,2.0,A_baseline,ticker_ascending,15,300000,,,76,False,0,0,0,,138.02595946805587,31.42872051864043,-29.15163360501595,48.68421052631579,714077.8784041676,30
dip_50_50,3.0,A_baseline,ticker_ascending,15,300000,,,76,False,0,0,0,,150.4677079357031,33.55605014014233,-27.263450497048247,47.368421052631575,751403.1238071092,25
dip_50_50,4.0,A_baseline,ticker_ascending,15,300000,,,76,False,0,0,0,,157.70806309000395,34.7608842592293,-25.98289984927962,47.368421052631575,773124.1892700118,22
dip_50_50,5.0,A_baseline,ticker_ascending,15,300000,,,76,False,0,0,0,,130.90165038029883,30.176099835325545,-26.00907686122136,44.73684210526316,692704.9511408965,8
cash_50_no_add,0.0,A_baseline,factor_rank,15,300000,,,113,False,0,0,0,,21.240744899435636,6.257896991159573,-32.122985072162635,38.05309734513274,363722.23469830694,0
dip_50_50,2.0,A_baseline,factor_rank,15,300000,,,113,False,0,0,0,,34.73131310463362,9.8502431500042,-37.449951520153505,38.05309734513274,404193.9393139009,27
dip_50_50,3.0,A_baseline,factor_rank,15,300000,,,113,False,0,0,0,,31.788219615078027,9.088304617829369,-37.59391454578033,38.93805309734513,395364.6588452341,20
dip_50_50,4.0,A_baseline,factor_rank,15,300000,,,113,False,0,0,0,,42.706589704530586,11.85923787594736,-36.91714739661014,38.93805309734513,428119.76911359176,15
dip_50_50,5.0,A_baseline,factor_rank,15,300000,,,113,False,0,0,0,,32.30305718596447,9.222426161677767,-34.87472177552715,38.05309734513274,396909.1715578934,6
cash_50_no_add,0.0,B_improved,ticker_ascending,15,300000,,,65,False,0,0,0,,34.009814743029935,9.66451716513439,-22.326837939227428,43.07692307692308,402029.4442290898,0
dip_50_50,2.0,B_improved,ticker_ascending,15,300000,,,65,False,0,0,0,,48.18721401677448,13.195639735401631,-33.840195516844375,46.15384615384615,444561.6420503234,30
dip_50_50,3.0,B_improved,ticker_ascending,15,300000,,,65,False,0,0,0,,39.321915789234716,11.016268610144198,-30.79406435003308,46.15384615384615,417965.74736770417,23
dip_50_50,4.0,B_improved,ticker_ascending,15,300000,,,65,False,0,0,0,,41.58700740946557,11.581930801945228,-27.905407589913832,46.15384615384615,424761.02222839673,18
dip_50_50,5.0,B_improved,ticker_ascending,15,300000,,,65,False,0,0,0,,46.05623910448975,12.680108765023679,-23.12704231033199,43.07692307692308,438168.7173134693,3
cash_50_no_add,0.0,B_improved,factor_rank,15,300000,,,66,False,0,0,0,,53.645773256236765,14.493425296788454,-19.62437916563111,45.45454545454545,460937.3197687103,0
dip_50_50,2.0,B_improved,factor_rank,15,300000,,,66,False,0,0,0,,89.06208850940294,22.227739702688034,-21.60237431111003,46.96969696969697,567186.2655282088,27
dip_50_50,3.0,B_improved,factor_rank,15,300000,,,66,False,0,0,0,,68.50797213694784,17.873914152957937,-21.445379967287447,46.96969696969697,505523.9164108435,19
dip_50_50,4.0,B_improved,factor_rank,15,300000,,,66,False,0,0,0,,67.64096118137873,17.68244653258657,-21.65912902699585,46.96969696969697,502922.8835441362,14
dip_50_50,5.0,B_improved,factor_rank,15,300000,,,66,False,0,0,0,,66.24454238714208,17.37263553045636,-19.836895427925615,45.45454545454545,498733.62716142624,3
cash_50_no_add,0.0,A_baseline,ticker_ascending,15,500000,,,76,False,0,0,0,,110.30476297460208,26.39893984158499,-23.974502335349978,44.73684210526316,1051523.8148730104,0
dip_50_50,2.0,A_baseline,ticker_ascending,15,500000,,,76,False,0,0,0,,145.0002510170413,32.630333017167246,-28.780468185187058,48.68421052631579,1225001.2550852066,31
dip_50_50,3.0,A_baseline,ticker_ascending,15,500000,,,76,False,0,0,0,,160.7466061382627,35.259610937176156,-27.508098588775887,47.368421052631575,1303733.0306913136,26
dip_50_50,4.0,A_baseline,ticker_ascending,15,500000,,,76,False,0,0,0,,170.51054266001952,36.83574124857001,-26.124919967269435,47.368421052631575,1352552.7133000977,22
dip_50_50,5.0,A_baseline,ticker_ascending,15,500000,,,76,False,0,0,0,,135.28893067827843,30.950564209085396,-25.55986727243049,44.73684210526316,1176444.6533913922,8
cash_50_no_add,0.0,A_baseline,factor_rank,15,500000,,,113,False,0,0,0,,-2.894878093548703,-0.9214921999954884,-35.83760773172091,36.283185840707965,485525.6095322565,0
dip_50_50,2.0,A_baseline,factor_rank,15,500000,,,113,False,0,0,0,,10.296367064763867,3.1366069630008875,-43.70989965428962,36.283185840707965,551481.8353238193,28
dip_50_50,3.0,A_baseline,factor_rank,15,500000,,,113,False,0,0,0,,10.472533036500685,3.188492111469099,-39.595312092121645,37.16814159292036,552362.6651825034,21
dip_50_50,4.0,A_baseline,factor_rank,15,500000,,,113,False,0,0,0,,18.261222644703512,5.427938606344052,-38.17499907237203,37.16814159292036,591306.1132235175,16
dip_50_50,5.0,A_baseline,factor_rank,15,500000,,,113,False,0,0,0,,13.004182007014386,3.927942929724404,-37.245473251206775,36.283185840707965,565020.9100350719,6
cash_50_no_add,0.0,B_improved,ticker_ascending,15,500000,,,66,False,0,0,0,,46.22094726907275,12.720138381366851,-23.446817140555932,43.93939393939394,731104.7363453638,0
dip_50_50,2.0,B_improved,ticker_ascending,15,500000,,,66,False,0,0,0,,58.53334882720016,15.628925417475447,-33.75035370495129,46.96969696969697,792666.7441360008,30
dip_50_50,3.0,B_improved,ticker_ascending,15,500000,,,66,False,0,0,0,,56.48065042457502,15.154996547937284,-30.195112222334952,46.96969696969697,782403.2521228751,23
dip_50_50,4.0,B_improved,ticker_ascending,15,500000,,,66,False,0,0,0,,56.01075054621929,15.045907445182106,-28.918349495839678,46.96969696969697,780053.7527310965,18
dip_50_50,5.0,B_improved,ticker_ascending,15,500000,,,66,False,0,0,0,,58.97203915277161,15.72966487883891,-24.404182399719375,43.93939393939394,794860.195763858,3
cash_50_no_add,0.0,B_improved,factor_rank,15,500000,,,67,False,0,0,0,,59.60714139804766,15.875170974394681,-20.275205391652594,46.26865671641791,798035.7069902383,0
dip_50_50,2.0,B_improved,factor_rank,15,500000,,,67,False,0,0,0,,90.75413820538304,22.571423378286816,-21.99436795897367,47.76119402985074,953770.6910269152,27
dip_50_50,3.0,B_improved,factor_rank,15,500000,,,67,False,0,0,0,,76.58554246921851,19.626123022320673,-21.36510307113806,47.76119402985074,882927.7123460926,19
dip_50_50,4.0,B_improved,factor_rank,15,500000,,,67,False,0,0,0,,76.1655760744161,19.53639125439979,-21.487048454522117,47.76119402985074,880827.8803720805,14
dip_50_50,5.0,B_improved,factor_rank,15,500000,,,67,False,0,0,0,,69.4796855082891,18.087703750263586,-20.377195638378566,46.26865671641791,847398.4275414455,3
cash_50_no_add,0.0,A_baseline,ticker_ascending,15,1000000,,,76,False,0,0,0,,112.17250165537092,26.75163624217891,-24.063985118912477,44.73684210526316,2121725.0165537093,0
dip_50_50,2.0,A_baseline,ticker_ascending,15,1000000,,,76,False,0,0,0,,151.09360714874697,33.66113780801066,-29.626325688302224,48.68421052631579,2510936.0714874696,31
dip_50_50,3.0,A_baseline,ticker_ascending,15,1000000,,,76,False,0,0,0,,165.34070875470817,36.00615351129495,-27.799013867142143,47.368421052631575,2653407.0875470815,26
dip_50_50,4.0,A_baseline,ticker_ascending,15,1000000,,,76,False,0,0,0,,177.37898671833304,37.92127024738734,-26.44773104698144,47.368421052631575,2773789.8671833305,22
dip_50_50,5.0,A_baseline,ticker_ascending,15,1000000,,,76,False,0,0,0,,139.7460745661411,31.727299044973513,-26.377955458022228,44.73684210526316,2397460.745661411,8
cash_50_no_add,0.0,A_baseline,factor_rank,15,1000000,,,112,False,0,0,0,,4.501899698708134,1.3974051121262043,-36.06696323203923,37.5,1045018.9969870814,0
dip_50_50,2.0,A_baseline,factor_rank,15,1000000,,,112,False,0,0,0,,21.636991249188675,6.367216900596073,-41.808304669390985,37.5,1216369.9124918866,27
dip_50_50,3.0,A_baseline,factor_rank,15,1000000,,,112,False,0,0,0,,19.478957428093867,5.768854817916602,-40.07551877467731,38.392857142857146,1194789.5742809386,20
dip_50_50,4.0,A_baseline,factor_rank,15,1000000,,,112,False,0,0,0,,28.89312327924072,8.327336038087886,-38.74390315205362,38.392857142857146,1288931.2327924073,15
dip_50_50,5.0,A_baseline,factor_rank,15,1000000,,,112,False,0,0,0,,20.695360044116985,6.107030553890991,-37.453268755244174,37.5,1206953.60044117,6
cash_50_no_add,0.0,B_improved,ticker_ascending,15,1000000,,,66,False,0,0,0,,45.218840095968815,12.476113102998276,-24.127843031759767,43.93939393939394,1452188.4009596882,0
dip_50_50,2.0,B_improved,ticker_ascending,15,1000000,,,66,False,0,0,0,,60.21229024450763,16.013446095858196,-35.366163192411314,46.96969696969697,1602122.9024450763,30
dip_50_50,3.0,B_improved,ticker_ascending,15,1000000,,,66,False,0,0,0,,53.85392704350538,14.54228487003677,-31.909536103426937,46.96969696969697,1538539.2704350539,23
dip_50_50,4.0,B_improved,ticker_ascending,15,1000000,,,66,False,0,0,0,,57.14771287587639,15.309473083950543,-29.027938587124357,46.96969696969697,1571477.128758764,18
dip_50_50,5.0,B_improved,ticker_ascending,15,1000000,,,66,False,0,0,0,,57.265527995759655,15.336709708278695,-25.022017641095907,43.93939393939394,1572655.2799575967,3
cash_50_no_add,0.0,B_improved,factor_rank,15,1000000,,,67,False,0,0,0,,59.6610538891452,15.887504408846231,-20.084802557679804,46.26865671641791,1596610.538891452,0
dip_50_50,2.0,B_improved,factor_rank,15,1000000,,,67,False,0,0,0,,91.13278600288903,22.64804697139389,-22.30030885205958,47.76119402985074,1911327.8600288904,27
dip_50_50,3.0,B_improved,factor_rank,15,1000000,,,67,False,0,0,0,,76.50726793391141,19.609409649441112,-21.922990679526333,47.76119402985074,1765072.679339114,19
dip_50_50,4.0,B_improved,factor_rank,15,1000000,,,67,False,0,0,0,,75.33968342867392,19.359499349424624,-22.009136323665647,47.76119402985074,1753396.8342867391,14
dip_50_50,5.0,B_improved,factor_rank,15,1000000,,,67,False,0,0,0,,72.05047124907797,18.649290860772716,-20.171773297083952,46.26865671641791,1720504.7124907798,3
cash_50_no_add,0.0,A_baseline,ticker_ascending,15,3000000,,,76,False,0,0,0,,113.87675918204923,27.071610967810543,-24.247075978721387,44.73684210526316,6416302.775461476,0
dip_50_50,2.0,A_baseline,ticker_ascending,15,3000000,,,76,False,0,0,0,,152.8408801806792,33.95355641593658,-29.967503399899076,48.68421052631579,7585226.405420376,31
dip_50_50,3.0,A_baseline,ticker_ascending,15,3000000,,,76,False,0,0,0,,169.80905999330508,36.723816759077835,-28.0270137337603,47.368421052631575,8094271.799799153,26
dip_50_50,4.0,A_baseline,ticker_ascending,15,3000000,,,76,False,0,0,0,,179.86777186583862,38.31006660725764,-26.720077727390656,47.368421052631575,8396033.15597516,22
dip_50_50,5.0,A_baseline,ticker_ascending,15,3000000,,,76,False,0,0,0,,141.62658144485465,32.052044492132524,-26.478115647453993,44.73684210526316,7248797.443345639,8
cash_50_no_add,0.0,A_baseline,factor_rank,15,3000000,,,111,False,0,0,0,,38.398325792116125,10.783812151666528,-24.318911352334993,39.63963963963964,4151949.773763484,0
dip_50_50,2.0,A_baseline,factor_rank,15,3000000,,,111,False,0,0,0,,59.95711091604061,15.955181895314773,-28.917583453485353,39.63963963963964,4798713.327481219,26
dip_50_50,3.0,A_baseline,factor_rank,15,3000000,,,111,False,0,0,0,,54.64943842960326,14.728597824430146,-28.62879931771456,40.54054054054054,4639483.152888098,19
dip_50_50,4.0,A_baseline,factor_rank,15,3000000,,,111,False,0,0,0,,72.01732845195667,18.642087521385918,-26.791161955062037,40.54054054054054,5160519.8535587005,13
dip_50_50,5.0,A_baseline,factor_rank,15,3000000,,,111,False,0,0,0,,54.202763973618296,14.624065342201442,-26.562324411583404,39.63963963963964,4626082.919208549,6
cash_50_no_add,0.0,B_improved,ticker_ascending,15,3000000,,,66,False,0,0,0,,44.8116605667408,12.37663041753969,-24.77021161723385,43.93939393939394,4344349.817002224,0
dip_50_50,2.0,B_improved,ticker_ascending,15,3000000,,,66,False,0,0,0,,59.05040318144461,15.747640098250848,-36.5978452011387,46.96969696969697,4771512.095443338,30
dip_50_50,3.0,B_improved,ticker_ascending,15,3000000,,,66,False,0,0,0,,52.491606929636994,14.22168406739981,-32.39069724276161,46.96969696969697,4574748.20788911,23
dip_50_50,4.0,B_improved,ticker_ascending,15,3000000,,,66,False,0,0,0,,57.48821021083139,15.38815147589705,-29.778721835787792,46.96969696969697,4724646.306324942,18
dip_50_50,5.0,B_improved,ticker_ascending,15,3000000,,,66,False,0,0,0,,57.116413624797026,15.30223493894134,-25.619287539843704,43.93939393939394,4713492.4087439105,3
cash_50_no_add,0.0,B_improved,factor_rank,15,3000000,,,67,False,0,0,0,,61.07627239766966,16.210245492257734,-20.310277331794126,46.26865671641791,4832288.17193009,0
dip_50_50,2.0,B_improved,factor_rank,15,3000000,,,67,False,0,0,0,,93.83984840890325,23.192845302105482,-22.173070787272863,47.76119402985074,5815195.452267097,27
dip_50_50,3.0,B_improved,factor_rank,15,3000000,,,67,False,0,0,0,,78.66702382752342,20.068716746186887,-22.141758027611182,47.76119402985074,5360010.714825703,19
dip_50_50,4.0,B_improved,factor_rank,15,3000000,,,67,False,0,0,0,,78.4124314075062,20.014771925495477,-22.040150531731918,47.76119402985074,5352372.942225186,14
dip_50_50,5.0,B_improved,factor_rank,15,3000000,,,67,False,0,0,0,,74.76387872448123,19.235834074968338,-20.270419334510404,46.26865671641791,5242916.361734437,3
cash_50_no_add,0.0,A_baseline,ticker_ascending,15,10000000,,,76,False,0,0,0,,115.07608767167076,27.29573982186606,-24.300848054556823,44.73684210526316,21507608.767167076,0
dip_50_50,2.0,A_baseline,ticker_ascending,15,10000000,,,76,False,0,0,0,,154.1406567377747,34.17018685288116,-30.048571081730103,48.68421052631579,25414065.67377747,31
dip_50_50,3.0,A_baseline,ticker_ascending,15,10000000,,,76,False,0,0,0,,171.10652285187476,36.93067630333549,-28.153083659666976,47.368421052631575,27110652.285187475,26
dip_50_50,4.0,A_baseline,ticker_ascending,15,10000000,,,76,False,0,0,0,,180.70658432224826,38.44057166888775,-26.766787717054143,47.368421052631575,28070658.432224825,22
dip_50_50,5.0,A_baseline,ticker_ascending,15,10000000,,,76,False,0,0,0,,142.7389837942441,32.2433315900603,-26.547664073956025,44.73684210526316,24273898.379424408,8
cash_50_no_add,0.0,A_baseline,factor_rank,15,10000000,,,111,False,0,0,0,,36.91964002296546,10.409422590792072,-24.474330894353646,39.63963963963964,13691964.002296546,0
dip_50_50,2.0,A_baseline,factor_rank,15,10000000,,,111,False,0,0,0,,59.49545515156698,15.84961169263388,-29.255812588043195,39.63963963963964,15949545.515156697,26
dip_50_50,3.0,A_baseline,factor_rank,15,10000000,,,111,False,0,0,0,,53.46231422646417,14.450324681881588,-28.667559944061914,40.54054054054054,15346231.422646416,19
dip_50_50,4.0,A_baseline,factor_rank,15,10000000,,,111,False,0,0,0,,71.34527610250574,18.49581647300711,-26.844665379025145,40.54054054054054,17134527.610250574,13
dip_50_50,5.0,A_baseline,factor_rank,15,10000000,,,111,False,0,0,0,,54.72096252450387,14.745316956593978,-26.56633869364683,39.63963963963964,15472096.252450388,6
cash_50_no_add,0.0,B_improved,ticker_ascending,15,10000000,,,66,False,0,0,0,,45.69372040807313,12.591895515974482,-24.90420780669098,43.93939393939394,14569372.040807314,0
dip_50_50,2.0,B_improved,ticker_ascending,15,10000000,,,66,False,0,0,0,,59.35170572666446,15.816696738435908,-36.79921525267872,46.96969696969697,15935170.572666446,30
dip_50_50,3.0,B_improved,ticker_ascending,15,10000000,,,66,False,0,0,0,,53.19385530480301,14.38719112642255,-32.60285458652823,46.96969696969697,15319385.530480301,23
dip_50_50,4.0,B_improved,ticker_ascending,15,10000000,,,66,False,0,0,0,,56.92430672763065,15.257787388078237,-30.078223236738964,46.96969696969697,15692430.672763065,18
dip_50_50,5.0,B_improved,ticker_ascending,15,10000000,,,66,False,0,0,0,,57.619264778289825,15.418403079768694,-25.71227975756798,43.93939393939394,15761926.477828983,3
cash_50_no_add,0.0,B_improved,factor_rank,15,10000000,,,67,False,0,0,0,,61.168562059401374,16.231224623635843,-20.392137877562643,46.26865671641791,16116856.205940139,0
dip_50_50,2.0,B_improved,factor_rank,15,10000000,,,67,False,0,0,0,,95.65391926904499,23.55501887170499,-22.191484125973037,47.76119402985074,19565391.9269045,27
dip_50_50,3.0,B_improved,factor_rank,15,10000000,,,67,False,0,0,0,,79.19203464671813,20.179793712835227,-22.09162367952786,47.76119402985074,17919203.464671813,19
dip_50_50,4.0,B_improved,factor_rank,15,10000000,,,67,False,0,0,0,,77.81754780359766,19.88851800015745,-22.12953807279976,47.76119402985074,17781754.780359767,14
dip_50_50,5.0,B_improved,factor_rank,15,10000000,,,67,False,0,0,0,,73.82160521405898,19.032859141083392,-20.39295607743349,46.26865671641791,17382160.521405898,3
cash_50_no_add,0.0,A_baseline,ticker_ascending,20,300000,,,71,False,0,0,0,,5.214411342336556,1.614770372095209,-21.083106919384964,47.88732394366197,315643.2340270097,0
dip_50_50,2.0,A_baseline,ticker_ascending,20,300000,,,73,False,0,0,0,,44.60324892963594,12.325636852484978,-26.350456967242753,49.31506849315068,433809.7467889078,28
dip_50_50,3.0,A_baseline,ticker_ascending,20,300000,,,71,False,0,0,0,,37.88783458062153,10.654871499135442,-22.823932164276627,50.70422535211267,413663.5037418646,17
dip_50_50,4.0,A_baseline,ticker_ascending,20,300000,,,73,False,0,0,0,,46.37329119758606,12.757135591824875,-22.248451316556363,49.31506849315068,439119.8735927582,14
dip_50_50,5.0,A_baseline,ticker_ascending,20,300000,,,71,False,0,0,0,,38.62716127357475,10.841506050188986,-20.771469647885034,50.70422535211267,415881.48382072424,8
cash_50_no_add,0.0,A_baseline,factor_rank,20,300000,,,88,False,0,0,0,,-12.942917351953476,-4.274041246894278,-34.621512579659296,37.5,261171.24794413958,0
dip_50_50,2.0,A_baseline,factor_rank,20,300000,,,88,False,0,0,0,,-3.0958519344110536,-0.9861605347411428,-39.847855147362154,39.77272727272727,290712.4441967668,28
dip_50_50,3.0,A_baseline,factor_rank,20,300000,,,88,False,0,0,0,,-0.6044636677966175,-0.19088774485287452,-39.827728366029866,39.77272727272727,298186.60899661016,20
dip_50_50,4.0,A_baseline,factor_rank,20,300000,,,88,False,0,0,0,,5.230855864174333,1.6197751684054573,-35.18289238285153,39.77272727272727,315692.567592523,14
dip_50_50,5.0,A_baseline,factor_rank,20,300000,,,88,False,0,0,0,,-9.126412420562236,-2.9709117973569343,-33.50635058962618,38.63636363636363,272620.7627383133,7
cash_50_no_add,0.0,B_improved,ticker_ascending,20,300000,,,61,False,0,0,0,,21.234146499128983,6.25607449692871,-23.565889186678966,37.704918032786885,363702.4394973869,0
dip_50_50,2.0,B_improved,ticker_ascending,20,300000,,,60,False,0,0,0,,34.560825649692205,9.806418347105117,-38.624594235581064,40.0,403682.47694907663,29
dip_50_50,3.0,B_improved,ticker_ascending,20,300000,,,61,False,0,0,0,,16.250928688646525,4.859838831263086,-32.88605721186123,39.34426229508197,348752.7860659396,23
dip_50_50,4.0,B_improved,ticker_ascending,20,300000,,,61,False,0,0,0,,23.70495478484711,6.933821496665882,-29.163056706412227,37.704918032786885,371114.86435454135,17
dip_50_50,5.0,B_improved,ticker_ascending,20,300000,,,61,False,0,0,0,,29.007857372008505,8.357715162875422,-22.60501110939257,37.704918032786885,387023.5721160255,5
cash_50_no_add,0.0,B_improved,factor_rank,20,300000,,,65,False,0,0,0,,19.716853938385448,5.835178000651009,-24.252295685421355,38.46153846153847,359150.56181515637,0
dip_50_50,2.0,B_improved,factor_rank,20,300000,,,64,False,0,0,0,,30.222678038094774,8.678244187533469,-39.77307091906316,40.625,390668.0341142843,29
dip_50_50,3.0,B_improved,factor_rank,20,300000,,,65,False,0,0,0,,11.570530493617536,3.510608400698656,-35.2806608142894,38.46153846153847,334711.5914808526,23
dip_50_50,4.0,B_improved,factor_rank,20,300000,,,65,False,0,0,0,,24.988917598258652,7.282359306045438,-30.4043038506146,38.46153846153847,374966.75279477594,15
dip_50_50,5.0,B_improved,factor_rank,20,300000,,,65,False,0,0,0,,26.955038698014945,7.81135088593492,-24.764112732560527,38.46153846153847,380865.1160940448,3
cash_50_no_add,0.0,A_baseline,ticker_ascending,20,500000,,,68,False,0,0,0,,-0.7607773305885024,-0.24038043484144733,-24.004126566458574,42.64705882352941,496196.1133470575,0
dip_50_50,2.0,A_baseline,ticker_ascending,20,500000,,,68,False,0,0,0,,18.38028872578168,5.4613780105006615,-28.668315511613674,44.11764705882353,591901.4436289084,33
dip_50_50,3.0,A_baseline,ticker_ascending,20,500000,,,68,False,0,0,0,,11.899461868127403,3.606683206477146,-26.91076432432109,44.11764705882353,559497.3093406371,26
dip_50_50,4.0,A_baseline,ticker_ascending,20,500000,,,68,False,0,0,0,,15.260914571100992,4.5775903288978625,-26.371243077047257,44.11764705882353,576304.5728555049,18
dip_50_50,5.0,A_baseline,ticker_ascending,20,500000,,,68,False,0,0,0,,9.476202151117619,2.894298447593502,-25.349282664530215,44.11764705882353,547381.0107555881,7
cash_50_no_add,0.0,A_baseline,factor_rank,20,500000,,,88,False,0,0,0,,-9.188763595481076,-2.991897222495876,-34.717233081058275,37.5,454056.1820225946,0
dip_50_50,2.0,A_baseline,factor_rank,20,500000,,,91,False,0,0,0,,41.782435454967626,11.630443897898113,-39.201714934738185,41.75824175824176,708912.1772748381,28
dip_50_50,3.0,A_baseline,factor_rank,20,500000,,,88,False,0,0,0,,-2.956241642069468,-0.9412277200221086,-40.53647072184406,39.77272727272727,485218.79178965266,21
dip_50_50,4.0,A_baseline,factor_rank,20,500000,,,88,False,0,0,0,,6.998336151334228,2.1546040715548553,-35.30355019417527,39.77272727272727,534991.6807566711,14
dip_50_50,5.0,A_baseline,factor_rank,20,500000,,,88,False,0,0,0,,-3.0972301588895967,-0.9866043297325877,-33.33362171283667,38.63636363636363,484513.849205552,7
cash_50_no_add,0.0,B_improved,ticker_ascending,20,500000,,,61,False,0,0,0,,20.639529004737977,6.0915600345698095,-23.950200268378364,37.704918032786885,603197.6450236898,0
dip_50_50,2.0,B_improved,ticker_ascending,20,500000,,,61,False,0,0,0,,27.81437909550275,8.04079799092856,-39.059193608068554,37.704918032786885,639071.8954775138,30
dip_50_50,3.0,B_improved,ticker_ascending,20,500000,,,61,False,0,0,0,,18.623981467536165,5.529746744340391,-33.32453554600949,39.34426229508197,593119.9073376808,23
dip_50_50,4.0,B_improved,ticker_ascending,20,500000,,,61,False,0,0,0,,24.752850821120663,7.218462440597295,-30.3863962475624,37.704918032786885,623764.2541056033,17
dip_50_50,5.0,B_improved,ticker_ascending,20,500000,,,61,False,0,0,0,,27.370362225493828,7.922376191996516,-24.870055788308854,37.704918032786885,636851.8111274692,5
cash_50_no_add,0.0,B_improved,factor_rank,20,500000,,,65,False,0,0,0,,19.508679681212104,5.777146027691504,-26.35380370232827,38.46153846153847,597543.3984060605,0
dip_50_50,2.0,B_improved,factor_rank,20,500000,,,65,False,0,0,0,,20.102783075064323,5.942579488612654,-40.75088371010611,38.46153846153847,600513.9153753216,30
dip_50_50,3.0,B_improved,factor_rank,20,500000,,,65,False,0,0,0,,14.300333999181692,4.3021417133983775,-36.33808703118121,38.46153846153847,571501.6699959085,23
dip_50_50,4.0,B_improved,factor_rank,20,500000,,,65,False,0,0,0,,26.18907422426764,7.6059372207488485,-31.158681234179795,38.46153846153847,630945.3711213382,15
dip_50_50,5.0,B_improved,factor_rank,20,500000,,,65,False,0,0,0,,26.107459976670455,7.583999906448691,-26.28751074114264,38.46153846153847,630537.2998833522,3
cash_50_no_add,0.0,A_baseline,ticker_ascending,20,1000000,,,68,False,0,0,0,,-0.6871390196981797,-0.2170581165286456,-23.1650008884979,42.64705882352941,993128.6098030182,0
dip_50_50,2.0,A_baseline,ticker_ascending,20,1000000,,,68,False,0,0,0,,20.981684235492672,6.186292722291142,-28.835604201611808,44.11764705882353,1209816.8423549267,33
dip_50_50,3.0,A_baseline,ticker_ascending,20,1000000,,,68,False,0,0,0,,12.825544166366388,3.876140121997995,-27.47288082939301,44.11764705882353,1128255.4416636638,26
dip_50_50,4.0,A_baseline,ticker_ascending,20,1000000,,,68,False,0,0,0,,17.277989137455798,5.1509146865786,-26.50479474989994,44.11764705882353,1172779.891374558,18
dip_50_50,5.0,A_baseline,ticker_ascending,20,1000000,,,68,False,0,0,0,,10.31462943016579,3.1419883078874777,-24.89846017508295,44.11764705882353,1103146.294301658,7
cash_50_no_add,0.0,A_baseline,factor_rank,20,1000000,,,90,False,0,0,0,,3.763861814966951,1.171179747730866,-35.328585138105915,38.88888888888889,1037638.6181496696,0
dip_50_50,2.0,A_baseline,factor_rank,20,1000000,,,90,False,0,0,0,,34.46372753922364,9.78144170838846,-40.46520578629216,41.11111111111111,1344637.2753922364,28
dip_50_50,3.0,A_baseline,factor_rank,20,1000000,,,90,False,0,0,0,,35.723467073059886,10.104531432810582,-39.72923256938966,41.11111111111111,1357234.670730599,20
dip_50_50,4.0,A_baseline,factor_rank,20,1000000,,,90,False,0,0,0,,30.276055770731936,8.69228078849218,-37.39937985038225,41.11111111111111,1302760.5577073193,15
dip_50_50,5.0,A_baseline,factor_rank,20,1000000,,,90,False,0,0,0,,23.177797195235293,6.790004558942808,-35.12022669226765,40.0,1231777.971952353,8
cash_50_no_add,0.0,B_improved,ticker_ascending,20,1000000,,,62,False,0,0,0,,22.474250354755764,6.597407662957555,-24.14577565697541,38.70967741935484,1224742.5035475576,0
dip_50_50,2.0,B_improved,ticker_ascending,20,1000000,,,62,False,0,0,0,,27.053419694862168,7.837672792580719,-40.80627913538846,38.70967741935484,1270534.1969486217,30
dip_50_50,3.0,B_improved,ticker_ascending,20,1000000,,,62,False,0,0,0,,22.44153337723207,6.588432929721599,-34.85105944862903,40.32258064516129,1224415.3337723208,23
dip_50_50,4.0,B_improved,ticker_ascending,20,1000000,,,62,False,0,0,0,,28.087190374549785,8.113418622403334,-31.409704672124906,38.70967741935484,1280871.9037454978,17
dip_50_50,5.0,B_improved,ticker_ascending,20,1000000,,,62,False,0,0,0,,31.643016488089092,9.05041255205874,-25.333465712001257,38.70967741935484,1316430.1648808909,5
cash_50_no_add,0.0,B_improved,factor_rank,20,1000000,,,66,False,0,0,0,,20.526384799019937,6.06019326195415,-26.87885730154499,39.39393939393939,1205263.8479901995,0
dip_50_50,2.0,B_improved,factor_rank,20,1000000,,,66,False,0,0,0,,20.237809904861635,5.980100731044802,-42.16141696594141,39.39393939393939,1202378.0990486164,30
dip_50_50,3.0,B_improved,factor_rank,20,1000000,,,66,False,0,0,0,,15.061973062221323,4.520672854331664,-37.696022303033274,39.39393939393939,1150619.7306222133,23
dip_50_50,4.0,B_improved,factor_rank,20,1000000,,,66,False,0,0,0,,29.816851895708396,8.571396083615813,-32.21329096552961,39.39393939393939,1298168.518957084,15
dip_50_50,5.0,B_improved,factor_rank,20,1000000,,,66,False,0,0,0,,28.923829921279378,8.335468312129635,-27.55787781110508,39.39393939393939,1289238.2992127938,3
cash_50_no_add,0.0,A_baseline,ticker_ascending,20,3000000,,,69,False,0,0,0,,34.758595999594164,9.8572528528452,-19.24973035121734,46.3768115942029,4042757.8799878247,0
dip_50_50,2.0,A_baseline,ticker_ascending,20,3000000,,,69,False,0,0,0,,80.34265150027629,20.422453459006885,-26.966467603573953,49.275362318840585,5410279.545008289,32
dip_50_50,3.0,A_baseline,ticker_ascending,20,3000000,,,69,False,0,0,0,,73.08860028303626,18.874440983095162,-23.178801575193898,49.275362318840585,5192658.008491088,23
dip_50_50,4.0,A_baseline,ticker_ascending,20,3000000,,,69,False,0,0,0,,89.71854597504958,22.36132634793091,-22.11131951780597,49.275362318840585,5691556.379251488,16
dip_50_50,5.0,A_baseline,ticker_ascending,20,3000000,,,69,False,0,0,0,,66.48153539931437,17.425340298182924,-20.667251094741413,49.275362318840585,4994446.061979431,7
cash_50_no_add,0.0,A_baseline,factor_rank,20,3000000,,,91,False,0,0,0,,23.175967067774337,6.789504537639668,-35.54117990444215,40.65934065934066,3695279.01203323,0
dip_50_50,2.0,A_baseline,factor_rank,20,3000000,,,91,False,0,0,0,,62.40609829826684,16.511747765018203,-33.95195984763373,42.857142857142854,4872182.948948005,27
dip_50_50,3.0,A_baseline,factor_rank,20,3000000,,,91,False,0,0,0,,63.377616729988404,16.730946311683127,-36.42855440911175,42.857142857142854,4901328.501899652,19
dip_50_50,4.0,A_baseline,factor_rank,20,3000000,,,91,False,0,0,0,,57.54446251548006,15.401138425825046,-35.342823967029034,42.857142857142854,4726333.875464402,14
dip_50_50,5.0,A_baseline,factor_rank,20,3000000,,,91,False,0,0,0,,42.659204714838594,11.847531437288294,-34.107625993501735,41.75824175824176,4279776.141445158,8
cash_50_no_add,0.0,B_improved,ticker_ascending,20,3000000,,,62,False,0,0,0,,26.401884158337996,7.66309331354027,-24.664874693064064,38.70967741935484,3792056.5247501396,0
dip_50_50,2.0,B_improved,ticker_ascending,20,3000000,,,62,False,0,0,0,,27.111381017158863,7.853173852331974,-41.611813613044376,38.70967741935484,3813341.430514766,30
dip_50_50,3.0,B_improved,ticker_ascending,20,3000000,,,62,False,0,0,0,,21.774349713914898,6.405055624483458,-35.88154405981145,40.32258064516129,3653230.491417447,23
dip_50_50,4.0,B_improved,ticker_ascending,20,3000000,,,62,False,0,0,0,,30.993828528927825,8.88065014465429,-32.12997217616631,38.70967741935484,3929814.8558678348,17
dip_50_50,5.0,B_improved,ticker_ascending,20,3000000,,,62,False,0,0,0,,33.830291285131196,9.61819841363658,-26.08240595959125,38.70967741935484,4014908.7385539357,5
cash_50_no_add,0.0,B_improved,factor_rank,20,3000000,,,66,False,0,0,0,,23.536659275669347,6.887953503753752,-27.17532217255346,39.39393939393939,3706099.77827008,0
dip_50_50,2.0,B_improved,factor_rank,20,3000000,,,66,False,0,0,0,,22.144039598318834,6.506750684383489,-42.90903270794817,39.39393939393939,3664321.1879495652,30
dip_50_50,3.0,B_improved,factor_rank,20,3000000,,,66,False,0,0,0,,17.07756281356565,5.094250009920098,-38.506591279541226,39.39393939393939,3512326.8844069694,23
dip_50_50,4.0,B_improved,factor_rank,20,3000000,,,66,False,0,0,0,,31.92036953594275,9.122765487444218,-33.46396103114371,39.39393939393939,3957611.0860782824,15
dip_50_50,5.0,B_improved,factor_rank,20,3000000,,,66,False,0,0,0,,31.95941822392283,9.132943728323205,-28.56748453686414,39.39393939393939,3958782.5467176847,3
cash_50_no_add,0.0,A_baseline,ticker_ascending,20,10000000,,,69,False,0,0,0,,36.95508809714572,10.418430029726732,-19.34512690319118,46.3768115942029,13695508.80971457,0
dip_50_50,2.0,A_baseline,ticker_ascending,20,10000000,,,69,False,0,0,0,,84.96096059250033,21.385900750919706,-27.083795591820405,49.275362318840585,18496096.059250034,32
dip_50_50,3.0,A_baseline,ticker_ascending,20,10000000,,,69,False,0,0,0,,76.29066366502248,19.56313329485169,-23.280713382873486,49.275362318840585,17629066.366502248,23
dip_50_50,4.0,A_baseline,ticker_ascending,20,10000000,,,69,False,0,0,0,,86.00748081842147,21.60192524794904,-22.114471485090537,49.275362318840585,18600748.081842147,16
dip_50_50,5.0,A_baseline,ticker_ascending,20,10000000,,,69,False,0,0,0,,68.33086312774851,17.83485695662408,-20.716321962644223,49.275362318840585,16833086.312774852,7
cash_50_no_add,0.0,A_baseline,factor_rank,20,10000000,,,91,False,0,0,0,,22.18723058711014,6.518617992334708,-35.31079074953385,40.65934065934066,12218723.058711015,0
dip_50_50,2.0,A_baseline,factor_rank,20,10000000,,,91,False,0,0,0,,58.52248451690487,15.626428150365946,-34.047791468541256,42.857142857142854,15852248.451690488,27
dip_50_50,3.0,A_baseline,factor_rank,20,10000000,,,91,False,0,0,0,,60.548609197359646,16.090139621214306,-36.41012751853063,42.857142857142854,16054860.919735964,19
dip_50_50,4.0,A_baseline,factor_rank,20,10000000,,,91,False,0,0,0,,54.417573955745404,14.674361851401052,-35.23485898399535,42.857142857142854,15441757.39557454,14
dip_50_50,5.0,A_baseline,factor_rank,20,10000000,,,91,False,0,0,0,,40.55583473873112,11.325190037391897,-34.21662459376371,41.75824175824176,14055583.473873112,8
cash_50_no_add,0.0,B_improved,ticker_ascending,20,10000000,,,62,False,0,0,0,,25.98852022483136,7.552012351912274,-25.001379831781545,38.70967741935484,12598852.022483135,0
dip_50_50,2.0,B_improved,ticker_ascending,20,10000000,,,62,False,0,0,0,,27.04969890275757,7.836677545993642,-41.89275425685624,38.70967741935484,12704969.890275756,30
dip_50_50,3.0,B_improved,ticker_ascending,20,10000000,,,62,False,0,0,0,,22.81688340467816,6.691298303937554,-36.33437771591254,40.32258064516129,12281688.340467816,23
dip_50_50,4.0,B_improved,ticker_ascending,20,10000000,,,62,False,0,0,0,,31.161531180391822,8.924559422353173,-32.39557051692946,38.70967741935484,13116153.118039181,17
dip_50_50,5.0,B_improved,ticker_ascending,20,10000000,,,62,False,0,0,0,,34.23509921965638,9.722582607452534,-26.454068118115124,38.70967741935484,13423509.921965636,5
cash_50_no_add,0.0,B_improved,factor_rank,20,10000000,,,66,False,0,0,0,,23.40150241107899,6.851086267733653,-27.654228354190636,39.39393939393939,12340150.2411079,0
dip_50_50,2.0,B_improved,factor_rank,20,10000000,,,66,False,0,0,0,,22.29006839450065,6.5468625108175305,-43.40429206451956,39.39393939393939,12229006.839450065,30
dip_50_50,3.0,B_improved,factor_rank,20,10000000,,,66,False,0,0,0,,17.14993190718339,5.114717910611066,-38.78440211661718,39.39393939393939,11714993.19071834,23
dip_50_50,4.0,B_improved,factor_rank,20,10000000,,,66,False,0,0,0,,32.11213163124691,9.172729465293106,-33.74135536159583,39.39393939393939,13211213.163124692,15
dip_50_50,5.0,B_improved,factor_rank,20,10000000,,,66,False,0,0,0,,32.89168616655669,9.375334041961292,-28.92047529452335,39.39393939393939,13289168.616655668,3
