period,rule,arm,scenarios,median_return_pct,median_mdd_pct,median_win_rate_pct,median_trades,median_eligible_signals,median_adds,median_return_delta_vs_cash_pp,median_mdd_improvement_vs_cash_pp,return_beats_cash_count,mdd_beats_cash_count,both_beats_cash_count,both_beats_all_in_count
development_2023_2024,all,all_in,4,-66.47363868153677,-75.66982986832295,33.10909090909091,98.0,1189.0,0.0,-29.86599141049483,-28.73859898073733,0,0,0,0
development_2023_2024,all,cash_half,4,-32.211878044078205,-43.06026228370558,33.10909090909091,98.0,1189.0,0.0,0.0,0.0,0,0,0,4
development_2023_2024,all,dip_2pct,4,-36.054087376965256,-46.80132326463118,36.013636363636365,98.0,1189.0,39.0,-3.8422093328870535,-3.741060980925589,2,1,1,4
development_2023_2024,all,dip_3pct,4,-36.68054829588519,-47.24781580014469,36.58181818181818,98.0,1189.0,28.5,-7.106590105692213,-6.693852006994398,0,0,0,4
development_2023_2024,all,dip_4pct,4,-34.50748834326745,-45.735983844292505,35.04545454545455,98.0,1189.0,17.0,-4.185194795942962,-3.67393209988259,0,0,0,4
development_2023_2024,all,dip_5pct,4,-31.99175973701428,-42.80712971348868,34.07727272727273,98.0,1189.0,9.0,-0.7521433425948674,-0.17210482066617772,2,2,2,4
development_2023_2024,breakout,all_in,4,-27.272281055275045,-68.92315247425444,34.34343434343434,88.5,370.0,0.0,-29.651855444124482,-28.846729056540642,0,0,0,0
development_2023_2024,breakout,cash_half,4,2.379574388849437,-40.47288359217569,34.34343434343434,88.5,370.0,0.0,0.0,0.0,0,0,0,4
development_2023_2024,breakout,dip_2pct,4,-19.508001643121233,-50.16418206572459,37.62468413352839,88.5,370.0,36.0,-20.392004331761193,-9.74429093003269,0,0,0,4
development_2023_2024,breakout,dip_3pct,4,-12.51924168754065,-47.37035341316385,37.13924724032451,88.5,370.0,29.0,-13.848397016645837,-6.8065270253610315,0,0,0,4
development_2023_2024,breakout,dip_4pct,4,-9.4202956049674,-44.91413169245605,36.653810347120626,88.5,370.0,22.0,-8.739824030802506,-4.818412434298303,0,1,0,4
development_2023_2024,breakout,dip_5pct,4,0.14362721936957978,-41.807767368570374,35.800842992623814,88.5,370.0,11.0,-2.336681488740616,-0.3762940451035526,2,1,1,4
development_2023_2024,pullback,all_in,4,13.184654837582109,-42.93373502010507,42.192982456140356,77.5,505.0,0.0,2.613554922546812,-19.905593378968995,2,0,0,0
development_2023_2024,pullback,cash_half,4,10.571099915035298,-22.7391100351901,41.87943262411348,77.0,505.0,0.0,0.0,0.0,0,0,0,2
development_2023_2024,pullback,dip_2pct,4,17.07850020024698,-35.570567133870256,44.60526315789474,77.5,505.0,34.0,2.66779486847112,-7.130731247735715,2,0,0,1
development_2023_2024,pullback,dip_3pct,4,18.153516633030698,-27.918271470430753,46.271929824561404,77.5,505.0,23.5,5.2390064694165766,-4.132989658782458,2,0,0,1
development_2023_2024,pullback,dip_4pct,4,14.699454069170692,-26.04684788544943,45.44326241134752,77.0,505.0,14.0,4.128354154135395,-2.2663947805090885,3,0,0,2
development_2023_2024,pullback,dip_5pct,4,10.582373300838888,-24.930278019049215,43.24468085106383,77.0,505.0,6.5,0.01127338580359094,-1.9069017423055445,2,1,0,2
development_2023_2024,regime_switch,all_in,4,-39.75897435192715,-67.53513648028468,38.07134894091416,60.5,346.0,0.0,-22.537292691414123,-25.953868280402467,0,0,0,0
development_2023_2024,regime_switch,cash_half,4,-16.676852275159288,-40.914666520074306,38.07134894091416,60.5,346.0,0.0,0.0,0.0,0,0,0,4
development_2023_2024,regime_switch,dip_2pct,4,-25.875652594001863,-43.88429120025126,41.1036036036036,60.5,346.0,30.0,-4.72484202906966,-3.1806145745428527,1,0,0,4
development_2023_2024,regime_switch,dip_3pct,4,-19.24945411754073,-40.279715365028096,40.609087348217784,60.5,346.0,22.0,0.9212951305665777,1.2650546138958063,3,4,3,4
development_2023_2024,regime_switch,dip_4pct,4,-13.927259156433541,-38.035351004339695,39.52062430323301,60.5,346.0,13.5,5.9513822480771275,2.5429859533456707,4,3,3,4
development_2023_2024,regime_switch,dip_5pct,4,-20.012900935086925,-42.71481266803893,39.52062430323301,60.5,346.0,8.0,-3.336048659927637,-1.558797388057556,1,0,0,3
later_2025,all,all_in,4,-5.987197269270732,-49.29694933535181,42.371794871794876,52.5,869.0,0.0,-5.015911137503743,-22.084618652932424,2,0,0,0
later_2025,all,cash_half,4,-0.9712861317669907,-27.212330682419385,42.708333333333336,52.5,869.0,0.0,0.0,0.0,0,0,0,2
later_2025,all,dip_2pct,4,-3.087445964495933,-29.512847726517023,44.53125,52.5,869.0,20.5,-2.1161598327289424,-3.391507276070085,2,0,0,2
later_2025,all,dip_3pct,4,0.28811838347680974,-30.251325822332753,44.53125,52.5,869.0,14.0,-1.2785353257839565,-1.6512829952684225,1,1,0,2
later_2025,all,dip_4pct,4,2.4115276255144584,-28.213975130922712,45.3125,52.5,869.0,9.5,-1.7771401532620583,-1.0016444485033293,1,0,0,2
later_2025,all,dip_5pct,4,-1.8747773584371519,-27.791211262807245,43.489583333333336,52.5,869.0,6.5,-0.5725833249957937,-0.578880580387862,2,0,0,2
later_2025,breakout,all_in,4,147.7844739482387,-28.40428797396094,50.42395336512984,44.0,312.0,0.0,82.3152026014903,-12.867605942229089,4,0,0,0
later_2025,breakout,cash_half,4,59.887216955499916,-15.16424416853242,51.40434552199258,44.0,312.0,0.0,0.0,0.0,0,0,0,0
later_2025,breakout,dip_2pct,4,74.35795283643704,-18.953424941413854,52.755696873343936,44.0,312.0,16.0,8.888681489688636,-4.318755574082202,4,0,0,0
later_2025,breakout,dip_3pct,4,76.96286226280256,-15.327752817251506,52.755696873343936,44.0,312.0,11.0,11.493590916054163,-0.16350864871908577,4,0,0,0
later_2025,breakout,dip_4pct,4,75.96875622630132,-15.340863873038469,52.89575289575289,44.0,312.0,7.5,13.338857943475343,-0.17744353504348798,4,0,0,0
later_2025,breakout,dip_5pct,4,64.55860553453175,-15.340863873038469,51.544401544401545,44.0,312.0,4.0,-0.03473203614996123,-0.0028161256674064106,2,0,0,0
later_2025,pullback,all_in,4,-10.627858402538966,-32.675567992804964,40.06410256410257,44.0,347.0,0.0,-7.367025299488672,-15.384121518810934,1,0,0,0
later_2025,pullback,cash_half,4,-3.2608331030502926,-16.98784696043566,40.06410256410257,44.0,347.0,0.0,0.0,0.0,0,0,0,3
later_2025,pullback,dip_2pct,4,4.48019674142725,-19.080045019991648,45.19230769230769,44.0,347.0,21.5,4.166714209405103,-2.377932660077901,3,1,1,4
later_2025,pullback,dip_3pct,4,1.2142230567039947,-19.610521174226818,44.23076923076923,44.0,347.0,17.0,4.4750561597542875,-2.622674213791159,3,0,0,4
later_2025,pullback,dip_4pct,4,-5.8431583077970695,-19.457121061331033,42.84188034188034,44.0,347.0,10.0,-2.582325204746777,-1.0855754111253066,1,0,0,4
later_2025,pullback,dip_5pct,4,-1.7699818441899218,-16.443422089040048,42.84188034188034,44.0,347.0,3.5,1.4908512588603706,0.010431182630488145,3,2,2,4
later_2025,regime_switch,all_in,4,20.085204345729714,-37.11077040165998,48.25581395348837,34.5,286.0,0.0,11.657656059035048,-16.17486060426493,3,0,0,0
later_2025,regime_switch,cash_half,4,8.427548286694664,-20.93590979739505,47.61904761904762,34.5,286.0,0.0,0.0,0.0,0,0,0,1
later_2025,regime_switch,dip_2pct,4,24.773732097966192,-21.850868173650127,47.61904761904762,34.5,286.0,15.0,9.60263122269912,-1.1668379663356934,4,1,1,2
later_2025,regime_switch,dip_3pct,4,20.540537206510766,-19.888928237493204,48.80952380952381,34.5,286.0,10.5,10.319286024615073,0.36824125722053047,4,2,2,2
later_2025,regime_switch,dip_4pct,4,22.453679590918917,-19.72571632053917,48.80952380952381,34.5,286.0,6.0,8.546073675533174,0.5737087324172254,4,2,2,2
later_2025,regime_switch,dip_5pct,4,15.301399310345221,-19.590243302402488,48.80952380952381,34.5,286.0,2.0,3.806972672200902,-0.07542639500782222,3,1,1,2
