period,rule,hold,selection,arm,capital_research_only,eligible_signals,trades_closed,return_pct,mdd_pct,win_rate_pct,adds_executed,cash_control_return_pct,cash_control_mdd_pct,delta_vs_cash_pp
development_2023_2024,all,5,ticker_ascending,all_in,1000000,1189,108,-30.425836063351497,-55.98238460133318,43.51851851851852,0,-11.18676083194805,-30.64985791854753,-19.239075231403447
development_2023_2024,all,5,ticker_ascending,cash_half,1000000,1189,108,-11.18676083194805,-30.64985791854753,43.51851851851852,0,-11.18676083194805,-30.64985791854753,0.0
development_2023_2024,all,5,ticker_ascending,dip_2pct,1000000,1189,108,-7.260854648715187,-29.655957949594804,47.22222222222222,47,-11.18676083194805,-30.64985791854753,3.925906183232863
development_2023_2024,all,5,ticker_ascending,dip_3pct,1000000,1189,108,-23.906554238299027,-37.498043710641795,46.2962962962963,28,-11.18676083194805,-30.64985791854753,-12.719793406350977
development_2023_2024,all,5,ticker_ascending,dip_4pct,1000000,1189,108,-16.549338380704448,-34.34635826784272,46.2962962962963,17,-11.18676083194805,-30.64985791854753,-5.3625775487563985
development_2023_2024,all,5,ticker_ascending,dip_5pct,1000000,1189,108,-10.987994162929759,-29.51147649948599,45.370370370370374,6,-11.18676083194805,-30.64985791854753,0.19876666901829054
development_2023_2024,all,5,factor_rank,all_in,1000000,1189,125,-68.61621293408471,-77.86588747758707,34.4,0,-32.72681519371742,-44.21937935126062,-35.88939774036729
development_2023_2024,all,5,factor_rank,cash_half,1000000,1189,125,-32.72681519371742,-44.21937935126062,34.4,0,-32.72681519371742,-44.21937935126062,0.0
development_2023_2024,all,5,factor_rank,dip_2pct,1000000,1189,125,-41.65956456855633,-51.597674803077744,36.8,44,-32.72681519371742,-44.21937935126062,-8.932749374838906
development_2023_2024,all,5,factor_rank,dip_3pct,1000000,1189,125,-41.088093400248205,-51.05149958436852,36.8,31,-32.72681519371742,-44.21937935126062,-8.361278206530784
development_2023_2024,all,5,factor_rank,dip_4pct,1000000,1189,125,-36.72309027768825,-47.87074320173061,36.0,17,-32.72681519371742,-44.21937935126062,-3.996275083970829
development_2023_2024,all,5,factor_rank,dip_5pct,1000000,1189,125,-34.429868547925444,-45.701970411654514,35.199999999999996,9,-32.72681519371742,-44.21937935126062,-1.7030533542080235
development_2023_2024,all,10,ticker_ascending,all_in,1000000,1189,69,-78.87629759522265,-83.42342964256626,28.985507246376812,0,-51.77843830878284,-57.51885872399987,-27.097859286439814
development_2023_2024,all,10,ticker_ascending,cash_half,1000000,1189,69,-51.77843830878284,-57.51885872399987,28.985507246376812,0,-51.77843830878284,-57.51885872399987,0.0
development_2023_2024,all,10,ticker_ascending,dip_2pct,1000000,1189,69,-61.57509236548664,-67.28921833183287,33.33333333333333,34,-51.77843830878284,-57.51885872399987,-9.796654056703801
development_2023_2024,all,10,ticker_ascending,dip_3pct,1000000,1189,69,-57.630340313636474,-64.07444250488076,33.33333333333333,29,-51.77843830878284,-57.51885872399987,-5.851902004853635
development_2023_2024,all,10,ticker_ascending,dip_4pct,1000000,1189,69,-56.152552816697934,-62.79623471457663,30.434782608695656,18,-51.77843830878284,-57.51885872399987,-4.374114507915095
development_2023_2024,all,10,ticker_ascending,dip_5pct,1000000,1189,69,-55.63081830624704,-60.22997187655361,28.985507246376812,9,-51.77843830878284,-57.51885872399987,-3.8523799974642046
development_2023_2024,all,10,factor_rank,all_in,1000000,1189,88,-64.33106442898882,-73.47377225905882,31.818181818181817,0,-31.696940894438985,-41.901145216150546,-32.63412353454984
development_2023_2024,all,10,factor_rank,cash_half,1000000,1189,88,-31.696940894438985,-41.901145216150546,31.818181818181817,0,-31.696940894438985,-41.901145216150546,0.0
development_2023_2024,all,10,factor_rank,dip_2pct,1000000,1189,88,-30.448610185374182,-42.00497172618461,35.22727272727273,31,-31.696940894438985,-41.901145216150546,1.2483307090648026
development_2023_2024,all,10,factor_rank,dip_3pct,1000000,1189,88,-32.273003191522164,-43.44413201592086,36.36363636363637,28,-31.696940894438985,-41.901145216150546,-0.5760622970831797
development_2023_2024,all,10,factor_rank,dip_4pct,1000000,1189,88,-32.291886408846636,-43.60122448685439,34.090909090909086,17,-31.696940894438985,-41.901145216150546,-0.5949455144076516
development_2023_2024,all,10,factor_rank,dip_5pct,1000000,1189,88,-29.553650926103114,-39.91228901532284,32.95454545454545,10,-31.696940894438985,-41.901145216150546,2.1432899683358713
development_2023_2024,pullback,5,ticker_ascending,all_in,1000000,505,95,15.876233623412329,-50.63689277773334,41.05263157894737,0,8.762971982390756,-27.550505080409305,7.113261641021573
development_2023_2024,pullback,5,ticker_ascending,cash_half,1000000,505,94,8.762971982390756,-27.550505080409305,40.42553191489361,0,8.762971982390756,-27.550505080409305,0.0
development_2023_2024,pullback,5,ticker_ascending,dip_2pct,1000000,505,95,28.346836520347107,-35.554314159989985,44.21052631578947,39,8.762971982390756,-27.550505080409305,19.58386453795635
development_2023_2024,pullback,5,ticker_ascending,dip_3pct,1000000,505,95,30.079737714448783,-31.19511844738253,44.21052631578947,23,8.762971982390756,-27.550505080409305,21.316765732058027
development_2023_2024,pullback,5,ticker_ascending,dip_4pct,1000000,505,94,12.186774682670132,-29.33004027932854,42.5531914893617,11,8.762971982390756,-27.550505080409305,3.423802700279376
development_2023_2024,pullback,5,ticker_ascending,dip_5pct,1000000,505,94,9.749586995425075,-29.742201461556796,41.48936170212766,7,8.762971982390756,-27.550505080409305,0.986615013034319
development_2023_2024,pullback,5,factor_rank,all_in,1000000,505,95,96.84988952953523,-53.298401525354876,47.368421052631575,0,49.63235280816698,-30.790077039922792,47.217536721368255
development_2023_2024,pullback,5,factor_rank,cash_half,1000000,505,95,49.63235280816698,-30.790077039922792,47.368421052631575,0,49.63235280816698,-30.790077039922792,0.0
development_2023_2024,pullback,5,factor_rank,dip_2pct,1000000,505,95,61.5370065126422,-35.9430087956231,51.578947368421055,37,49.63235280816698,-30.790077039922792,11.904653704475223
development_2023_2024,pullback,5,factor_rank,dip_3pct,1000000,505,95,66.26229804306736,-33.06969439818654,52.63157894736842,24,49.63235280816698,-30.790077039922792,16.629945234900383
development_2023_2024,pullback,5,factor_rank,dip_4pct,1000000,505,95,57.686149422521325,-31.18300220701794,50.526315789473685,9,49.63235280816698,-30.790077039922792,8.053796614354347
development_2023_2024,pullback,5,factor_rank,dip_5pct,1000000,505,95,52.82877203812524,-32.41324093796315,48.421052631578945,6,49.63235280816698,-30.790077039922792,3.1964192299582592
development_2023_2024,pullback,10,ticker_ascending,all_in,1000000,505,56,-6.738311507188444,-35.2305772624768,39.285714285714285,0,1.57222615882886,-17.9277149899709,-8.310537666017304
development_2023_2024,pullback,10,ticker_ascending,cash_half,1000000,505,56,1.57222615882886,-17.9277149899709,39.285714285714285,0,1.57222615882886,-17.9277149899709,0.0
development_2023_2024,pullback,10,ticker_ascending,dip_2pct,1000000,505,56,-22.94296952231575,-35.58682010775052,41.07142857142857,28,1.57222615882886,-17.9277149899709,-24.51519568114461
development_2023_2024,pullback,10,ticker_ascending,dip_3pct,1000000,505,56,-12.036107475642277,-24.64142449347898,41.07142857142857,22,1.57222615882886,-17.9277149899709,-13.608333634471137
development_2023_2024,pullback,10,ticker_ascending,dip_4pct,1000000,505,56,-4.286641914164768,-22.763655491570322,41.07142857142857,17,1.57222615882886,-17.9277149899709,-5.858868072993628
development_2023_2024,pullback,10,ticker_ascending,dip_5pct,1000000,505,56,-2.7077248893467742,-20.11835457654163,39.285714285714285,8,1.57222615882886,-17.9277149899709,-4.279951048175635
development_2023_2024,pullback,10,factor_rank,all_in,1000000,505,60,10.493076051751892,-27.18850842908894,43.333333333333336,0,12.379227847679841,-13.342009069749118,-1.8861517959279492
development_2023_2024,pullback,10,factor_rank,cash_half,1000000,505,60,12.379227847679841,-13.342009069749118,43.333333333333336,0,12.379227847679841,-13.342009069749118,0.0
development_2023_2024,pullback,10,factor_rank,dip_2pct,1000000,505,60,5.810163880146857,-19.59966248563987,45.0,31,12.379227847679841,-13.342009069749118,-6.569063967532984
development_2023_2024,pullback,10,factor_rank,dip_3pct,1000000,505,60,6.2272955516126105,-17.96337502034081,48.333333333333336,25,12.379227847679841,-13.342009069749118,-6.151932296067231
development_2023_2024,pullback,10,factor_rank,dip_4pct,1000000,505,60,17.212133455671253,-16.09526343184806,48.333333333333336,18,12.379227847679841,-13.342009069749118,4.832905607991412
development_2023_2024,pullback,10,factor_rank,dip_5pct,1000000,505,60,11.4151596062527,-13.235242556351235,45.0,6,12.379227847679841,-13.342009069749118,-0.9640682414271406
development_2023_2024,breakout,5,ticker_ascending,all_in,1000000,370,99,-25.592776189365186,-62.905805460468265,35.35353535353536,0,4.395664930060117,-34.95392998627707,-29.988441119425303
development_2023_2024,breakout,5,ticker_ascending,cash_half,1000000,370,99,4.395664930060117,-34.95392998627707,35.35353535353536,0,4.395664930060117,-34.95392998627707,0.0
development_2023_2024,breakout,5,ticker_ascending,dip_2pct,1000000,370,99,-5.817122084024662,-46.3311404678652,40.4040404040404,38,4.395664930060117,-34.95392998627707,-10.212787014084778
development_2023_2024,breakout,5,ticker_ascending,dip_3pct,1000000,370,99,-4.655227982593169,-41.97921848138956,39.39393939393939,29,4.395664930060117,-34.95392998627707,-9.050892912653286
development_2023_2024,breakout,5,ticker_ascending,dip_4pct,1000000,370,99,0.6293195438448862,-40.034862289437136,38.38383838383838,21,4.395664930060117,-34.95392998627707,-3.7663453862152307
development_2023_2024,breakout,5,ticker_ascending,dip_5pct,1000000,370,99,4.85721354853812,-35.02487087566614,37.37373737373738,11,4.395664930060117,-34.95392998627707,0.46154861847800266
development_2023_2024,breakout,5,factor_rank,all_in,1000000,370,103,-42.51695604787591,-77.79044967932208,32.038834951456316,0,-8.175808279252673,-47.91938170223212,-34.34114776862324
development_2023_2024,breakout,5,factor_rank,cash_half,1000000,370,103,-8.175808279252673,-47.91938170223212,32.038834951456316,0,-8.175808279252673,-47.91938170223212,0.0
development_2023_2024,breakout,5,factor_rank,dip_2pct,1000000,370,103,-23.596878951592547,-53.96848392065039,36.89320388349515,37,-8.175808279252673,-47.91938170223212,-15.421070672339875
development_2023_2024,breakout,5,factor_rank,dip_3pct,1000000,370,103,-17.807136956106174,-49.9044324383966,35.92233009708738,30,-8.175808279252673,-47.91938170223212,-9.631328676853501
development_2023_2024,breakout,5,factor_rank,dip_4pct,1000000,370,103,-11.558876159839315,-47.02386198715405,34.95145631067961,24,-8.175808279252673,-47.91938170223212,-3.3830678805866423
development_2023_2024,breakout,5,factor_rank,dip_5pct,1000000,370,103,-7.994560307013909,-46.77470278446528,33.980582524271846,12,-8.175808279252673,-47.91938170223212,0.1812479722387632
development_2023_2024,breakout,10,ticker_ascending,all_in,1000000,370,73,-17.217939417649188,-65.40746395758894,35.61643835616438,0,10.834118937463044,-38.24850883232153,-28.05205835511223
development_2023_2024,breakout,10,ticker_ascending,cash_half,1000000,370,73,10.834118937463044,-38.24850883232153,35.61643835616438,0,10.834118937463044,-38.24850883232153,0.0
development_2023_2024,breakout,10,ticker_ascending,dip_2pct,1000000,370,73,-15.419124334649915,-46.35988021079878,38.35616438356164,35,10.834118937463044,-38.24850883232153,-26.25324327211296
development_2023_2024,breakout,10,ticker_ascending,dip_3pct,1000000,370,73,-7.231346418975127,-44.8362743879311,38.35616438356164,29,10.834118937463044,-38.24850883232153,-18.06546535643817
development_2023_2024,breakout,10,ticker_ascending,dip_4pct,1000000,370,73,-7.2817150500954835,-42.80440139775806,38.35616438356164,23,10.834118937463044,-38.24850883232153,-18.115833987558528
development_2023_2024,breakout,10,ticker_ascending,dip_5pct,1000000,370,73,4.778381540820398,-38.93015603313956,36.986301369863014,11,10.834118937463044,-38.24850883232153,-6.055737396642646
development_2023_2024,breakout,10,factor_rank,all_in,1000000,370,78,-28.951785921184904,-72.43884099091994,33.33333333333333,0,0.36348384763875696,-42.697258352029856,-29.31526976882366
development_2023_2024,breakout,10,factor_rank,cash_half,1000000,370,78,0.36348384763875696,-42.697258352029856,33.33333333333333,0,0.36348384763875696,-42.697258352029856,0.0
development_2023_2024,breakout,10,factor_rank,dip_2pct,1000000,370,78,-24.999454143543755,-57.382956631028605,35.8974358974359,32,0.36348384763875696,-42.697258352029856,-25.362937991182513
development_2023_2024,breakout,10,factor_rank,dip_3pct,1000000,370,78,-17.91238479851366,-50.6249241167003,34.61538461538461,27,0.36348384763875696,-42.697258352029856,-18.275868646152418
development_2023_2024,breakout,10,factor_rank,dip_4pct,1000000,370,78,-13.349818827751026,-48.193579104612006,34.61538461538461,21,0.36348384763875696,-42.697258352029856,-13.713302675389784
development_2023_2024,breakout,10,factor_rank,dip_5pct,1000000,370,78,-4.491127102081238,-44.68537870400119,34.61538461538461,9,0.36348384763875696,-42.697258352029856,-4.854610949719995
development_2023_2024,regime_switch,5,ticker_ascending,all_in,1000000,346,69,-56.42026855571376,-67.57768362283763,37.68115942028986,0,-30.64369133927588,-40.30663695027725,-25.776577216437882
development_2023_2024,regime_switch,5,ticker_ascending,cash_half,1000000,346,69,-30.64369133927588,-40.30663695027725,37.68115942028986,0,-30.64369133927588,-40.30663695027725,0.0
development_2023_2024,regime_switch,5,ticker_ascending,dip_2pct,1000000,346,69,-33.59964087854627,-42.28450523057858,43.47826086956522,32,-30.64369133927588,-40.30663695027725,-2.9559495392703887
development_2023_2024,regime_switch,5,ticker_ascending,dip_3pct,1000000,346,69,-28.933872525802563,-39.11565817685314,42.028985507246375,22,-30.64369133927588,-40.30663695027725,1.7098188134733157
development_2023_2024,regime_switch,5,ticker_ascending,dip_4pct,1000000,346,69,-22.457666469461802,-34.70069209954648,40.57971014492754,12,-30.64369133927588,-40.30663695027725,8.186024869814077
development_2023_2024,regime_switch,5,ticker_ascending,dip_5pct,1000000,346,69,-30.221276147982923,-41.033522890780404,40.57971014492754,8,-30.64369133927588,-40.30663695027725,0.4224151912929557
development_2023_2024,regime_switch,5,factor_rank,all_in,1000000,346,74,-48.56201074687541,-70.66988958709163,35.13513513513514,0,-21.695774759730046,-44.73204627414709,-26.866235987145362
development_2023_2024,regime_switch,5,factor_rank,cash_half,1000000,346,74,-21.695774759730046,-44.73204627414709,35.13513513513514,0,-21.695774759730046,-44.73204627414709,0.0
development_2023_2024,regime_switch,5,factor_rank,dip_2pct,1000000,346,74,-34.75774769794741,-47.442977659145356,40.54054054054054,36,-21.695774759730046,-44.73204627414709,-13.061972938217362
development_2023_2024,regime_switch,5,factor_rank,dip_3pct,1000000,346,74,-26.973749892152775,-43.39291581977959,39.189189189189186,28,-21.695774759730046,-44.73204627414709,-5.277975132422728
development_2023_2024,regime_switch,5,factor_rank,dip_4pct,1000000,346,74,-17.979035133389875,-41.37000990913291,37.83783783783784,17,-21.695774759730046,-44.73204627414709,3.7167396263401713
development_2023_2024,regime_switch,5,factor_rank,dip_5pct,1000000,346,74,-22.718528459156516,-45.55831562105689,37.83783783783784,10,-21.695774759730046,-44.73204627414709,-1.0227536994264703
development_2023_2024,regime_switch,10,ticker_ascending,all_in,1000000,346,48,2.43428930018863,-51.24773160625996,41.66666666666667,0,7.181260827167257,-28.827084637108335,-4.746971526978627
development_2023_2024,regime_switch,10,ticker_ascending,cash_half,1000000,346,48,7.181260827167257,-28.827084637108335,41.66666666666667,0,7.181260827167257,-28.827084637108335,0.0
development_2023_2024,regime_switch,10,ticker_ascending,dip_2pct,1000000,346,48,8.511448365421437,-32.47738240119576,41.66666666666667,25,7.181260827167257,-28.827084637108335,1.3301875382541795
development_2023_2024,regime_switch,10,ticker_ascending,dip_3pct,1000000,346,48,17.835508398410017,-27.302323684196107,43.75,18,7.181260827167257,-28.827084637108335,10.65424757124276
development_2023_2024,regime_switch,10,ticker_ascending,dip_4pct,1000000,346,48,15.463453703081242,-27.103149095431167,43.75,13,7.181260827167257,-28.827084637108335,8.282192875913985
development_2023_2024,regime_switch,10,ticker_ascending,dip_5pct,1000000,346,48,0.780680473634443,-31.11841006631364,41.66666666666667,8,7.181260827167257,-28.827084637108335,-6.400580353532814
development_2023_2024,regime_switch,10,factor_rank,all_in,1000000,346,52,-30.955937956978897,-67.49258933773174,38.46153846153847,0,-11.657929790588529,-41.522696089871346,-19.298008166390368
development_2023_2024,regime_switch,10,factor_rank,cash_half,1000000,346,52,-11.657929790588529,-41.522696089871346,38.46153846153847,0,-11.657929790588529,-41.522696089871346,0.0
development_2023_2024,regime_switch,10,factor_rank,dip_2pct,1000000,346,52,-18.15166430945746,-45.48407716992394,38.46153846153847,28,-11.657929790588529,-41.522696089871346,-6.49373451886893
development_2023_2024,regime_switch,10,factor_rank,dip_3pct,1000000,346,52,-11.525158342928687,-41.443772553203054,38.46153846153847,22,-11.657929790588529,-41.522696089871346,0.1327714476598416
development_2023_2024,regime_switch,10,factor_rank,dip_4pct,1000000,346,52,-9.875483179477207,-43.044587836188875,38.46153846153847,14,-11.657929790588529,-41.522696089871346,1.7824466111113217
development_2023_2024,regime_switch,10,factor_rank,dip_5pct,1000000,346,52,-17.30727341101733,-44.39610244529747,38.46153846153847,7,-11.657929790588529,-41.522696089871346,-5.649343620428802
later_2025,all,5,ticker_ascending,all_in,1000000,869,57,4.721380203409509,-47.31180180448057,47.368421052631575,0,2.07254390931344,-26.48602203516417,2.6488362940960686
later_2025,all,5,ticker_ascending,cash_half,1000000,869,57,2.07254390931344,-26.48602203516417,47.368421052631575,0,2.07254390931344,-26.48602203516417,0.0
later_2025,all,5,ticker_ascending,dip_2pct,1000000,869,57,-2.7459552408923504,-27.6807218177189,50.877192982456144,16,2.07254390931344,-26.48602203516417,-4.81849915020579
later_2025,all,5,ticker_ascending,dip_3pct,1000000,869,57,1.824863064407034,-27.501696834488378,49.122807017543856,12,2.07254390931344,-26.48602203516417,-0.24768084490640607
later_2025,all,5,ticker_ascending,dip_4pct,1000000,869,57,-3.0985576679836924,-27.48223024693931,49.122807017543856,8,2.07254390931344,-26.48602203516417,-5.171101577297133
later_2025,all,5,ticker_ascending,dip_5pct,1000000,869,57,-3.8780367843527896,-27.48223024693931,47.368421052631575,6,2.07254390931344,-26.48602203516417,-5.95058069366623
later_2025,all,5,factor_rank,all_in,1000000,869,65,45.42747905111306,-41.21989113108141,43.07692307692308,0,23.554810119996873,-22.09402102120006,21.872668931116188
later_2025,all,5,factor_rank,cash_half,1000000,869,64,23.554810119996873,-22.09402102120006,43.75,0,23.554810119996873,-22.09402102120006,0.0
later_2025,all,5,factor_rank,dip_2pct,1000000,869,64,24.41571689643911,-25.470701267699692,45.3125,20,23.554810119996873,-22.09402102120006,0.8609067764422385
later_2025,all,5,factor_rank,dip_3pct,1000000,869,64,18.369888292528856,-22.061669451001976,45.3125,8,23.554810119996873,-22.09402102120006,-5.184921827468017
later_2025,all,5,factor_rank,dip_4pct,1000000,869,64,22.9205979153166,-22.49781559556653,46.875,6,23.554810119996873,-22.09402102120006,-0.6342122046802743
later_2025,all,5,factor_rank,dip_5pct,1000000,869,64,24.10348228181549,-22.09402102120006,45.3125,3,23.554810119996873,-22.09402102120006,0.5486721618186188
later_2025,all,10,ticker_ascending,all_in,1000000,869,39,-73.93166029232432,-74.44194005996093,28.205128205128204,0,-48.88252909451424,-49.38052744771749,-25.049131197810084
later_2025,all,10,ticker_ascending,cash_half,1000000,869,39,-48.88252909451424,-49.38052744771749,28.205128205128204,0,-48.88252909451424,-49.38052744771749,0.0
later_2025,all,10,ticker_ascending,dip_2pct,1000000,869,39,-53.89981322398412,-54.34893202212001,33.33333333333333,21,-48.88252909451424,-49.38052744771749,-5.0172841294698785
later_2025,all,10,ticker_ascending,dip_3pct,1000000,869,39,-51.19191890117575,-51.66741863893013,30.76923076923077,16,-48.88252909451424,-49.38052744771749,-2.309389806661507
later_2025,all,10,ticker_ascending,dip_4pct,1000000,869,39,-51.80259719635808,-52.272147563379704,30.76923076923077,13,-48.88252909451424,-49.38052744771749,-2.920068101843839
later_2025,all,10,ticker_ascending,dip_5pct,1000000,869,39,-50.576367906324435,-51.05786448579103,30.76923076923077,9,-48.88252909451424,-49.38052744771749,-1.6938388118101955
later_2025,all,10,factor_rank,all_in,1000000,869,48,-16.695774741950974,-51.28209686622305,41.66666666666667,0,-4.015116172847422,-27.938639329674597,-12.680658569103553
later_2025,all,10,factor_rank,cash_half,1000000,869,48,-4.015116172847422,-27.938639329674597,41.66666666666667,0,-4.015116172847422,-27.938639329674597,0.0
later_2025,all,10,factor_rank,dip_2pct,1000000,869,48,-3.4289366880995154,-31.344973635315142,43.75,21,-4.015116172847422,-27.938639329674597,0.5861794847479063
later_2025,all,10,factor_rank,dip_3pct,1000000,869,48,-1.2486262974534146,-33.00095481017713,43.75,16,-4.015116172847422,-27.938639329674597,2.766489875394007
later_2025,all,10,factor_rank,dip_4pct,1000000,869,48,7.9216129190126106,-28.94572001490612,43.75,11,-4.015116172847422,-27.938639329674597,11.936729091860032
later_2025,all,10,factor_rank,dip_5pct,1000000,869,48,0.1284820674784859,-28.100192278675184,41.66666666666667,7,-4.015116172847422,-27.938639329674597,4.1435982403259075
later_2025,pullback,5,ticker_ascending,all_in,1000000,347,53,-29.34435278986086,-39.41875098936002,37.735849056603776,0,-12.243781763797767,-21.386662800583256,-17.100571026063093
later_2025,pullback,5,ticker_ascending,cash_half,1000000,347,53,-12.243781763797767,-21.386662800583256,37.735849056603776,0,-12.243781763797767,-21.386662800583256,0.0
later_2025,pullback,5,ticker_ascending,dip_2pct,1000000,347,53,-13.297413381722956,-25.714826950422985,39.62264150943396,23,-12.243781763797767,-21.386662800583256,-1.0536316179251894
later_2025,pullback,5,ticker_ascending,dip_3pct,1000000,347,53,-15.470023648325936,-26.578218308754785,37.735849056603776,15,-12.243781763797767,-21.386662800583256,-3.2262418845281697
later_2025,pullback,5,ticker_ascending,dip_4pct,1000000,347,53,-17.474312558698934,-23.43698208796069,37.735849056603776,7,-12.243781763797767,-21.386662800583256,-5.230530794901167
later_2025,pullback,5,ticker_ascending,dip_5pct,1000000,347,53,-12.637899067063252,-21.386662800583256,37.735849056603776,2,-12.243781763797767,-21.386662800583256,-0.3941173032654852
later_2025,pullback,5,factor_rank,all_in,1000000,347,52,-11.117261213676644,-26.59366168551067,38.46153846153847,0,-2.977422913912886,-13.857506836665568,-8.139838299763758
later_2025,pullback,5,factor_rank,cash_half,1000000,347,52,-2.977422913912886,-13.857506836665568,38.46153846153847,0,-2.977422913912886,-13.857506836665568,0.0
later_2025,pullback,5,factor_rank,dip_2pct,1000000,347,52,16.145875765177784,-12.970880637666315,40.38461538461539,25,-2.977422913912886,-13.857506836665568,19.12329867909067
later_2025,pullback,5,factor_rank,dip_3pct,1000000,347,52,2.647173093856936,-18.095700821448467,38.46153846153847,20,-2.977422913912886,-13.857506836665568,5.6245960077698225
later_2025,pullback,5,factor_rank,dip_4pct,1000000,347,52,-7.884465058896872,-18.675223503583137,38.46153846153847,11,-2.977422913912886,-13.857506836665568,-4.907042144983986
later_2025,pullback,5,factor_rank,dip_5pct,1000000,347,52,-2.710159128938905,-13.836644471404592,38.46153846153847,6,-2.977422913912886,-13.857506836665568,0.2672637849739812
later_2025,pullback,10,ticker_ascending,all_in,1000000,347,36,-10.138455591401286,-38.75747430009926,41.66666666666667,0,-3.5442432921876987,-20.11818708420575,-6.594212299213587
later_2025,pullback,10,ticker_ascending,cash_half,1000000,347,36,-3.5442432921876987,-20.11818708420575,41.66666666666667,0,-3.5442432921876987,-20.11818708420575,0.0
later_2025,pullback,10,ticker_ascending,dip_2pct,1000000,347,36,-2.8154621048613326,-22.830769475222134,50.0,20,-3.5442432921876987,-20.11818708420575,0.7287811873263661
later_2025,pullback,10,ticker_ascending,dip_3pct,1000000,347,36,-0.21872698044894667,-21.12534152700517,50.0,19,-3.5442432921876987,-20.11818708420575,3.325516311738752
later_2025,pullback,10,ticker_ascending,dip_4pct,1000000,347,36,-3.8018515566972666,-20.23901861907893,47.22222222222222,10,-3.5442432921876987,-20.11818708420575,-0.25760826450956786
later_2025,pullback,10,ticker_ascending,dip_5pct,1000000,347,36,-0.8298045594409387,-19.050199706675507,47.22222222222222,3,-3.5442432921876987,-20.11818708420575,2.71443873274676
later_2025,pullback,10,factor_rank,all_in,1000000,347,29,4.2093560539986585,-25.627458510798796,48.275862068965516,0,4.171208356231992,-13.286037635621739,0.038147697766666155
later_2025,pullback,10,factor_rank,cash_half,1000000,347,29,4.171208356231992,-13.286037635621739,48.275862068965516,0,4.171208356231992,-13.286037635621739,0.0
later_2025,pullback,10,factor_rank,dip_2pct,1000000,347,29,11.775855587715833,-15.329320564761161,51.724137931034484,18,4.171208356231992,-13.286037635621739,7.604647231483841
later_2025,pullback,10,factor_rank,dip_3pct,1000000,347,29,17.906621555867687,-13.354741086311995,51.724137931034484,15,4.171208356231992,-13.286037635621739,13.735413199635694
later_2025,pullback,10,factor_rank,dip_4pct,1000000,347,29,8.056443448934235,-13.28699059724806,48.275862068965516,10,4.171208356231992,-13.286037635621739,3.885235092702243
later_2025,pullback,10,factor_rank,dip_5pct,1000000,347,29,8.601421527167652,-13.286037635621739,48.275862068965516,4,4.171208356231992,-13.286037635621739,4.43021317093566
later_2025,breakout,5,ticker_ascending,all_in,1000000,312,51,261.0791061488895,-25.23633565443726,54.90196078431373,0,113.13564915892451,-13.272217311140988,147.94345698996497
later_2025,breakout,5,ticker_ascending,cash_half,1000000,312,51,113.13564915892451,-13.272217311140988,56.86274509803921,0,113.13564915892451,-13.272217311140988,0.0
later_2025,breakout,5,ticker_ascending,dip_2pct,1000000,312,51,117.1490688746525,-16.721707964195144,56.86274509803921,14,113.13564915892451,-13.272217311140988,4.013419715727991
later_2025,breakout,5,ticker_ascending,dip_3pct,1000000,312,51,125.92282878065055,-13.57237785582981,56.86274509803921,9,113.13564915892451,-13.272217311140988,12.78717962172604
later_2025,breakout,5,ticker_ascending,dip_4pct,1000000,312,51,126.1123063706402,-13.625456720153084,58.82352941176471,4,113.13564915892451,-13.272217311140988,12.97665721171569
later_2025,breakout,5,ticker_ascending,dip_5pct,1000000,312,51,115.27030260545091,-13.625456720153084,58.82352941176471,2,113.13564915892451,-13.272217311140988,2.1346534465264
later_2025,breakout,5,factor_rank,all_in,1000000,312,56,281.9220926188202,-24.779489064422076,57.14285714285714,0,101.97154037642755,-12.970907569242717,179.95055224239266
later_2025,breakout,5,factor_rank,cash_half,1000000,312,56,101.97154037642755,-12.970907569242717,57.14285714285714,0,101.97154037642755,-12.970907569242717,0.0
later_2025,breakout,5,factor_rank,dip_2pct,1000000,312,56,135.24042252848196,-18.158928064352963,57.14285714285714,20,101.97154037642755,-12.970907569242717,33.2688821520544
later_2025,breakout,5,factor_rank,dip_3pct,1000000,312,56,129.75397806739193,-12.987213422492317,57.14285714285714,12,101.97154037642755,-12.970907569242717,27.78243769096437
later_2025,breakout,5,factor_rank,dip_4pct,1000000,312,56,120.43356024279537,-12.972555230317596,57.14285714285714,8,101.97154037642755,-12.970907569242717,18.46201986636781
later_2025,breakout,5,factor_rank,dip_5pct,1000000,312,56,113.51843505331756,-12.976539820577527,57.14285714285714,5,101.97154037642755,-12.970907569242717,11.546894676890005
later_2025,breakout,10,ticker_ascending,all_in,1000000,312,37,33.78230765222647,-31.572240293484622,45.94594594594595,0,17.763800989269242,-17.056271025923852,16.01850666295723
later_2025,breakout,10,ticker_ascending,cash_half,1000000,312,37,17.763800989269242,-17.056271025923852,45.94594594594595,0,17.763800989269242,-17.056271025923852,0.0
later_2025,breakout,10,ticker_ascending,dip_2pct,1000000,312,37,20.513288626666103,-19.747921818474744,48.64864864864865,15,17.763800989269242,-17.056271025923852,2.749487637396861
later_2025,breakout,10,ticker_ascending,dip_3pct,1000000,312,37,21.53385328707238,-17.0831277786732,48.64864864864865,11,17.763800989269242,-17.056271025923852,3.7700522978031366
later_2025,breakout,10,ticker_ascending,dip_4pct,1000000,312,37,26.06100527467681,-17.056271025923852,45.94594594594595,7,17.763800989269242,-17.056271025923852,8.297204285407567
later_2025,breakout,10,ticker_ascending,dip_5pct,1000000,312,37,13.899611537747546,-17.056271025923852,45.94594594594595,5,17.763800989269242,-17.056271025923852,-3.864189451521696
later_2025,breakout,10,factor_rank,all_in,1000000,312,37,34.48984174758793,-33.17529907671619,45.94594594594595,0,17.802893534572274,-19.404205535554286,16.686948213015658
later_2025,breakout,10,factor_rank,cash_half,1000000,312,37,17.802893534572274,-19.404205535554286,45.94594594594595,0,17.802893534572274,-19.404205535554286,0.0
later_2025,breakout,10,factor_rank,dip_2pct,1000000,312,37,31.566836798221566,-25.434106455577567,48.64864864864865,17,17.802893534572274,-19.404205535554286,13.763943263649292
later_2025,breakout,10,factor_rank,dip_3pct,1000000,312,37,28.002895744954557,-21.442074347388584,48.64864864864865,11,17.802893534572274,-19.404205535554286,10.200002210382284
later_2025,breakout,10,factor_rank,dip_4pct,1000000,312,37,31.503952209807284,-21.442074347388584,48.64864864864865,8,17.802893534572274,-19.404205535554286,13.70105867523501
later_2025,breakout,10,factor_rank,dip_5pct,1000000,312,37,15.598776015745951,-19.404205535554286,45.94594594594595,3,17.802893534572274,-19.404205535554286,-2.2041175188263225
later_2025,regime_switch,5,ticker_ascending,all_in,1000000,286,43,29.59147172445156,-35.623709585935906,46.51162790697674,0,12.039954339241943,-19.05019865266693,17.551517385209614
later_2025,regime_switch,5,ticker_ascending,cash_half,1000000,286,42,12.039954339241943,-19.05019865266693,45.23809523809524,0,12.039954339241943,-19.05019865266693,0.0
later_2025,regime_switch,5,ticker_ascending,dip_2pct,1000000,286,42,15.638302902545465,-21.20202095253887,45.23809523809524,14,12.039954339241943,-19.05019865266693,3.5983485633035226
later_2025,regime_switch,5,ticker_ascending,dip_3pct,1000000,286,42,18.630304463404524,-19.405575419081067,47.61904761904761,8,12.039954339241943,-19.05019865266693,6.5903501241625815
later_2025,regime_switch,5,ticker_ascending,dip_4pct,1000000,286,42,19.708373439685722,-19.079151585172994,47.61904761904761,4,12.039954339241943,-19.05019865266693,7.66841910044378
later_2025,regime_switch,5,ticker_ascending,dip_5pct,1000000,286,42,14.143582427026757,-19.05019865266693,47.61904761904761,1,12.039954339241943,-19.05019865266693,2.1036280877848146
later_2025,regime_switch,5,factor_rank,all_in,1000000,286,41,121.40218463108022,-29.974202006300942,58.536585365853654,0,49.18443335244596,-15.900249962972868,72.21775127863427
later_2025,regime_switch,5,factor_rank,cash_half,1000000,286,41,49.18443335244596,-15.900249962972868,58.536585365853654,0,49.18443335244596,-15.900249962972868,0.0
later_2025,regime_switch,5,factor_rank,dip_2pct,1000000,286,41,60.422266546586734,-17.951941587652875,58.536585365853654,15,49.18443335244596,-15.900249962972868,11.237833194140777
later_2025,regime_switch,5,factor_rank,dip_3pct,1000000,286,41,63.232655277513516,-16.067812543698146,60.97560975609756,9,49.18443335244596,-15.900249962972868,14.048221925067558
later_2025,regime_switch,5,factor_rank,dip_4pct,1000000,286,41,58.608161603068524,-16.101403821201732,58.536585365853654,7,49.18443335244596,-15.900249962972868,9.423728250622567
later_2025,regime_switch,5,factor_rank,dip_5pct,1000000,286,41,54.69475060906295,-16.051102752988513,58.536585365853654,3,49.18443335244596,-15.900249962972868,5.510317256616993
later_2025,regime_switch,10,ticker_ascending,all_in,1000000,286,28,-44.662913068080236,-50.19614530392488,42.857142857142854,0,-25.14092016385092,-28.110664735039304,-19.521992904229315
later_2025,regime_switch,10,ticker_ascending,cash_half,1000000,286,28,-25.14092016385092,-28.110664735039304,42.857142857142854,0,-25.14092016385092,-28.110664735039304,0.0
later_2025,regime_switch,10,ticker_ascending,dip_2pct,1000000,286,28,-17.173490912593458,-28.392649043030683,42.857142857142854,15,-25.14092016385092,-28.110664735039304,7.967429251257464
later_2025,regime_switch,10,ticker_ascending,dip_3pct,1000000,286,28,-22.35205142338946,-27.206619639872965,42.857142857142854,13,-25.14092016385092,-28.110664735039304,2.78886874046146
later_2025,regime_switch,10,ticker_ascending,dip_4pct,1000000,286,28,-20.049113668618613,-26.934294337698784,42.857142857142854,5,-25.14092016385092,-28.110664735039304,5.0918064952323085
later_2025,regime_switch,10,ticker_ascending,dip_5pct,1000000,286,28,-26.168651060543425,-29.09762438183432,42.857142857142854,1,-25.14092016385092,-28.110664735039304,-1.0277308966925034
later_2025,regime_switch,10,factor_rank,all_in,1000000,286,28,10.578936967007868,-38.59783121738405,50.0,0,4.815142234147385,-22.821620942123168,5.763794732860483
later_2025,regime_switch,10,factor_rank,cash_half,1000000,286,28,4.815142234147385,-22.821620942123168,50.0,0,4.815142234147385,-22.821620942123168,0.0
later_2025,regime_switch,10,factor_rank,dip_2pct,1000000,286,28,33.90916129338692,-22.499715394761388,50.0,16,4.815142234147385,-22.821620942123168,29.09401905923954
later_2025,regime_switch,10,factor_rank,dip_3pct,1000000,286,28,22.450769949617012,-20.37228105590534,50.0,12,4.815142234147385,-22.821620942123168,17.635627715469628
later_2025,regime_switch,10,factor_rank,dip_4pct,1000000,286,28,25.198985742152114,-20.37228105590534,50.0,7,4.815142234147385,-22.821620942123168,20.38384350800473
later_2025,regime_switch,10,factor_rank,dip_5pct,1000000,286,28,16.459216193663686,-20.130287952138048,50.0,3,4.815142234147385,-22.821620942123168,11.644073959516302
