period,rule,hold,selection,arm,capital_research_only,eligible_signals,trades_closed,return_pct,mdd_pct,win_rate_pct,adds_executed,cash_control_return_pct,cash_control_mdd_pct,delta_vs_cash_pp,all_in_return_pct,all_in_mdd_pct,all_in_win_rate_pct,all_in_trades_closed,all_in_adds_executed,cash_return_pct,cash_mdd_pct,cash_win_rate_pct,cash_trades_closed,cash_adds_executed,return_delta_vs_cash_pp,mdd_improvement_vs_cash_pp,trade_count_delta_vs_cash,return_delta_vs_all_in_pp,mdd_improvement_vs_all_in_pp,trade_count_delta_vs_all_in,return_beats_cash,mdd_beats_cash,both_beats_cash,return_beats_all_in,mdd_beats_all_in,both_beats_all_in
development_2023_2024,all,5,ticker_ascending,all_in,1000000,1189,108,-30.425836063351497,-55.98238460133318,43.51851851851852,0,-11.18676083194805,-30.64985791854753,-19.239075231403447,-30.425836063351497,-55.98238460133318,43.51851851851852,108,0,-11.18676083194805,-30.64985791854753,43.51851851851852,108,0,-19.239075231403447,-25.33252668278565,0,0.0,0.0,0,False,False,False,False,False,False
development_2023_2024,all,5,ticker_ascending,cash_half,1000000,1189,108,-11.18676083194805,-30.64985791854753,43.51851851851852,0,-11.18676083194805,-30.64985791854753,0.0,-30.425836063351497,-55.98238460133318,43.51851851851852,108,0,-11.18676083194805,-30.64985791854753,43.51851851851852,108,0,0.0,0.0,0,19.239075231403447,25.33252668278565,0,False,False,False,True,True,True
development_2023_2024,all,5,ticker_ascending,dip_2pct,1000000,1189,108,-7.260854648715187,-29.655957949594804,47.22222222222222,47,-11.18676083194805,-30.64985791854753,3.925906183232863,-30.425836063351497,-55.98238460133318,43.51851851851852,108,0,-11.18676083194805,-30.64985791854753,43.51851851851852,108,0,3.925906183232863,0.993899968952725,0,23.16498141463631,26.326426651738377,0,True,True,True,True,True,True
development_2023_2024,all,5,ticker_ascending,dip_3pct,1000000,1189,108,-23.906554238299027,-37.4980437106418,46.2962962962963,28,-11.18676083194805,-30.64985791854753,-12.719793406350975,-30.425836063351497,-55.98238460133318,43.51851851851852,108,0,-11.18676083194805,-30.64985791854753,43.51851851851852,108,0,-12.719793406350977,-6.848185792094274,0,6.51928182505247,18.484340890691378,0,False,False,False,True,True,True
development_2023_2024,all,5,ticker_ascending,dip_4pct,1000000,1189,108,-16.549338380704448,-34.34635826784272,46.2962962962963,17,-11.18676083194805,-30.64985791854753,-5.362577548756399,-30.425836063351497,-55.98238460133318,43.51851851851852,108,0,-11.18676083194805,-30.64985791854753,43.51851851851852,108,0,-5.3625775487563985,-3.6965003492951887,0,13.876497682647049,21.636026333490463,0,False,False,False,True,True,True
development_2023_2024,all,5,ticker_ascending,dip_5pct,1000000,1189,108,-10.98799416292976,-29.51147649948599,45.37037037037037,6,-11.18676083194805,-30.64985791854753,0.1987666690182905,-30.425836063351497,-55.98238460133318,43.51851851851852,108,0,-11.18676083194805,-30.64985791854753,43.51851851851852,108,0,0.19876666901828877,1.1383814190615382,0,19.437841900421738,26.47090810184719,0,True,True,True,True,True,True
development_2023_2024,all,5,factor_rank,all_in,1000000,1189,125,-68.61621293408471,-77.86588747758707,34.4,0,-32.72681519371742,-44.21937935126062,-35.88939774036729,-68.61621293408471,-77.86588747758707,34.4,125,0,-32.72681519371742,-44.21937935126062,34.4,125,0,-35.88939774036729,-33.646508126326445,0,0.0,0.0,0,False,False,False,False,False,False
development_2023_2024,all,5,factor_rank,cash_half,1000000,1189,125,-32.72681519371742,-44.21937935126062,34.4,0,-32.72681519371742,-44.21937935126062,0.0,-68.61621293408471,-77.86588747758707,34.4,125,0,-32.72681519371742,-44.21937935126062,34.4,125,0,0.0,0.0,0,35.88939774036729,33.646508126326445,0,False,False,False,True,True,True
development_2023_2024,all,5,factor_rank,dip_2pct,1000000,1189,125,-41.65956456855633,-51.597674803077744,36.8,44,-32.72681519371742,-44.21937935126062,-8.932749374838906,-68.61621293408471,-77.86588747758707,34.4,125,0,-32.72681519371742,-44.21937935126062,34.4,125,0,-8.932749374838906,-7.378295451817124,0,26.956648365528388,26.26821267450932,0,False,False,False,True,True,True
development_2023_2024,all,5,factor_rank,dip_3pct,1000000,1189,125,-41.088093400248205,-51.05149958436852,36.8,31,-32.72681519371742,-44.21937935126062,-8.361278206530784,-68.61621293408471,-77.86588747758707,34.4,125,0,-32.72681519371742,-44.21937935126062,34.4,125,0,-8.361278206530784,-6.832120233107901,0,27.52811953383651,26.814387893218544,0,False,False,False,True,True,True
development_2023_2024,all,5,factor_rank,dip_4pct,1000000,1189,125,-36.72309027768825,-47.87074320173061,36.0,17,-32.72681519371742,-44.21937935126062,-3.996275083970829,-68.61621293408471,-77.86588747758707,34.4,125,0,-32.72681519371742,-44.21937935126062,34.4,125,0,-3.996275083970829,-3.6513638504699912,0,31.893122656396464,29.995144275856454,0,False,False,False,True,True,True
development_2023_2024,all,5,factor_rank,dip_5pct,1000000,1189,125,-34.429868547925444,-45.701970411654514,35.2,9,-32.72681519371742,-44.21937935126062,-1.7030533542080235,-68.61621293408471,-77.86588747758707,34.4,125,0,-32.72681519371742,-44.21937935126062,34.4,125,0,-1.7030533542080235,-1.4825910603938937,0,34.18634438615927,32.16391706593255,0,False,False,False,True,True,True
development_2023_2024,all,10,ticker_ascending,all_in,1000000,1189,69,-78.87629759522265,-83.42342964256626,28.98550724637681,0,-51.77843830878284,-57.51885872399987,-27.09785928643981,-78.87629759522265,-83.42342964256626,28.98550724637681,69,0,-51.77843830878284,-57.51885872399987,28.98550724637681,69,0,-27.097859286439814,-25.904570918566392,0,0.0,0.0,0,False,False,False,False,False,False
development_2023_2024,all,10,ticker_ascending,cash_half,1000000,1189,69,-51.77843830878284,-57.51885872399987,28.98550724637681,0,-51.77843830878284,-57.51885872399987,0.0,-78.87629759522265,-83.42342964256626,28.98550724637681,69,0,-51.77843830878284,-57.51885872399987,28.98550724637681,69,0,0.0,0.0,0,27.097859286439814,25.904570918566392,0,False,False,False,True,True,True
development_2023_2024,all,10,ticker_ascending,dip_2pct,1000000,1189,69,-61.57509236548664,-67.28921833183287,33.33333333333333,34,-51.77843830878284,-57.51885872399987,-9.7966540567038,-78.87629759522265,-83.42342964256626,28.98550724637681,69,0,-51.77843830878284,-57.51885872399987,28.98550724637681,69,0,-9.796654056703801,-9.770359607833,0,17.301205229736013,16.13421131073339,0,False,False,False,True,True,True
development_2023_2024,all,10,ticker_ascending,dip_3pct,1000000,1189,69,-57.63034031363648,-64.07444250488076,33.33333333333333,29,-51.77843830878284,-57.51885872399987,-5.851902004853635,-78.87629759522265,-83.42342964256626,28.98550724637681,69,0,-51.77843830878284,-57.51885872399987,28.98550724637681,69,0,-5.851902004853642,-6.5555837808808946,0,21.245957281586172,19.348987137685498,0,False,False,False,True,True,True
development_2023_2024,all,10,ticker_ascending,dip_4pct,1000000,1189,69,-56.152552816697934,-62.79623471457663,30.434782608695656,18,-51.77843830878284,-57.51885872399987,-4.374114507915095,-78.87629759522265,-83.42342964256626,28.98550724637681,69,0,-51.77843830878284,-57.51885872399987,28.98550724637681,69,0,-4.374114507915095,-5.277375990576758,0,22.72374477852472,20.627194927989635,0,False,False,False,True,True,True
development_2023_2024,all,10,ticker_ascending,dip_5pct,1000000,1189,69,-55.63081830624704,-60.22997187655361,28.98550724637681,9,-51.77843830878284,-57.51885872399987,-3.852379997464205,-78.87629759522265,-83.42342964256626,28.98550724637681,69,0,-51.77843830878284,-57.51885872399987,28.98550724637681,69,0,-3.8523799974642046,-2.711113152553743,0,23.24547928897561,23.19345776601265,0,False,False,False,True,True,True
development_2023_2024,all,10,factor_rank,all_in,1000000,1189,88,-64.33106442898882,-73.47377225905882,31.818181818181817,0,-31.696940894438985,-41.90114521615055,-32.63412353454984,-64.33106442898882,-73.47377225905882,31.818181818181817,88,0,-31.696940894438985,-41.90114521615055,31.818181818181817,88,0,-32.63412353454984,-31.572627042908266,0,0.0,0.0,0,False,False,False,False,False,False
development_2023_2024,all,10,factor_rank,cash_half,1000000,1189,88,-31.696940894438985,-41.90114521615055,31.818181818181817,0,-31.696940894438985,-41.90114521615055,0.0,-64.33106442898882,-73.47377225905882,31.818181818181817,88,0,-31.696940894438985,-41.90114521615055,31.818181818181817,88,0,0.0,0.0,0,32.63412353454984,31.572627042908266,0,False,False,False,True,True,True
development_2023_2024,all,10,factor_rank,dip_2pct,1000000,1189,88,-30.448610185374186,-42.00497172618461,35.22727272727273,31,-31.696940894438985,-41.90114521615055,1.2483307090648026,-64.33106442898882,-73.47377225905882,31.818181818181817,88,0,-31.696940894438985,-41.90114521615055,31.818181818181817,88,0,1.248330709064799,-0.10382651003405385,0,33.88245424361464,31.468800532874212,0,True,False,False,True,True,True
development_2023_2024,all,10,factor_rank,dip_3pct,1000000,1189,88,-32.273003191522164,-43.44413201592086,36.36363636363637,28,-31.696940894438985,-41.90114521615055,-0.5760622970831797,-64.33106442898882,-73.47377225905882,31.818181818181817,88,0,-31.696940894438985,-41.90114521615055,31.818181818181817,88,0,-0.5760622970831797,-1.5429867997703042,0,32.05806123746666,30.029640243137962,0,False,False,False,True,True,True
development_2023_2024,all,10,factor_rank,dip_4pct,1000000,1189,88,-32.29188640884664,-43.60122448685439,34.090909090909086,17,-31.696940894438985,-41.90114521615055,-0.5949455144076516,-64.33106442898882,-73.47377225905882,31.818181818181817,88,0,-31.696940894438985,-41.90114521615055,31.818181818181817,88,0,-0.5949455144076587,-1.7000792707038386,0,32.03917802014218,29.872547772204427,0,False,False,False,True,True,True
development_2023_2024,all,10,factor_rank,dip_5pct,1000000,1189,88,-29.553650926103117,-39.91228901532284,32.95454545454545,10,-31.696940894438985,-41.90114521615055,2.1432899683358717,-64.33106442898882,-73.47377225905882,31.818181818181817,88,0,-31.696940894438985,-41.90114521615055,31.818181818181817,88,0,2.1432899683358677,1.988856200827712,0,34.77741350288571,33.56148324373598,0,True,True,True,True,True,True
development_2023_2024,pullback,5,ticker_ascending,all_in,1000000,505,95,15.876233623412327,-50.63689277773334,41.05263157894737,0,8.762971982390756,-27.550505080409305,7.113261641021573,15.876233623412327,-50.63689277773334,41.05263157894737,95,0,8.762971982390756,-27.550505080409305,40.42553191489361,94,0,7.113261641021571,-23.08638769732403,1,0.0,0.0,0,True,False,False,False,False,False
development_2023_2024,pullback,5,ticker_ascending,cash_half,1000000,505,94,8.762971982390756,-27.550505080409305,40.42553191489361,0,8.762971982390756,-27.550505080409305,0.0,15.876233623412327,-50.63689277773334,41.05263157894737,95,0,8.762971982390756,-27.550505080409305,40.42553191489361,94,0,0.0,0.0,0,-7.113261641021571,23.08638769732403,-1,False,False,False,False,True,False
development_2023_2024,pullback,5,ticker_ascending,dip_2pct,1000000,505,95,28.346836520347107,-35.554314159989985,44.21052631578947,39,8.762971982390756,-27.550505080409305,19.58386453795635,15.876233623412327,-50.63689277773334,41.05263157894737,95,0,8.762971982390756,-27.550505080409305,40.42553191489361,94,0,19.58386453795635,-8.00380907958068,1,12.47060289693478,15.082578617743351,0,True,False,False,True,True,True
development_2023_2024,pullback,5,ticker_ascending,dip_3pct,1000000,505,95,30.079737714448783,-31.19511844738253,44.21052631578947,23,8.762971982390756,-27.550505080409305,21.316765732058027,15.876233623412327,-50.63689277773334,41.05263157894737,95,0,8.762971982390756,-27.550505080409305,40.42553191489361,94,0,21.316765732058027,-3.644613366973225,1,14.203504091036455,19.441774330350807,0,True,False,False,True,True,True
development_2023_2024,pullback,5,ticker_ascending,dip_4pct,1000000,505,94,12.186774682670132,-29.33004027932854,42.5531914893617,11,8.762971982390756,-27.550505080409305,3.423802700279376,15.876233623412327,-50.63689277773334,41.05263157894737,95,0,8.762971982390756,-27.550505080409305,40.42553191489361,94,0,3.423802700279376,-1.779535198919234,0,-3.6894589407421954,21.306852498404798,-1,True,False,False,False,True,False
development_2023_2024,pullback,5,ticker_ascending,dip_5pct,1000000,505,94,9.749586995425076,-29.7422014615568,41.48936170212766,7,8.762971982390756,-27.550505080409305,0.986615013034319,15.876233623412327,-50.63689277773334,41.05263157894737,95,0,8.762971982390756,-27.550505080409305,40.42553191489361,94,0,0.9866150130343208,-2.1916963811474943,0,-6.126646627987251,20.894691316176537,-1,True,False,False,False,True,False
development_2023_2024,pullback,5,factor_rank,all_in,1000000,505,95,96.84988952953525,-53.29840152535488,47.368421052631575,0,49.63235280816698,-30.790077039922792,47.217536721368255,96.84988952953525,-53.29840152535488,47.368421052631575,95,0,49.63235280816698,-30.790077039922792,47.368421052631575,95,0,47.21753672136827,-22.50832448543209,0,0.0,0.0,0,True,False,False,False,False,False
development_2023_2024,pullback,5,factor_rank,cash_half,1000000,505,95,49.63235280816698,-30.790077039922792,47.368421052631575,0,49.63235280816698,-30.790077039922792,0.0,96.84988952953525,-53.29840152535488,47.368421052631575,95,0,49.63235280816698,-30.790077039922792,47.368421052631575,95,0,0.0,0.0,0,-47.21753672136827,22.50832448543209,0,False,False,False,False,True,False
development_2023_2024,pullback,5,factor_rank,dip_2pct,1000000,505,95,61.5370065126422,-35.9430087956231,51.578947368421055,37,49.63235280816698,-30.790077039922792,11.904653704475225,96.84988952953525,-53.29840152535488,47.368421052631575,95,0,49.63235280816698,-30.790077039922792,47.368421052631575,95,0,11.904653704475223,-5.152931755700308,0,-35.312883016893046,17.355392729731783,0,True,False,False,False,True,False
development_2023_2024,pullback,5,factor_rank,dip_3pct,1000000,505,95,66.26229804306736,-33.06969439818654,52.63157894736842,24,49.63235280816698,-30.790077039922792,16.629945234900383,96.84988952953525,-53.29840152535488,47.368421052631575,95,0,49.63235280816698,-30.790077039922792,47.368421052631575,95,0,16.629945234900383,-2.2796173582637493,0,-30.587591486467886,20.22870712716834,0,True,False,False,False,True,False
development_2023_2024,pullback,5,factor_rank,dip_4pct,1000000,505,95,57.686149422521325,-31.18300220701794,50.526315789473685,9,49.63235280816698,-30.790077039922792,8.053796614354347,96.84988952953525,-53.29840152535488,47.368421052631575,95,0,49.63235280816698,-30.790077039922792,47.368421052631575,95,0,8.053796614354347,-0.3929251670951466,0,-39.16374010701392,22.115399318336944,0,True,False,False,False,True,False
development_2023_2024,pullback,5,factor_rank,dip_5pct,1000000,505,95,52.82877203812524,-32.41324093796315,48.42105263157895,6,49.63235280816698,-30.790077039922792,3.1964192299582592,96.84988952953525,-53.29840152535488,47.368421052631575,95,0,49.63235280816698,-30.790077039922792,47.368421052631575,95,0,3.1964192299582592,-1.6231638980403602,0,-44.02111749141001,20.88516058739173,0,True,False,False,False,True,False
development_2023_2024,pullback,10,ticker_ascending,all_in,1000000,505,56,-6.738311507188444,-35.2305772624768,39.285714285714285,0,1.57222615882886,-17.9277149899709,-8.310537666017304,-6.738311507188444,-35.2305772624768,39.285714285714285,56,0,1.57222615882886,-17.9277149899709,39.285714285714285,56,0,-8.310537666017304,-17.302862272505898,0,0.0,0.0,0,False,False,False,False,False,False
development_2023_2024,pullback,10,ticker_ascending,cash_half,1000000,505,56,1.57222615882886,-17.9277149899709,39.285714285714285,0,1.57222615882886,-17.9277149899709,0.0,-6.738311507188444,-35.2305772624768,39.285714285714285,56,0,1.57222615882886,-17.9277149899709,39.285714285714285,56,0,0.0,0.0,0,8.310537666017304,17.302862272505898,0,False,False,False,True,True,True
development_2023_2024,pullback,10,ticker_ascending,dip_2pct,1000000,505,56,-22.94296952231575,-35.58682010775052,41.07142857142857,28,1.57222615882886,-17.9277149899709,-24.51519568114461,-6.738311507188444,-35.2305772624768,39.285714285714285,56,0,1.57222615882886,-17.9277149899709,39.285714285714285,56,0,-24.51519568114461,-17.659105117779617,0,-16.204658015127308,-0.3562428452737194,0,False,False,False,False,False,False
development_2023_2024,pullback,10,ticker_ascending,dip_3pct,1000000,505,56,-12.036107475642275,-24.64142449347898,41.07142857142857,22,1.57222615882886,-17.9277149899709,-13.608333634471135,-6.738311507188444,-35.2305772624768,39.285714285714285,56,0,1.57222615882886,-17.9277149899709,39.285714285714285,56,0,-13.608333634471135,-6.713709503508078,0,-5.297795968453832,10.58915276899782,0,False,False,False,False,True,False
development_2023_2024,pullback,10,ticker_ascending,dip_4pct,1000000,505,56,-4.286641914164768,-22.76365549157032,41.07142857142857,17,1.57222615882886,-17.9277149899709,-5.858868072993628,-6.738311507188444,-35.2305772624768,39.285714285714285,56,0,1.57222615882886,-17.9277149899709,39.285714285714285,56,0,-5.858868072993628,-4.835940501599417,0,2.4516695930236754,12.466921770906481,0,False,False,False,True,True,True
development_2023_2024,pullback,10,ticker_ascending,dip_5pct,1000000,505,56,-2.7077248893467742,-20.11835457654163,39.285714285714285,8,1.57222615882886,-17.9277149899709,-4.279951048175635,-6.738311507188444,-35.2305772624768,39.285714285714285,56,0,1.57222615882886,-17.9277149899709,39.285714285714285,56,0,-4.279951048175635,-2.190639586570729,0,4.030586617841669,15.11222268593517,0,False,False,False,True,True,True
development_2023_2024,pullback,10,factor_rank,all_in,1000000,505,60,10.493076051751892,-27.18850842908894,43.333333333333336,0,12.37922784767984,-13.342009069749118,-1.8861517959279488,10.493076051751892,-27.18850842908894,43.333333333333336,60,0,12.37922784767984,-13.342009069749118,43.333333333333336,60,0,-1.8861517959279475,-13.846499359339823,0,0.0,0.0,0,False,False,False,False,False,False
development_2023_2024,pullback,10,factor_rank,cash_half,1000000,505,60,12.37922784767984,-13.342009069749118,43.333333333333336,0,12.37922784767984,-13.342009069749118,0.0,10.493076051751892,-27.18850842908894,43.333333333333336,60,0,12.37922784767984,-13.342009069749118,43.333333333333336,60,0,0.0,0.0,0,1.8861517959279475,13.846499359339823,0,False,False,False,True,True,True
development_2023_2024,pullback,10,factor_rank,dip_2pct,1000000,505,60,5.810163880146857,-19.59966248563987,45.0,31,12.37922784767984,-13.342009069749118,-6.569063967532984,10.493076051751892,-27.18850842908894,43.333333333333336,60,0,12.37922784767984,-13.342009069749118,43.333333333333336,60,0,-6.5690639675329825,-6.257653415890751,0,-4.682912171605035,7.588845943449073,0,False,False,False,False,True,False
development_2023_2024,pullback,10,factor_rank,dip_3pct,1000000,505,60,6.2272955516126105,-17.96337502034081,48.333333333333336,25,12.37922784767984,-13.342009069749118,-6.151932296067231,10.493076051751892,-27.18850842908894,43.333333333333336,60,0,12.37922784767984,-13.342009069749118,43.333333333333336,60,0,-6.151932296067229,-4.6213659505916915,0,-4.2657805001392815,9.225133408748132,0,False,False,False,False,True,False
development_2023_2024,pullback,10,factor_rank,dip_4pct,1000000,505,60,17.212133455671253,-16.09526343184806,48.333333333333336,18,12.37922784767984,-13.342009069749118,4.832905607991412,10.493076051751892,-27.18850842908894,43.333333333333336,60,0,12.37922784767984,-13.342009069749118,43.333333333333336,60,0,4.832905607991414,-2.753254362098943,0,6.719057403919361,11.09324499724088,0,True,False,False,True,True,True
development_2023_2024,pullback,10,factor_rank,dip_5pct,1000000,505,60,11.4151596062527,-13.235242556351237,45.0,6,12.37922784767984,-13.342009069749118,-0.9640682414271406,10.493076051751892,-27.18850842908894,43.333333333333336,60,0,12.37922784767984,-13.342009069749118,43.333333333333336,60,0,-0.9640682414271389,0.10676651339788101,0,0.9220835545008086,13.953265872737704,0,False,True,False,True,True,True
development_2023_2024,breakout,5,ticker_ascending,all_in,1000000,370,99,-25.592776189365186,-62.905805460468265,35.35353535353536,0,4.395664930060117,-34.95392998627707,-29.988441119425303,-25.592776189365186,-62.905805460468265,35.35353535353536,99,0,4.395664930060117,-34.95392998627707,35.35353535353536,99,0,-29.988441119425303,-27.951875474191198,0,0.0,0.0,0,False,False,False,False,False,False
development_2023_2024,breakout,5,ticker_ascending,cash_half,1000000,370,99,4.395664930060117,-34.95392998627707,35.35353535353536,0,4.395664930060117,-34.95392998627707,0.0,-25.592776189365186,-62.905805460468265,35.35353535353536,99,0,4.395664930060117,-34.95392998627707,35.35353535353536,99,0,0.0,0.0,0,29.988441119425303,27.951875474191198,0,False,False,False,True,True,True
development_2023_2024,breakout,5,ticker_ascending,dip_2pct,1000000,370,99,-5.817122084024662,-46.3311404678652,40.4040404040404,38,4.395664930060117,-34.95392998627707,-10.212787014084778,-25.592776189365186,-62.905805460468265,35.35353535353536,99,0,4.395664930060117,-34.95392998627707,35.35353535353536,99,0,-10.212787014084778,-11.37721048158813,0,19.77565410534052,16.57466499260307,0,False,False,False,True,True,True
development_2023_2024,breakout,5,ticker_ascending,dip_3pct,1000000,370,99,-4.655227982593169,-41.97921848138956,39.39393939393939,29,4.395664930060117,-34.95392998627707,-9.050892912653286,-25.592776189365186,-62.905805460468265,35.35353535353536,99,0,4.395664930060117,-34.95392998627707,35.35353535353536,99,0,-9.050892912653286,-7.025288495112491,0,20.937548206772018,20.926586979078706,0,False,False,False,True,True,True
development_2023_2024,breakout,5,ticker_ascending,dip_4pct,1000000,370,99,0.6293195438448862,-40.034862289437136,38.38383838383838,21,4.395664930060117,-34.95392998627707,-3.766345386215231,-25.592776189365186,-62.905805460468265,35.35353535353536,99,0,4.395664930060117,-34.95392998627707,35.35353535353536,99,0,-3.7663453862152307,-5.080932303160068,0,26.22209573321007,22.87094317103113,0,False,False,False,True,True,True
development_2023_2024,breakout,5,ticker_ascending,dip_5pct,1000000,370,99,4.85721354853812,-35.02487087566614,37.37373737373738,11,4.395664930060117,-34.95392998627707,0.4615486184780026,-25.592776189365186,-62.905805460468265,35.35353535353536,99,0,4.395664930060117,-34.95392998627707,35.35353535353536,99,0,0.46154861847800266,-0.07094088938907106,0,30.449989737903305,27.880934584802127,0,True,False,False,True,True,True
development_2023_2024,breakout,5,factor_rank,all_in,1000000,370,103,-42.51695604787591,-77.79044967932208,32.03883495145632,0,-8.175808279252673,-47.91938170223212,-34.34114776862324,-42.51695604787591,-77.79044967932208,32.03883495145632,103,0,-8.175808279252673,-47.91938170223212,32.03883495145632,103,0,-34.34114776862324,-29.871067977089957,0,0.0,0.0,0,False,False,False,False,False,False
development_2023_2024,breakout,5,factor_rank,cash_half,1000000,370,103,-8.175808279252673,-47.91938170223212,32.03883495145632,0,-8.175808279252673,-47.91938170223212,0.0,-42.51695604787591,-77.79044967932208,32.03883495145632,103,0,-8.175808279252673,-47.91938170223212,32.03883495145632,103,0,0.0,0.0,0,34.34114776862324,29.871067977089957,0,False,False,False,True,True,True
development_2023_2024,breakout,5,factor_rank,dip_2pct,1000000,370,103,-23.596878951592547,-53.96848392065039,36.89320388349515,37,-8.175808279252673,-47.91938170223212,-15.421070672339876,-42.51695604787591,-77.79044967932208,32.03883495145632,103,0,-8.175808279252673,-47.91938170223212,32.03883495145632,103,0,-15.421070672339875,-6.04910221841827,0,18.92007709628336,23.821965758671688,0,False,False,False,True,True,True
development_2023_2024,breakout,5,factor_rank,dip_3pct,1000000,370,103,-17.807136956106174,-49.9044324383966,35.92233009708738,30,-8.175808279252673,-47.91938170223212,-9.6313286768535,-42.51695604787591,-77.79044967932208,32.03883495145632,103,0,-8.175808279252673,-47.91938170223212,32.03883495145632,103,0,-9.631328676853501,-1.9850507361644745,0,24.709819091769734,27.886017240925483,0,False,False,False,True,True,True
development_2023_2024,breakout,5,factor_rank,dip_4pct,1000000,370,103,-11.558876159839317,-47.02386198715405,34.95145631067961,24,-8.175808279252673,-47.91938170223212,-3.3830678805866423,-42.51695604787591,-77.79044967932208,32.03883495145632,103,0,-8.175808279252673,-47.91938170223212,32.03883495145632,103,0,-3.383067880586644,0.8955197150780734,0,30.958079888036593,30.76658769216803,0,False,True,False,True,True,True
development_2023_2024,breakout,5,factor_rank,dip_5pct,1000000,370,103,-7.994560307013909,-46.77470278446528,33.980582524271846,12,-8.175808279252673,-47.91938170223212,0.1812479722387632,-42.51695604787591,-77.79044967932208,32.03883495145632,103,0,-8.175808279252673,-47.91938170223212,32.03883495145632,103,0,0.1812479722387632,1.1446789177668393,0,34.522395740861995,31.015746894856797,0,True,True,True,True,True,True
development_2023_2024,breakout,10,ticker_ascending,all_in,1000000,370,73,-17.217939417649188,-65.40746395758894,35.61643835616438,0,10.834118937463044,-38.24850883232153,-28.05205835511223,-17.217939417649188,-65.40746395758894,35.61643835616438,73,0,10.834118937463044,-38.24850883232153,35.61643835616438,73,0,-28.05205835511223,-27.15895512526742,0,0.0,0.0,0,False,False,False,False,False,False
development_2023_2024,breakout,10,ticker_ascending,cash_half,1000000,370,73,10.834118937463044,-38.24850883232153,35.61643835616438,0,10.834118937463044,-38.24850883232153,0.0,-17.217939417649188,-65.40746395758894,35.61643835616438,73,0,10.834118937463044,-38.24850883232153,35.61643835616438,73,0,0.0,0.0,0,28.05205835511223,27.15895512526742,0,False,False,False,True,True,True
development_2023_2024,breakout,10,ticker_ascending,dip_2pct,1000000,370,73,-15.419124334649917,-46.35988021079878,38.35616438356164,35,10.834118937463044,-38.24850883232153,-26.25324327211296,-17.217939417649188,-65.40746395758894,35.61643835616438,73,0,10.834118937463044,-38.24850883232153,35.61643835616438,73,0,-26.25324327211296,-8.111371378477251,0,1.7988150829992708,19.047583746790167,0,False,False,False,True,True,True
development_2023_2024,breakout,10,ticker_ascending,dip_3pct,1000000,370,73,-7.231346418975127,-44.8362743879311,38.35616438356164,29,10.834118937463044,-38.24850883232153,-18.06546535643817,-17.217939417649188,-65.40746395758894,35.61643835616438,73,0,10.834118937463044,-38.24850883232153,35.61643835616438,73,0,-18.06546535643817,-6.587765555609572,0,9.98659299867406,20.571189569657847,0,False,False,False,True,True,True
development_2023_2024,breakout,10,ticker_ascending,dip_4pct,1000000,370,73,-7.2817150500954835,-42.80440139775806,38.35616438356164,23,10.834118937463044,-38.24850883232153,-18.115833987558528,-17.217939417649188,-65.40746395758894,35.61643835616438,73,0,10.834118937463044,-38.24850883232153,35.61643835616438,73,0,-18.115833987558528,-4.555892565436537,0,9.936224367553704,22.60306255983088,0,False,False,False,True,True,True
development_2023_2024,breakout,10,ticker_ascending,dip_5pct,1000000,370,73,4.778381540820398,-38.93015603313956,36.98630136986301,11,10.834118937463044,-38.24850883232153,-6.055737396642646,-17.217939417649188,-65.40746395758894,35.61643835616438,73,0,10.834118937463044,-38.24850883232153,35.61643835616438,73,0,-6.055737396642646,-0.6816472008180341,0,21.996320958469585,26.477307924449384,0,False,False,False,True,True,True
development_2023_2024,breakout,10,factor_rank,all_in,1000000,370,78,-28.951785921184904,-72.43884099091994,33.33333333333333,0,0.3634838476387569,-42.697258352029856,-29.31526976882366,-28.951785921184904,-72.43884099091994,33.33333333333333,78,0,0.3634838476387569,-42.697258352029856,33.33333333333333,78,0,-29.31526976882366,-29.741582638890087,0,0.0,0.0,0,False,False,False,False,False,False
development_2023_2024,breakout,10,factor_rank,cash_half,1000000,370,78,0.3634838476387569,-42.697258352029856,33.33333333333333,0,0.3634838476387569,-42.697258352029856,0.0,-28.951785921184904,-72.43884099091994,33.33333333333333,78,0,0.3634838476387569,-42.697258352029856,33.33333333333333,78,0,0.0,0.0,0,29.31526976882366,29.741582638890087,0,False,False,False,True,True,True
development_2023_2024,breakout,10,factor_rank,dip_2pct,1000000,370,78,-24.999454143543755,-57.382956631028605,35.8974358974359,32,0.3634838476387569,-42.697258352029856,-25.362937991182516,-28.951785921184904,-72.43884099091994,33.33333333333333,78,0,0.3634838476387569,-42.697258352029856,33.33333333333333,78,0,-25.362937991182513,-14.68569827899875,0,3.952331777641149,15.055884359891337,0,False,False,False,True,True,True
development_2023_2024,breakout,10,factor_rank,dip_3pct,1000000,370,78,-17.91238479851366,-50.6249241167003,34.61538461538461,27,0.3634838476387569,-42.697258352029856,-18.275868646152414,-28.951785921184904,-72.43884099091994,33.33333333333333,78,0,0.3634838476387569,-42.697258352029856,33.33333333333333,78,0,-18.275868646152418,-7.927665764670444,0,11.039401122671244,21.813916874219643,0,False,False,False,True,True,True
development_2023_2024,breakout,10,factor_rank,dip_4pct,1000000,370,78,-13.349818827751026,-48.193579104612006,34.61538461538461,21,0.3634838476387569,-42.697258352029856,-13.713302675389784,-28.951785921184904,-72.43884099091994,33.33333333333333,78,0,0.3634838476387569,-42.697258352029856,33.33333333333333,78,0,-13.713302675389782,-5.49632075258215,0,15.601967093433878,24.245261886307937,0,False,False,False,True,True,True
development_2023_2024,breakout,10,factor_rank,dip_5pct,1000000,370,78,-4.491127102081238,-44.68537870400119,34.61538461538461,9,0.3634838476387569,-42.697258352029856,-4.854610949719995,-28.951785921184904,-72.43884099091994,33.33333333333333,78,0,0.3634838476387569,-42.697258352029856,33.33333333333333,78,0,-4.854610949719995,-1.9881203519713324,0,24.460658819103664,27.753462286918754,0,False,False,False,True,True,True
development_2023_2024,regime_switch,5,ticker_ascending,all_in,1000000,346,69,-56.42026855571376,-67.57768362283763,37.68115942028986,0,-30.64369133927588,-40.30663695027725,-25.77657721643788,-56.42026855571376,-67.57768362283763,37.68115942028986,69,0,-30.64369133927588,-40.30663695027725,37.68115942028986,69,0,-25.776577216437882,-27.271046672560374,0,0.0,0.0,0,False,False,False,False,False,False
development_2023_2024,regime_switch,5,ticker_ascending,cash_half,1000000,346,69,-30.64369133927588,-40.30663695027725,37.68115942028986,0,-30.64369133927588,-40.30663695027725,0.0,-56.42026855571376,-67.57768362283763,37.68115942028986,69,0,-30.64369133927588,-40.30663695027725,37.68115942028986,69,0,0.0,0.0,0,25.776577216437882,27.271046672560374,0,False,False,False,True,True,True
development_2023_2024,regime_switch,5,ticker_ascending,dip_2pct,1000000,346,69,-33.59964087854627,-42.28450523057858,43.47826086956522,32,-30.64369133927588,-40.30663695027725,-2.9559495392703887,-56.42026855571376,-67.57768362283763,37.68115942028986,69,0,-30.64369133927588,-40.30663695027725,37.68115942028986,69,0,-2.9559495392703887,-1.9778682803013297,0,22.820627677167494,25.293178392259044,0,False,False,False,True,True,True
development_2023_2024,regime_switch,5,ticker_ascending,dip_3pct,1000000,346,69,-28.933872525802563,-39.11565817685314,42.028985507246375,22,-30.64369133927588,-40.30663695027725,1.7098188134733157,-56.42026855571376,-67.57768362283763,37.68115942028986,69,0,-30.64369133927588,-40.30663695027725,37.68115942028986,69,0,1.7098188134733157,1.1909787734241135,0,27.486396029911198,28.462025445984487,0,True,True,True,True,True,True
development_2023_2024,regime_switch,5,ticker_ascending,dip_4pct,1000000,346,69,-22.4576664694618,-34.70069209954648,40.57971014492754,12,-30.64369133927588,-40.30663695027725,8.186024869814077,-56.42026855571376,-67.57768362283763,37.68115942028986,69,0,-30.64369133927588,-40.30663695027725,37.68115942028986,69,0,8.18602486981408,5.605944850730772,0,33.96260208625196,32.876991523291146,0,True,True,True,True,True,True
development_2023_2024,regime_switch,5,ticker_ascending,dip_5pct,1000000,346,69,-30.221276147982923,-41.0335228907804,40.57971014492754,8,-30.64369133927588,-40.30663695027725,0.4224151912929557,-56.42026855571376,-67.57768362283763,37.68115942028986,69,0,-30.64369133927588,-40.30663695027725,37.68115942028986,69,0,0.4224151912929557,-0.7268859405031449,0,26.198992407730838,26.54416073205723,0,True,False,False,True,True,True
development_2023_2024,regime_switch,5,factor_rank,all_in,1000000,346,74,-48.56201074687541,-70.66988958709163,35.13513513513514,0,-21.69577475973005,-44.73204627414709,-26.86623598714536,-48.56201074687541,-70.66988958709163,35.13513513513514,74,0,-21.69577475973005,-44.73204627414709,35.13513513513514,74,0,-26.86623598714536,-25.937843312944544,0,0.0,0.0,0,False,False,False,False,False,False
development_2023_2024,regime_switch,5,factor_rank,cash_half,1000000,346,74,-21.69577475973005,-44.73204627414709,35.13513513513514,0,-21.69577475973005,-44.73204627414709,0.0,-48.56201074687541,-70.66988958709163,35.13513513513514,74,0,-21.69577475973005,-44.73204627414709,35.13513513513514,74,0,0.0,0.0,0,26.86623598714536,25.937843312944544,0,False,False,False,True,True,True
development_2023_2024,regime_switch,5,factor_rank,dip_2pct,1000000,346,74,-34.75774769794741,-47.44297765914536,40.54054054054054,36,-21.69577475973005,-44.73204627414709,-13.061972938217362,-48.56201074687541,-70.66988958709163,35.13513513513514,74,0,-21.69577475973005,-44.73204627414709,35.13513513513514,74,0,-13.061972938217359,-2.7109313849982755,0,13.804263048928,23.22691192794627,0,False,False,False,True,True,True
development_2023_2024,regime_switch,5,factor_rank,dip_3pct,1000000,346,74,-26.97374989215277,-43.39291581977959,39.18918918918919,28,-21.69577475973005,-44.73204627414709,-5.277975132422728,-48.56201074687541,-70.66988958709163,35.13513513513514,74,0,-21.69577475973005,-44.73204627414709,35.13513513513514,74,0,-5.277975132422721,1.3391304543674991,0,21.588260854722638,27.276973767312043,0,False,True,False,True,True,True
development_2023_2024,regime_switch,5,factor_rank,dip_4pct,1000000,346,74,-17.979035133389875,-41.37000990913291,37.83783783783784,17,-21.69577475973005,-44.73204627414709,3.7167396263401713,-48.56201074687541,-70.66988958709163,35.13513513513514,74,0,-21.69577475973005,-44.73204627414709,35.13513513513514,74,0,3.716739626340175,3.362036365014177,0,30.582975613485534,29.29987967795872,0,True,True,True,True,True,True
development_2023_2024,regime_switch,5,factor_rank,dip_5pct,1000000,346,74,-22.71852845915652,-45.55831562105689,37.83783783783784,10,-21.69577475973005,-44.73204627414709,-1.0227536994264703,-48.56201074687541,-70.66988958709163,35.13513513513514,74,0,-21.69577475973005,-44.73204627414709,35.13513513513514,74,0,-1.0227536994264703,-0.8262693469098039,0,25.84348228771889,25.11157396603474,0,False,False,False,True,True,True
development_2023_2024,regime_switch,10,ticker_ascending,all_in,1000000,346,48,2.43428930018863,-51.24773160625996,41.66666666666667,0,7.181260827167257,-28.82708463710833,-4.746971526978627,2.43428930018863,-51.24773160625996,41.66666666666667,48,0,7.181260827167257,-28.82708463710833,41.66666666666667,48,0,-4.746971526978627,-22.42064696915163,0,0.0,0.0,0,False,False,False,False,False,False
development_2023_2024,regime_switch,10,ticker_ascending,cash_half,1000000,346,48,7.181260827167257,-28.82708463710833,41.66666666666667,0,7.181260827167257,-28.82708463710833,0.0,2.43428930018863,-51.24773160625996,41.66666666666667,48,0,7.181260827167257,-28.82708463710833,41.66666666666667,48,0,0.0,0.0,0,4.746971526978627,22.42064696915163,0,False,False,False,True,True,True
development_2023_2024,regime_switch,10,ticker_ascending,dip_2pct,1000000,346,48,8.511448365421437,-32.47738240119576,41.66666666666667,25,7.181260827167257,-28.82708463710833,1.3301875382541797,2.43428930018863,-51.24773160625996,41.66666666666667,48,0,7.181260827167257,-28.82708463710833,41.66666666666667,48,0,1.3301875382541795,-3.65029776408743,0,6.077159065232807,18.7703492050642,0,True,False,False,True,True,True
development_2023_2024,regime_switch,10,ticker_ascending,dip_3pct,1000000,346,48,17.835508398410017,-27.302323684196107,43.75,18,7.181260827167257,-28.82708463710833,10.65424757124276,2.43428930018863,-51.24773160625996,41.66666666666667,48,0,7.181260827167257,-28.82708463710833,41.66666666666667,48,0,10.65424757124276,1.5247609529122244,0,15.401219098221386,23.945407922063854,0,True,True,True,True,True,True
development_2023_2024,regime_switch,10,ticker_ascending,dip_4pct,1000000,346,48,15.463453703081242,-27.103149095431167,43.75,13,7.181260827167257,-28.82708463710833,8.282192875913985,2.43428930018863,-51.24773160625996,41.66666666666667,48,0,7.181260827167257,-28.82708463710833,41.66666666666667,48,0,8.282192875913985,1.7239355416771645,0,13.029164402892611,24.144582510828794,0,True,True,True,True,True,True
development_2023_2024,regime_switch,10,ticker_ascending,dip_5pct,1000000,346,48,0.780680473634443,-31.11841006631364,41.66666666666667,8,7.181260827167257,-28.82708463710833,-6.400580353532814,2.43428930018863,-51.24773160625996,41.66666666666667,48,0,7.181260827167257,-28.82708463710833,41.66666666666667,48,0,-6.400580353532814,-2.2913254292053082,0,-1.653608826554187,20.12932153994632,0,False,False,False,False,True,False
development_2023_2024,regime_switch,10,factor_rank,all_in,1000000,346,52,-30.955937956978897,-67.49258933773174,38.46153846153847,0,-11.657929790588527,-41.52269608987135,-19.298008166390368,-30.955937956978897,-67.49258933773174,38.46153846153847,52,0,-11.657929790588527,-41.52269608987135,38.46153846153847,52,0,-19.298008166390368,-25.96989324786039,0,0.0,0.0,0,False,False,False,False,False,False
development_2023_2024,regime_switch,10,factor_rank,cash_half,1000000,346,52,-11.657929790588527,-41.52269608987135,38.46153846153847,0,-11.657929790588527,-41.52269608987135,0.0,-30.955937956978897,-67.49258933773174,38.46153846153847,52,0,-11.657929790588527,-41.52269608987135,38.46153846153847,52,0,0.0,0.0,0,19.298008166390368,25.96989324786039,0,False,False,False,True,True,True
development_2023_2024,regime_switch,10,factor_rank,dip_2pct,1000000,346,52,-18.15166430945746,-45.48407716992394,38.46153846153847,28,-11.657929790588527,-41.52269608987135,-6.49373451886893,-30.955937956978897,-67.49258933773174,38.46153846153847,52,0,-11.657929790588527,-41.52269608987135,38.46153846153847,52,0,-6.493734518868932,-3.9613810800525897,0,12.804273647521438,22.0085121678078,0,False,False,False,True,True,True
development_2023_2024,regime_switch,10,factor_rank,dip_3pct,1000000,346,52,-11.525158342928687,-41.443772553203054,38.46153846153847,22,-11.657929790588527,-41.52269608987135,0.1327714476598416,-30.955937956978897,-67.49258933773174,38.46153846153847,52,0,-11.657929790588527,-41.52269608987135,38.46153846153847,52,0,0.13277144765983984,0.07892353666829877,0,19.43077961405021,26.04881678452869,0,True,True,True,True,True,True
development_2023_2024,regime_switch,10,factor_rank,dip_4pct,1000000,346,52,-9.875483179477207,-43.04458783618888,38.46153846153847,14,-11.657929790588527,-41.52269608987135,1.7824466111113215,-30.955937956978897,-67.49258933773174,38.46153846153847,52,0,-11.657929790588527,-41.52269608987135,38.46153846153847,52,0,1.78244661111132,-1.5218917463175288,0,21.08045477750169,24.448001501542862,0,True,False,False,True,True,True
development_2023_2024,regime_switch,10,factor_rank,dip_5pct,1000000,346,52,-17.30727341101733,-44.39610244529747,38.46153846153847,7,-11.657929790588527,-41.52269608987135,-5.649343620428802,-30.955937956978897,-67.49258933773174,38.46153846153847,52,0,-11.657929790588527,-41.52269608987135,38.46153846153847,52,0,-5.6493436204288034,-2.8734063554261198,0,13.648664545961566,23.09648689243427,0,False,False,False,True,True,True
later_2025,all,5,ticker_ascending,all_in,1000000,869,57,4.721380203409509,-47.31180180448057,47.368421052631575,0,2.07254390931344,-26.48602203516417,2.648836294096069,4.721380203409509,-47.31180180448057,47.368421052631575,57,0,2.07254390931344,-26.48602203516417,47.368421052631575,57,0,2.6488362940960686,-20.825779769316398,0,0.0,0.0,0,True,False,False,False,False,False
later_2025,all,5,ticker_ascending,cash_half,1000000,869,57,2.07254390931344,-26.48602203516417,47.368421052631575,0,2.07254390931344,-26.48602203516417,0.0,4.721380203409509,-47.31180180448057,47.368421052631575,57,0,2.07254390931344,-26.48602203516417,47.368421052631575,57,0,0.0,0.0,0,-2.6488362940960686,20.825779769316398,0,False,False,False,False,True,False
later_2025,all,5,ticker_ascending,dip_2pct,1000000,869,57,-2.7459552408923504,-27.6807218177189,50.877192982456144,16,2.07254390931344,-26.48602203516417,-4.81849915020579,4.721380203409509,-47.31180180448057,47.368421052631575,57,0,2.07254390931344,-26.48602203516417,47.368421052631575,57,0,-4.81849915020579,-1.194699782554732,0,-7.46733544430186,19.631079986761666,0,False,False,False,False,True,False
later_2025,all,5,ticker_ascending,dip_3pct,1000000,869,57,1.824863064407034,-27.501696834488374,49.122807017543856,12,2.07254390931344,-26.48602203516417,-0.247680844906406,4.721380203409509,-47.31180180448057,47.368421052631575,57,0,2.07254390931344,-26.48602203516417,47.368421052631575,57,0,-0.24768084490640607,-1.0156747993242057,0,-2.8965171390024747,19.810104969992192,0,False,False,False,False,True,False
later_2025,all,5,ticker_ascending,dip_4pct,1000000,869,57,-3.0985576679836924,-27.48223024693931,49.122807017543856,8,2.07254390931344,-26.48602203516417,-5.171101577297133,4.721380203409509,-47.31180180448057,47.368421052631575,57,0,2.07254390931344,-26.48602203516417,47.368421052631575,57,0,-5.171101577297133,-0.9962082117751407,0,-7.819937871393201,19.829571557541257,0,False,False,False,False,True,False
later_2025,all,5,ticker_ascending,dip_5pct,1000000,869,57,-3.8780367843527896,-27.48223024693931,47.368421052631575,6,2.07254390931344,-26.48602203516417,-5.95058069366623,4.721380203409509,-47.31180180448057,47.368421052631575,57,0,2.07254390931344,-26.48602203516417,47.368421052631575,57,0,-5.95058069366623,-0.9962082117751407,0,-8.599416987762298,19.829571557541257,0,False,False,False,False,True,False
later_2025,all,5,factor_rank,all_in,1000000,869,65,45.42747905111306,-41.21989113108141,43.07692307692308,0,23.554810119996876,-22.09402102120006,21.872668931116188,45.42747905111306,-41.21989113108141,43.07692307692308,65,0,23.554810119996876,-22.09402102120006,43.75,64,0,21.872668931116184,-19.12587010988135,1,0.0,0.0,0,True,False,False,False,False,False
later_2025,all,5,factor_rank,cash_half,1000000,869,64,23.554810119996876,-22.09402102120006,43.75,0,23.554810119996876,-22.09402102120006,0.0,45.42747905111306,-41.21989113108141,43.07692307692308,65,0,23.554810119996876,-22.09402102120006,43.75,64,0,0.0,0.0,0,-21.872668931116184,19.12587010988135,-1,False,False,False,False,True,False
later_2025,all,5,factor_rank,dip_2pct,1000000,869,64,24.41571689643911,-25.47070126769969,45.3125,20,23.554810119996876,-22.09402102120006,0.8609067764422385,45.42747905111306,-41.21989113108141,43.07692307692308,65,0,23.554810119996876,-22.09402102120006,43.75,64,0,0.8609067764422349,-3.376680246499628,0,-21.01176215467395,15.749189863381723,-1,True,False,False,False,True,False
later_2025,all,5,factor_rank,dip_3pct,1000000,869,64,18.369888292528856,-22.061669451001976,45.3125,8,23.554810119996876,-22.09402102120006,-5.184921827468017,45.42747905111306,-41.21989113108141,43.07692307692308,65,0,23.554810119996876,-22.09402102120006,43.75,64,0,-5.18492182746802,0.032351570198084545,0,-27.057590758584205,19.158221680079436,-1,False,True,False,False,True,False
later_2025,all,5,factor_rank,dip_4pct,1000000,869,64,22.9205979153166,-22.49781559556653,46.875,6,23.554810119996876,-22.09402102120006,-0.6342122046802743,45.42747905111306,-41.21989113108141,43.07692307692308,65,0,23.554810119996876,-22.09402102120006,43.75,64,0,-0.6342122046802778,-0.4037945743664686,0,-22.506881135796462,18.722075535514882,-1,False,False,False,False,True,False
later_2025,all,5,factor_rank,dip_5pct,1000000,869,64,24.10348228181549,-22.09402102120006,45.3125,3,23.554810119996876,-22.09402102120006,0.5486721618186188,45.42747905111306,-41.21989113108141,43.07692307692308,65,0,23.554810119996876,-22.09402102120006,43.75,64,0,0.5486721618186152,0.0,0,-21.32399676929757,19.12587010988135,-1,True,False,False,False,True,False
later_2025,all,10,ticker_ascending,all_in,1000000,869,39,-73.93166029232432,-74.44194005996093,28.205128205128204,0,-48.88252909451424,-49.38052744771749,-25.049131197810084,-73.93166029232432,-74.44194005996093,28.205128205128204,39,0,-48.88252909451424,-49.38052744771749,28.205128205128204,39,0,-25.049131197810084,-25.061412612243437,0,0.0,0.0,0,False,False,False,False,False,False
later_2025,all,10,ticker_ascending,cash_half,1000000,869,39,-48.88252909451424,-49.38052744771749,28.205128205128204,0,-48.88252909451424,-49.38052744771749,0.0,-73.93166029232432,-74.44194005996093,28.205128205128204,39,0,-48.88252909451424,-49.38052744771749,28.205128205128204,39,0,0.0,0.0,0,25.049131197810084,25.061412612243437,0,False,False,False,True,True,True
later_2025,all,10,ticker_ascending,dip_2pct,1000000,869,39,-53.89981322398412,-54.34893202212001,33.33333333333333,21,-48.88252909451424,-49.38052744771749,-5.017284129469879,-73.93166029232432,-74.44194005996093,28.205128205128204,39,0,-48.88252909451424,-49.38052744771749,28.205128205128204,39,0,-5.0172841294698785,-4.96840457440252,0,20.031847068340205,20.093008037840917,0,False,False,False,True,True,True
later_2025,all,10,ticker_ascending,dip_3pct,1000000,869,39,-51.19191890117575,-51.66741863893013,30.76923076923077,16,-48.88252909451424,-49.38052744771749,-2.309389806661507,-73.93166029232432,-74.44194005996093,28.205128205128204,39,0,-48.88252909451424,-49.38052744771749,28.205128205128204,39,0,-2.309389806661507,-2.2868911912126393,0,22.739741391148577,22.774521421030798,0,False,False,False,True,True,True
later_2025,all,10,ticker_ascending,dip_4pct,1000000,869,39,-51.80259719635808,-52.2721475633797,30.76923076923077,13,-48.88252909451424,-49.38052744771749,-2.920068101843839,-73.93166029232432,-74.44194005996093,28.205128205128204,39,0,-48.88252909451424,-49.38052744771749,28.205128205128204,39,0,-2.920068101843839,-2.8916201156622066,0,22.129063095966245,22.16979249658123,0,False,False,False,True,True,True
later_2025,all,10,ticker_ascending,dip_5pct,1000000,869,39,-50.57636790632444,-51.05786448579103,30.76923076923077,9,-48.88252909451424,-49.38052744771749,-1.6938388118101957,-73.93166029232432,-74.44194005996093,28.205128205128204,39,0,-48.88252909451424,-49.38052744771749,28.205128205128204,39,0,-1.6938388118102026,-1.6773370380735386,0,23.35529238599988,23.3840755741699,0,False,False,False,True,True,True
later_2025,all,10,factor_rank,all_in,1000000,869,48,-16.695774741950974,-51.28209686622305,41.66666666666667,0,-4.015116172847422,-27.9386393296746,-12.680658569103551,-16.695774741950974,-51.28209686622305,41.66666666666667,48,0,-4.015116172847422,-27.9386393296746,41.66666666666667,48,0,-12.680658569103553,-23.34345753654845,0,0.0,0.0,0,False,False,False,False,False,False
later_2025,all,10,factor_rank,cash_half,1000000,869,48,-4.015116172847422,-27.9386393296746,41.66666666666667,0,-4.015116172847422,-27.9386393296746,0.0,-16.695774741950974,-51.28209686622305,41.66666666666667,48,0,-4.015116172847422,-27.9386393296746,41.66666666666667,48,0,0.0,0.0,0,12.680658569103553,23.34345753654845,0,False,False,False,True,True,True
later_2025,all,10,factor_rank,dip_2pct,1000000,869,48,-3.428936688099516,-31.344973635315142,43.75,21,-4.015116172847422,-27.9386393296746,0.5861794847479063,-16.695774741950974,-51.28209686622305,41.66666666666667,48,0,-4.015116172847422,-27.9386393296746,41.66666666666667,48,0,0.5861794847479058,-3.4063343056405415,0,13.266838053851458,19.937123230907908,0,True,False,False,True,True,True
later_2025,all,10,factor_rank,dip_3pct,1000000,869,48,-1.2486262974534146,-33.00095481017713,43.75,16,-4.015116172847422,-27.9386393296746,2.766489875394007,-16.695774741950974,-51.28209686622305,41.66666666666667,48,0,-4.015116172847422,-27.9386393296746,41.66666666666667,48,0,2.766489875394007,-5.0623154805025266,0,15.447148444497559,18.281142056045923,0,True,False,False,True,True,True
later_2025,all,10,factor_rank,dip_4pct,1000000,869,48,7.92161291901261,-28.94572001490612,43.75,11,-4.015116172847422,-27.9386393296746,11.936729091860032,-16.695774741950974,-51.28209686622305,41.66666666666667,48,0,-4.015116172847422,-27.9386393296746,41.66666666666667,48,0,11.93672909186003,-1.007080685231518,0,24.617387660963583,22.33637685131693,0,True,False,False,True,True,True
later_2025,all,10,factor_rank,dip_5pct,1000000,869,48,0.1284820674784859,-28.100192278675184,41.66666666666667,7,-4.015116172847422,-27.9386393296746,4.143598240325908,-16.695774741950974,-51.28209686622305,41.66666666666667,48,0,-4.015116172847422,-27.9386393296746,41.66666666666667,48,0,4.1435982403259075,-0.16155294900058337,0,16.82425680942946,23.181904587547866,0,True,False,False,True,True,True
later_2025,pullback,5,ticker_ascending,all_in,1000000,347,53,-29.34435278986086,-39.41875098936002,37.735849056603776,0,-12.243781763797768,-21.386662800583256,-17.100571026063093,-29.34435278986086,-39.41875098936002,37.735849056603776,53,0,-12.243781763797768,-21.386662800583256,37.735849056603776,53,0,-17.100571026063093,-18.032088188776765,0,0.0,0.0,0,False,False,False,False,False,False
later_2025,pullback,5,ticker_ascending,cash_half,1000000,347,53,-12.243781763797768,-21.386662800583256,37.735849056603776,0,-12.243781763797768,-21.386662800583256,0.0,-29.34435278986086,-39.41875098936002,37.735849056603776,53,0,-12.243781763797768,-21.386662800583256,37.735849056603776,53,0,0.0,0.0,0,17.100571026063093,18.032088188776765,0,False,False,False,True,True,True
later_2025,pullback,5,ticker_ascending,dip_2pct,1000000,347,53,-13.297413381722956,-25.714826950422985,39.62264150943396,23,-12.243781763797768,-21.386662800583256,-1.0536316179251894,-29.34435278986086,-39.41875098936002,37.735849056603776,53,0,-12.243781763797768,-21.386662800583256,37.735849056603776,53,0,-1.0536316179251877,-4.328164149839729,0,16.046939408137902,13.703924038937036,0,False,False,False,True,True,True
later_2025,pullback,5,ticker_ascending,dip_3pct,1000000,347,53,-15.470023648325936,-26.578218308754785,37.735849056603776,15,-12.243781763797768,-21.386662800583256,-3.2262418845281697,-29.34435278986086,-39.41875098936002,37.735849056603776,53,0,-12.243781763797768,-21.386662800583256,37.735849056603776,53,0,-3.226241884528168,-5.191555508171529,0,13.874329141534924,12.840532680605236,0,False,False,False,True,True,True
later_2025,pullback,5,ticker_ascending,dip_4pct,1000000,347,53,-17.474312558698934,-23.43698208796069,37.735849056603776,7,-12.243781763797768,-21.386662800583256,-5.230530794901167,-29.34435278986086,-39.41875098936002,37.735849056603776,53,0,-12.243781763797768,-21.386662800583256,37.735849056603776,53,0,-5.230530794901165,-2.050319287377434,0,11.870040231161926,15.981768901399331,0,False,False,False,True,True,True
later_2025,pullback,5,ticker_ascending,dip_5pct,1000000,347,53,-12.637899067063252,-21.386662800583256,37.735849056603776,2,-12.243781763797768,-21.386662800583256,-0.3941173032654852,-29.34435278986086,-39.41875098936002,37.735849056603776,53,0,-12.243781763797768,-21.386662800583256,37.735849056603776,53,0,-0.39411730326548344,0.0,0,16.706453722797608,18.032088188776765,0,False,False,False,True,True,True
later_2025,pullback,5,factor_rank,all_in,1000000,347,52,-11.117261213676644,-26.59366168551067,38.46153846153847,0,-2.977422913912886,-13.857506836665568,-8.139838299763758,-11.117261213676644,-26.59366168551067,38.46153846153847,52,0,-2.977422913912886,-13.857506836665568,38.46153846153847,52,0,-8.139838299763758,-12.736154848845104,0,0.0,0.0,0,False,False,False,False,False,False
later_2025,pullback,5,factor_rank,cash_half,1000000,347,52,-2.977422913912886,-13.857506836665568,38.46153846153847,0,-2.977422913912886,-13.857506836665568,0.0,-11.117261213676644,-26.59366168551067,38.46153846153847,52,0,-2.977422913912886,-13.857506836665568,38.46153846153847,52,0,0.0,0.0,0,8.139838299763758,12.736154848845104,0,False,False,False,True,True,True
later_2025,pullback,5,factor_rank,dip_2pct,1000000,347,52,16.145875765177784,-12.970880637666315,40.38461538461539,25,-2.977422913912886,-13.857506836665568,19.12329867909067,-11.117261213676644,-26.59366168551067,38.46153846153847,52,0,-2.977422913912886,-13.857506836665568,38.46153846153847,52,0,19.12329867909067,0.8866261989992523,0,27.263136978854426,13.622781047844356,0,True,True,True,True,True,True
later_2025,pullback,5,factor_rank,dip_3pct,1000000,347,52,2.647173093856936,-18.095700821448467,38.46153846153847,20,-2.977422913912886,-13.857506836665568,5.624596007769823,-11.117261213676644,-26.59366168551067,38.46153846153847,52,0,-2.977422913912886,-13.857506836665568,38.46153846153847,52,0,5.6245960077698225,-4.2381939847828995,0,13.76443430753358,8.497960864062204,0,True,False,False,True,True,True
later_2025,pullback,5,factor_rank,dip_4pct,1000000,347,52,-7.884465058896872,-18.675223503583137,38.46153846153847,11,-2.977422913912886,-13.857506836665568,-4.907042144983986,-11.117261213676644,-26.59366168551067,38.46153846153847,52,0,-2.977422913912886,-13.857506836665568,38.46153846153847,52,0,-4.907042144983986,-4.817716666917569,0,3.2327961547797717,7.9184381819275345,0,False,False,False,True,True,True
later_2025,pullback,5,factor_rank,dip_5pct,1000000,347,52,-2.710159128938905,-13.836644471404592,38.46153846153847,6,-2.977422913912886,-13.857506836665568,0.2672637849739812,-11.117261213676644,-26.59366168551067,38.46153846153847,52,0,-2.977422913912886,-13.857506836665568,38.46153846153847,52,0,0.2672637849739812,0.02086236526097629,0,8.407102084737739,12.75701721410608,0,True,True,True,True,True,True
later_2025,pullback,10,ticker_ascending,all_in,1000000,347,36,-10.138455591401286,-38.75747430009926,41.66666666666667,0,-3.5442432921876987,-20.11818708420575,-6.594212299213587,-10.138455591401286,-38.75747430009926,41.66666666666667,36,0,-3.5442432921876987,-20.11818708420575,41.66666666666667,36,0,-6.594212299213587,-18.63928721589351,0,0.0,0.0,0,False,False,False,False,False,False
later_2025,pullback,10,ticker_ascending,cash_half,1000000,347,36,-3.5442432921876987,-20.11818708420575,41.66666666666667,0,-3.5442432921876987,-20.11818708420575,0.0,-10.138455591401286,-38.75747430009926,41.66666666666667,36,0,-3.5442432921876987,-20.11818708420575,41.66666666666667,36,0,0.0,0.0,0,6.594212299213587,18.63928721589351,0,False,False,False,True,True,True
later_2025,pullback,10,ticker_ascending,dip_2pct,1000000,347,36,-2.8154621048613326,-22.830769475222134,50.0,20,-3.5442432921876987,-20.11818708420575,0.7287811873263661,-10.138455591401286,-38.75747430009926,41.66666666666667,36,0,-3.5442432921876987,-20.11818708420575,41.66666666666667,36,0,0.7287811873263661,-2.712582391016383,0,7.3229934865399535,15.926704824877127,0,True,False,False,True,True,True
later_2025,pullback,10,ticker_ascending,dip_3pct,1000000,347,36,-0.2187269804489466,-21.12534152700517,50.0,19,-3.5442432921876987,-20.11818708420575,3.325516311738752,-10.138455591401286,-38.75747430009926,41.66666666666667,36,0,-3.5442432921876987,-20.11818708420575,41.66666666666667,36,0,3.325516311738752,-1.0071544427994183,0,9.919728610952339,17.632132773094092,0,True,False,False,True,True,True
later_2025,pullback,10,ticker_ascending,dip_4pct,1000000,347,36,-3.8018515566972666,-20.23901861907893,47.22222222222222,10,-3.5442432921876987,-20.11818708420575,-0.2576082645095678,-10.138455591401286,-38.75747430009926,41.66666666666667,36,0,-3.5442432921876987,-20.11818708420575,41.66666666666667,36,0,-0.25760826450956786,-0.12083153487317944,0,6.336604034704019,18.51845568102033,0,False,False,False,True,True,True
later_2025,pullback,10,ticker_ascending,dip_5pct,1000000,347,36,-0.8298045594409387,-19.050199706675507,47.22222222222222,3,-3.5442432921876987,-20.11818708420575,2.71443873274676,-10.138455591401286,-38.75747430009926,41.66666666666667,36,0,-3.5442432921876987,-20.11818708420575,41.66666666666667,36,0,2.71443873274676,1.067987377530244,0,9.308651031960347,19.707274593423755,0,True,True,True,True,True,True
later_2025,pullback,10,factor_rank,all_in,1000000,347,29,4.2093560539986585,-25.6274585107988,48.27586206896552,0,4.171208356231992,-13.28603763562174,0.0381476977666661,4.2093560539986585,-25.6274585107988,48.27586206896552,29,0,4.171208356231992,-13.28603763562174,48.27586206896552,29,0,0.038147697766666155,-12.341420875177059,0,0.0,0.0,0,True,False,False,False,False,False
later_2025,pullback,10,factor_rank,cash_half,1000000,347,29,4.171208356231992,-13.28603763562174,48.27586206896552,0,4.171208356231992,-13.28603763562174,0.0,4.2093560539986585,-25.6274585107988,48.27586206896552,29,0,4.171208356231992,-13.28603763562174,48.27586206896552,29,0,0.0,0.0,0,-0.038147697766666155,12.341420875177059,0,False,False,False,False,True,False
later_2025,pullback,10,factor_rank,dip_2pct,1000000,347,29,11.775855587715832,-15.32932056476116,51.72413793103448,18,4.171208356231992,-13.28603763562174,7.604647231483841,4.2093560539986585,-25.6274585107988,48.27586206896552,29,0,4.171208356231992,-13.28603763562174,48.27586206896552,29,0,7.604647231483839,-2.0432829291394192,0,7.566499533717173,10.29813794603764,0,True,False,False,True,True,True
later_2025,pullback,10,factor_rank,dip_3pct,1000000,347,29,17.906621555867687,-13.354741086311996,51.72413793103448,15,4.171208356231992,-13.28603763562174,13.735413199635694,4.2093560539986585,-25.6274585107988,48.27586206896552,29,0,4.171208356231992,-13.28603763562174,48.27586206896552,29,0,13.735413199635694,-0.06870345069025596,0,13.69726550186903,12.272717424486803,0,True,False,False,True,True,True
later_2025,pullback,10,factor_rank,dip_4pct,1000000,347,29,8.056443448934235,-13.28699059724806,48.27586206896552,10,4.171208356231992,-13.28603763562174,3.885235092702243,4.2093560539986585,-25.6274585107988,48.27586206896552,29,0,4.171208356231992,-13.28603763562174,48.27586206896552,29,0,3.885235092702243,-0.0009529616263197482,0,3.847087394935577,12.34046791355074,0,True,False,False,True,True,True
later_2025,pullback,10,factor_rank,dip_5pct,1000000,347,29,8.601421527167652,-13.28603763562174,48.27586206896552,4,4.171208356231992,-13.28603763562174,4.43021317093566,4.2093560539986585,-25.6274585107988,48.27586206896552,29,0,4.171208356231992,-13.28603763562174,48.27586206896552,29,0,4.43021317093566,0.0,0,4.392065473168993,12.341420875177059,0,True,False,False,True,True,True
later_2025,breakout,5,ticker_ascending,all_in,1000000,312,51,261.0791061488895,-25.23633565443726,54.90196078431373,0,113.13564915892452,-13.272217311140988,147.94345698996497,261.0791061488895,-25.23633565443726,54.90196078431373,51,0,113.13564915892452,-13.272217311140988,56.86274509803921,51,0,147.94345698996494,-11.96411834329627,0,0.0,0.0,0,True,False,False,False,False,False
later_2025,breakout,5,ticker_ascending,cash_half,1000000,312,51,113.13564915892452,-13.272217311140988,56.86274509803921,0,113.13564915892452,-13.272217311140988,0.0,261.0791061488895,-25.23633565443726,54.90196078431373,51,0,113.13564915892452,-13.272217311140988,56.86274509803921,51,0,0.0,0.0,0,-147.94345698996494,11.96411834329627,0,False,False,False,False,True,False
later_2025,breakout,5,ticker_ascending,dip_2pct,1000000,312,51,117.1490688746525,-16.721707964195144,56.86274509803921,14,113.13564915892452,-13.272217311140988,4.013419715727991,261.0791061488895,-25.23633565443726,54.90196078431373,51,0,113.13564915892452,-13.272217311140988,56.86274509803921,51,0,4.013419715727977,-3.4494906530541556,0,-143.93003727423698,8.514627690242115,0,True,False,False,False,True,False
later_2025,breakout,5,ticker_ascending,dip_3pct,1000000,312,51,125.92282878065056,-13.57237785582981,56.86274509803921,9,113.13564915892452,-13.272217311140988,12.78717962172604,261.0791061488895,-25.23633565443726,54.90196078431373,51,0,113.13564915892452,-13.272217311140988,56.86274509803921,51,0,12.78717962172604,-0.30016054468882203,0,-135.15627736823893,11.663957798607449,0,True,False,False,False,True,False
later_2025,breakout,5,ticker_ascending,dip_4pct,1000000,312,51,126.1123063706402,-13.625456720153084,58.82352941176471,4,113.13564915892452,-13.272217311140988,12.97665721171569,261.0791061488895,-25.23633565443726,54.90196078431373,51,0,113.13564915892452,-13.272217311140988,56.86274509803921,51,0,12.976657211715676,-0.3532394090120956,0,-134.96679977824928,11.610878934284175,0,True,False,False,False,True,False
later_2025,breakout,5,ticker_ascending,dip_5pct,1000000,312,51,115.27030260545092,-13.625456720153084,58.82352941176471,2,113.13564915892452,-13.272217311140988,2.1346534465264,261.0791061488895,-25.23633565443726,54.90196078431373,51,0,113.13564915892452,-13.272217311140988,56.86274509803921,51,0,2.1346534465264,-0.3532394090120956,0,-145.80880354343856,11.610878934284175,0,True,False,False,False,True,False
later_2025,breakout,5,factor_rank,all_in,1000000,312,56,281.9220926188202,-24.77948906442208,57.14285714285714,0,101.97154037642755,-12.970907569242716,179.95055224239266,281.9220926188202,-24.77948906442208,57.14285714285714,56,0,101.97154037642755,-12.970907569242716,57.14285714285714,56,0,179.95055224239266,-11.808581495179364,0,0.0,0.0,0,True,False,False,False,False,False
later_2025,breakout,5,factor_rank,cash_half,1000000,312,56,101.97154037642755,-12.970907569242716,57.14285714285714,0,101.97154037642755,-12.970907569242716,0.0,281.9220926188202,-24.77948906442208,57.14285714285714,56,0,101.97154037642755,-12.970907569242716,57.14285714285714,56,0,0.0,0.0,0,-179.95055224239266,11.808581495179364,0,False,False,False,False,True,False
later_2025,breakout,5,factor_rank,dip_2pct,1000000,312,56,135.24042252848196,-18.158928064352963,57.14285714285714,20,101.97154037642755,-12.970907569242716,33.2688821520544,281.9220926188202,-24.77948906442208,57.14285714285714,56,0,101.97154037642755,-12.970907569242716,57.14285714285714,56,0,33.2688821520544,-5.188020495110248,0,-146.68167009033826,6.620561000069117,0,True,False,False,False,True,False
later_2025,breakout,5,factor_rank,dip_3pct,1000000,312,56,129.75397806739193,-12.987213422492315,57.14285714285714,12,101.97154037642755,-12.970907569242716,27.78243769096437,281.9220926188202,-24.77948906442208,57.14285714285714,56,0,101.97154037642755,-12.970907569242716,57.14285714285714,56,0,27.78243769096437,-0.016305853249599878,0,-152.1681145514283,11.792275641929765,0,True,False,False,False,True,False
later_2025,breakout,5,factor_rank,dip_4pct,1000000,312,56,120.43356024279537,-12.972555230317596,57.14285714285714,8,101.97154037642755,-12.970907569242716,18.46201986636781,281.9220926188202,-24.77948906442208,57.14285714285714,56,0,101.97154037642755,-12.970907569242716,57.14285714285714,56,0,18.46201986636781,-0.0016476610748803466,0,-161.48853237602486,11.806933834104484,0,True,False,False,False,True,False
later_2025,breakout,5,factor_rank,dip_5pct,1000000,312,56,113.51843505331756,-12.976539820577528,57.14285714285714,5,101.97154037642755,-12.970907569242716,11.546894676890004,281.9220926188202,-24.77948906442208,57.14285714285714,56,0,101.97154037642755,-12.970907569242716,57.14285714285714,56,0,11.546894676890005,-0.005632251334812821,0,-168.40365756550267,11.802949243844552,0,True,False,False,False,True,False
later_2025,breakout,10,ticker_ascending,all_in,1000000,312,37,33.78230765222647,-31.572240293484622,45.94594594594595,0,17.763800989269242,-17.056271025923852,16.01850666295723,33.78230765222647,-31.572240293484622,45.94594594594595,37,0,17.763800989269242,-17.056271025923852,45.94594594594595,37,0,16.01850666295723,-14.51596926756077,0,0.0,0.0,0,True,False,False,False,False,False
later_2025,breakout,10,ticker_ascending,cash_half,1000000,312,37,17.763800989269242,-17.056271025923852,45.94594594594595,0,17.763800989269242,-17.056271025923852,0.0,33.78230765222647,-31.572240293484622,45.94594594594595,37,0,17.763800989269242,-17.056271025923852,45.94594594594595,37,0,0.0,0.0,0,-16.01850666295723,14.51596926756077,0,False,False,False,False,True,False
later_2025,breakout,10,ticker_ascending,dip_2pct,1000000,312,37,20.513288626666103,-19.747921818474744,48.64864864864865,15,17.763800989269242,-17.056271025923852,2.749487637396861,33.78230765222647,-31.572240293484622,45.94594594594595,37,0,17.763800989269242,-17.056271025923852,45.94594594594595,37,0,2.749487637396861,-2.6916507925508917,0,-13.269019025560368,11.824318475009878,0,True,False,False,False,True,False
later_2025,breakout,10,ticker_ascending,dip_3pct,1000000,312,37,21.53385328707238,-17.0831277786732,48.64864864864865,11,17.763800989269242,-17.056271025923852,3.770052297803137,33.78230765222647,-31.572240293484622,45.94594594594595,37,0,17.763800989269242,-17.056271025923852,45.94594594594595,37,0,3.7700522978031366,-0.02685675274934951,0,-12.248454365154092,14.48911251481142,0,True,False,False,False,True,False
later_2025,breakout,10,ticker_ascending,dip_4pct,1000000,312,37,26.06100527467681,-17.056271025923852,45.94594594594595,7,17.763800989269242,-17.056271025923852,8.297204285407567,33.78230765222647,-31.572240293484622,45.94594594594595,37,0,17.763800989269242,-17.056271025923852,45.94594594594595,37,0,8.297204285407567,0.0,0,-7.721302377549662,14.51596926756077,0,True,False,False,False,True,False
later_2025,breakout,10,ticker_ascending,dip_5pct,1000000,312,37,13.899611537747546,-17.056271025923852,45.94594594594595,5,17.763800989269242,-17.056271025923852,-3.864189451521696,33.78230765222647,-31.572240293484622,45.94594594594595,37,0,17.763800989269242,-17.056271025923852,45.94594594594595,37,0,-3.864189451521696,0.0,0,-19.882696114478925,14.51596926756077,0,False,False,False,False,True,False
later_2025,breakout,10,factor_rank,all_in,1000000,312,37,34.48984174758793,-33.17529907671619,45.94594594594595,0,17.802893534572274,-19.404205535554286,16.686948213015658,34.48984174758793,-33.17529907671619,45.94594594594595,37,0,17.802893534572274,-19.404205535554286,45.94594594594595,37,0,16.686948213015658,-13.771093541161907,0,0.0,0.0,0,True,False,False,False,False,False
later_2025,breakout,10,factor_rank,cash_half,1000000,312,37,17.802893534572274,-19.404205535554286,45.94594594594595,0,17.802893534572274,-19.404205535554286,0.0,34.48984174758793,-33.17529907671619,45.94594594594595,37,0,17.802893534572274,-19.404205535554286,45.94594594594595,37,0,0.0,0.0,0,-16.686948213015658,13.771093541161907,0,False,False,False,False,True,False
later_2025,breakout,10,factor_rank,dip_2pct,1000000,312,37,31.56683679822157,-25.434106455577567,48.64864864864865,17,17.802893534572274,-19.404205535554286,13.763943263649292,34.48984174758793,-33.17529907671619,45.94594594594595,37,0,17.802893534572274,-19.404205535554286,45.94594594594595,37,0,13.763943263649296,-6.02990092002328,0,-2.923004949366362,7.741192621138627,0,True,False,False,False,True,False
later_2025,breakout,10,factor_rank,dip_3pct,1000000,312,37,28.00289574495456,-21.442074347388584,48.64864864864865,11,17.802893534572274,-19.404205535554286,10.200002210382284,34.48984174758793,-33.17529907671619,45.94594594594595,37,0,17.802893534572274,-19.404205535554286,45.94594594594595,37,0,10.200002210382287,-2.037868811834297,0,-6.4869460026333705,11.73322472932761,0,True,False,False,False,True,False
later_2025,breakout,10,factor_rank,dip_4pct,1000000,312,37,31.503952209807284,-21.442074347388584,48.64864864864865,8,17.802893534572274,-19.404205535554286,13.70105867523501,34.48984174758793,-33.17529907671619,45.94594594594595,37,0,17.802893534572274,-19.404205535554286,45.94594594594595,37,0,13.70105867523501,-2.037868811834297,0,-2.985889537780647,11.73322472932761,0,True,False,False,False,True,False
later_2025,breakout,10,factor_rank,dip_5pct,1000000,312,37,15.598776015745951,-19.404205535554286,45.94594594594595,3,17.802893534572274,-19.404205535554286,-2.2041175188263225,34.48984174758793,-33.17529907671619,45.94594594594595,37,0,17.802893534572274,-19.404205535554286,45.94594594594595,37,0,-2.2041175188263225,0.0,0,-18.89106573184198,13.771093541161907,0,False,False,False,False,True,False
later_2025,regime_switch,5,ticker_ascending,all_in,1000000,286,43,29.59147172445156,-35.623709585935906,46.51162790697674,0,12.039954339241945,-19.05019865266693,17.551517385209614,29.59147172445156,-35.623709585935906,46.51162790697674,43,0,12.039954339241945,-19.05019865266693,45.23809523809524,42,0,17.551517385209614,-16.573510933268977,1,0.0,0.0,0,True,False,False,False,False,False
later_2025,regime_switch,5,ticker_ascending,cash_half,1000000,286,42,12.039954339241945,-19.05019865266693,45.23809523809524,0,12.039954339241945,-19.05019865266693,0.0,29.59147172445156,-35.623709585935906,46.51162790697674,43,0,12.039954339241945,-19.05019865266693,45.23809523809524,42,0,0.0,0.0,0,-17.551517385209614,16.573510933268977,-1,False,False,False,False,True,False
later_2025,regime_switch,5,ticker_ascending,dip_2pct,1000000,286,42,15.638302902545464,-21.20202095253887,45.23809523809524,14,12.039954339241945,-19.05019865266693,3.5983485633035226,29.59147172445156,-35.623709585935906,46.51162790697674,43,0,12.039954339241945,-19.05019865266693,45.23809523809524,42,0,3.598348563303519,-2.1518222998719416,0,-13.953168821906095,14.421688633397036,-1,True,False,False,False,True,False
later_2025,regime_switch,5,ticker_ascending,dip_3pct,1000000,286,42,18.630304463404524,-19.405575419081067,47.61904761904761,8,12.039954339241945,-19.05019865266693,6.5903501241625815,29.59147172445156,-35.623709585935906,46.51162790697674,43,0,12.039954339241945,-19.05019865266693,45.23809523809524,42,0,6.59035012416258,-0.35537676641413896,0,-10.961167261047034,16.21813416685484,-1,True,False,False,False,True,False
later_2025,regime_switch,5,ticker_ascending,dip_4pct,1000000,286,42,19.70837343968572,-19.079151585172998,47.61904761904761,4,12.039954339241945,-19.05019865266693,7.66841910044378,29.59147172445156,-35.623709585935906,46.51162790697674,43,0,12.039954339241945,-19.05019865266693,45.23809523809524,42,0,7.668419100443774,-0.028952932506069118,0,-9.88309828476584,16.54455800076291,-1,True,False,False,False,True,False
later_2025,regime_switch,5,ticker_ascending,dip_5pct,1000000,286,42,14.143582427026756,-19.05019865266693,47.61904761904761,1,12.039954339241945,-19.05019865266693,2.1036280877848146,29.59147172445156,-35.623709585935906,46.51162790697674,43,0,12.039954339241945,-19.05019865266693,45.23809523809524,42,0,2.103628087784811,0.0,0,-15.447889297424803,16.573510933268977,-1,True,False,False,False,True,False
later_2025,regime_switch,5,factor_rank,all_in,1000000,286,41,121.40218463108022,-29.974202006300946,58.53658536585365,0,49.18443335244596,-15.900249962972868,72.21775127863427,121.40218463108022,-29.974202006300946,58.53658536585365,41,0,49.18443335244596,-15.900249962972868,58.53658536585365,41,0,72.21775127863427,-14.073952043328077,0,0.0,0.0,0,True,False,False,False,False,False
later_2025,regime_switch,5,factor_rank,cash_half,1000000,286,41,49.18443335244596,-15.900249962972868,58.53658536585365,0,49.18443335244596,-15.900249962972868,0.0,121.40218463108022,-29.974202006300946,58.53658536585365,41,0,49.18443335244596,-15.900249962972868,58.53658536585365,41,0,0.0,0.0,0,-72.21775127863427,14.073952043328077,0,False,False,False,False,True,False
later_2025,regime_switch,5,factor_rank,dip_2pct,1000000,286,41,60.422266546586734,-17.951941587652875,58.53658536585365,15,49.18443335244596,-15.900249962972868,11.237833194140777,121.40218463108022,-29.974202006300946,58.53658536585365,41,0,49.18443335244596,-15.900249962972868,58.53658536585365,41,0,11.237833194140777,-2.051691624680007,0,-60.979918084493484,12.02226041864807,0,True,False,False,False,True,False
later_2025,regime_switch,5,factor_rank,dip_3pct,1000000,286,41,63.23265527751352,-16.067812543698146,60.97560975609756,9,49.18443335244596,-15.900249962972868,14.048221925067558,121.40218463108022,-29.974202006300946,58.53658536585365,41,0,49.18443335244596,-15.900249962972868,58.53658536585365,41,0,14.048221925067566,-0.16756258072527785,0,-58.169529353566695,13.9063894626028,0,True,False,False,False,True,False
later_2025,regime_switch,5,factor_rank,dip_4pct,1000000,286,41,58.60816160306853,-16.101403821201732,58.53658536585365,7,49.18443335244596,-15.900249962972868,9.423728250622569,121.40218463108022,-29.974202006300946,58.53658536585365,41,0,49.18443335244596,-15.900249962972868,58.53658536585365,41,0,9.423728250622574,-0.20115385822886367,0,-62.79402302801169,13.872798185099214,0,True,False,False,False,True,False
later_2025,regime_switch,5,factor_rank,dip_5pct,1000000,286,41,54.69475060906295,-16.051102752988513,58.53658536585365,3,49.18443335244596,-15.900249962972868,5.510317256616993,121.40218463108022,-29.974202006300946,58.53658536585365,41,0,49.18443335244596,-15.900249962972868,58.53658536585365,41,0,5.510317256616993,-0.15085279001564444,0,-66.70743402201727,13.923099253312433,0,True,False,False,False,True,False
later_2025,regime_switch,10,ticker_ascending,all_in,1000000,286,28,-44.66291306808024,-50.19614530392488,42.85714285714285,0,-25.14092016385092,-28.110664735039304,-19.521992904229315,-44.66291306808024,-50.19614530392488,42.85714285714285,28,0,-25.14092016385092,-28.110664735039304,42.85714285714285,28,0,-19.52199290422932,-22.085480568885576,0,0.0,0.0,0,False,False,False,False,False,False
later_2025,regime_switch,10,ticker_ascending,cash_half,1000000,286,28,-25.14092016385092,-28.110664735039304,42.85714285714285,0,-25.14092016385092,-28.110664735039304,0.0,-44.66291306808024,-50.19614530392488,42.85714285714285,28,0,-25.14092016385092,-28.110664735039304,42.85714285714285,28,0,0.0,0.0,0,19.52199290422932,22.085480568885576,0,False,False,False,True,True,True
later_2025,regime_switch,10,ticker_ascending,dip_2pct,1000000,286,28,-17.173490912593458,-28.392649043030683,42.85714285714285,15,-25.14092016385092,-28.110664735039304,7.967429251257464,-44.66291306808024,-50.19614530392488,42.85714285714285,28,0,-25.14092016385092,-28.110664735039304,42.85714285714285,28,0,7.967429251257464,-0.2819843079913795,0,27.489422155486785,21.803496260894196,0,True,False,False,True,True,True
later_2025,regime_switch,10,ticker_ascending,dip_3pct,1000000,286,28,-22.35205142338946,-27.206619639872965,42.85714285714285,13,-25.14092016385092,-28.110664735039304,2.78886874046146,-44.66291306808024,-50.19614530392488,42.85714285714285,28,0,-25.14092016385092,-28.110664735039304,42.85714285714285,28,0,2.78886874046146,0.9040450951663388,0,22.31086164469078,22.989525664051914,0,True,True,True,True,True,True
later_2025,regime_switch,10,ticker_ascending,dip_4pct,1000000,286,28,-20.049113668618613,-26.934294337698784,42.85714285714285,5,-25.14092016385092,-28.110664735039304,5.0918064952323085,-44.66291306808024,-50.19614530392488,42.85714285714285,28,0,-25.14092016385092,-28.110664735039304,42.85714285714285,28,0,5.0918064952323085,1.17637039734052,0,24.61379939946163,23.261850966226095,0,True,True,True,True,True,True
later_2025,regime_switch,10,ticker_ascending,dip_5pct,1000000,286,28,-26.168651060543425,-29.09762438183432,42.85714285714285,1,-25.14092016385092,-28.110664735039304,-1.0277308966925034,-44.66291306808024,-50.19614530392488,42.85714285714285,28,0,-25.14092016385092,-28.110664735039304,42.85714285714285,28,0,-1.0277308966925034,-0.9869596467950146,0,18.49426200753682,21.09852092209056,0,False,False,False,True,True,True
later_2025,regime_switch,10,factor_rank,all_in,1000000,286,28,10.578936967007868,-38.59783121738405,50.0,0,4.815142234147385,-22.821620942123168,5.763794732860483,10.578936967007868,-38.59783121738405,50.0,28,0,4.815142234147385,-22.821620942123168,50.0,28,0,5.763794732860483,-15.77621027526088,0,0.0,0.0,0,True,False,False,False,False,False
later_2025,regime_switch,10,factor_rank,cash_half,1000000,286,28,4.815142234147385,-22.821620942123168,50.0,0,4.815142234147385,-22.821620942123168,0.0,10.578936967007868,-38.59783121738405,50.0,28,0,4.815142234147385,-22.821620942123168,50.0,28,0,0.0,0.0,0,-5.763794732860483,15.77621027526088,0,False,False,False,False,True,False
later_2025,regime_switch,10,factor_rank,dip_2pct,1000000,286,28,33.90916129338692,-22.499715394761388,50.0,16,4.815142234147385,-22.821620942123168,29.09401905923954,10.578936967007868,-38.59783121738405,50.0,28,0,4.815142234147385,-22.821620942123168,50.0,28,0,29.09401905923954,0.32190554736178,0,23.330224326379053,16.09811582262266,0,True,True,True,True,True,True
later_2025,regime_switch,10,factor_rank,dip_3pct,1000000,286,28,22.45076994961701,-20.37228105590534,50.0,12,4.815142234147385,-22.821620942123168,17.635627715469628,10.578936967007868,-38.59783121738405,50.0,28,0,4.815142234147385,-22.821620942123168,50.0,28,0,17.635627715469624,2.449339886217828,0,11.87183298260914,18.225550161478708,0,True,True,True,True,True,True
later_2025,regime_switch,10,factor_rank,dip_4pct,1000000,286,28,25.198985742152114,-20.37228105590534,50.0,7,4.815142234147385,-22.821620942123168,20.38384350800473,10.578936967007868,-38.59783121738405,50.0,28,0,4.815142234147385,-22.821620942123168,50.0,28,0,20.38384350800473,2.449339886217828,0,14.620048775144246,18.225550161478708,0,True,True,True,True,True,True
later_2025,regime_switch,10,factor_rank,dip_5pct,1000000,286,28,16.459216193663686,-20.130287952138048,50.0,3,4.815142234147385,-22.821620942123168,11.644073959516302,10.578936967007868,-38.59783121738405,50.0,28,0,4.815142234147385,-22.821620942123168,50.0,28,0,11.644073959516302,2.6913329899851206,0,5.8802792266558175,18.467543265246,0,True,True,True,True,True,True
