signal_date,entry_date,ticker,name,setup,score,shares,entry_price,target_exit_date,exit_date,exit_price,exit_price_basis,exit_delayed,pnl_krw,net_return
2025-01-16,2025-01-17,000490,대동,breakout,12.713185755534168,24,12040.0,2025-01-22,2025-01-22,12190.0,open,False,2727.7200000000303,0.009425645584778986
2025-01-22,2025-01-23,000500,가온전선,pullback,8.940475004417035,8,37619.0,2025-02-03,2025-02-03,32174.0,open,False,-44397.516,-0.1473026245739979
2025-02-07,2025-02-10,000490,대동,pullback,9.325767758938714,21,12210.0,2025-02-13,2025-02-13,13610.0,open,False,28586.670000000013,0.11132114277396354
2025-02-13,2025-02-14,000490,대동,breakout,13.496774215953991,20,13860.0,2025-02-19,2025-02-19,13840.0,open,False,-1231.0,-0.004434185662343437
2025-02-25,2025-02-26,000250,삼천당제약,pullback,7.391127934376671,1,197000.0,2025-03-04,2025-03-04,182200.0,open,False,-15368.799999999988,-0.0778973671472486
2025-03-05,2025-03-06,000250,삼천당제약,pullback,7.53795720272883,1,192900.0,2025-03-11,2025-03-11,188900.0,open,False,-4572.6999999999825,-0.023669524225843674
2025-03-11,2025-03-12,000250,삼천당제약,pullback,6.204682238570796,1,194000.0,2025-03-17,2025-03-17,191500.0,open,False,-3078.25,-0.015843502787056485
2025-03-17,2025-03-18,000320,노루홀딩스,breakout,10.892535383537416,18,14450.0,2025-03-21,2025-03-21,14150.0,open,False,-6172.200000000012,-0.023694561963283456
2025-03-27,2025-03-28,000050,경방,pullback,6.477029824335158,38,6610.0,2025-04-02,2025-04-02,6600.0,open,False,-1132.9700000000012,-0.00450383426373302
2025-04-04,2025-04-07,000120,CJ대한통운,pullback,6.272745191267782,2,86600.0,2025-04-10,2025-04-10,82300.0,open,False,-9106.700000000012,-0.052500348783983464
2025-04-11,2025-04-14,000050,경방,pullback,5.91031474989674,37,6620.0,2025-04-17,2025-04-17,6480.0,open,False,-5907.049999999988,-0.024080193908532888
2025-04-22,2025-04-23,000050,경방,pullback,8.805384419255839,36,6550.0,2025-04-28,2025-04-28,6900.0,open,False,11873.700000000012,0.05027954251828359
2025-04-28,2025-04-29,000050,경방,breakout,17.0,30,8230.0,2025-05-07,2025-05-07,6850.0,open,False,-42078.600000000006,-0.17017244485640926
2025-05-08,2025-05-09,000050,경방,pullback,13.0,25,8190.0,2025-05-14,2025-05-14,8400.0,open,False,4627.875,0.022568711036009992
2025-05-14,2025-05-15,000590,CS홀딩스,breakout,11.993187322032092,2,75400.0,2025-05-20,2025-05-20,74700.0,open,False,-1850.3000000000175,-0.012251516624267933
2025-05-20,2025-05-21,000320,노루홀딩스,pullback,7.440249799128495,13,15250.0,2025-05-26,2025-05-26,16090.0,open,False,10308.870000000024,0.05192146206919146
2025-05-26,2025-05-27,000320,노루홀딩스,breakout,10.71253130289466,13,16630.0,2025-05-30,2025-05-30,19190.0,open,False,32581.51000000001,0.15048203401452254
2025-05-30,2025-06-02,000590,CS홀딩스,breakout,12.12751677852349,3,83000.0,2025-06-09,2025-06-09,88500.0,open,False,15728.25,0.06307105606650265
2025-06-09,2025-06-10,000640,동아쏘시오홀딩스,breakout,11.365663531351132,2,116254.0,2025-06-13,2025-06-13,117225.0,open,False,1241.5629999999946,0.005331874364893796
2025-06-16,2025-06-17,000210,DL,pullback,7.8422210103584575,5,46150.0,2025-06-20,2025-06-20,43600.0,open,False,-13423.125,-0.05808459574992875
2025-06-24,2025-06-25,000020,동화약품,pullback,6.513466786347728,38,6810.0,2025-06-30,2025-06-30,6650.0,open,False,-6847.220000000001,-0.026419988226177638
2025-07-01,2025-07-02,000070,삼양홀딩스,pullback,8.870953072254144,4,60657.0,2025-07-07,2025-07-07,57721.0,open,False,-12454.268000000011,-0.05125383128959893
2025-07-07,2025-07-08,000230,일동홀딩스,breakout,14.0,25,9230.0,2025-07-11,2025-07-11,9360.0,open,False,2552.875,0.011046810066590362
2025-07-11,2025-07-14,000370,한화손해보험,breakout,12.316443031400617,31,7590.0,2025-07-17,2025-07-17,7680.0,open,False,2079.944999999978,0.008826680927225716
2025-07-17,2025-07-18,000020,동화약품,pullback,7.064030978929974,34,7060.0,2025-07-23,2025-07-23,6970.0,open,False,-3775.530000000028,-0.015705195747455436
2025-07-23,2025-07-24,000270,기아,breakout,13.129200853655576,2,107200.0,2025-07-29,2025-07-29,104300.0,open,False,-6434.5,-0.0299667103821879
2025-07-29,2025-07-30,000020,동화약품,pullback,6.131891099388261,33,6920.0,2025-08-04,2025-08-04,6450.0,open,False,-16171.815000000002,-0.07071112983703631
2025-08-07,2025-08-08,000320,노루홀딩스,pullback,5.990971215186934,8,24800.0,2025-08-13,2025-08-13,28000.0,open,False,24966.399999999994,0.12565023432593048
2025-08-18,2025-08-19,000180,성창기업지주,pullback,6.752325963784168,29,8305.0,2025-08-22,2025-08-22,8410.0,open,False,2317.897499999992,0.00960960726279625
2025-08-22,2025-08-25,000230,일동홀딩스,pullback,6.700931850309875,27,9040.0,2025-08-28,2025-08-28,9100.0,open,False,885.3299999999872,0.0036217797198008217
2025-08-28,2025-08-29,000240,한국앤컴퍼니,pullback,5.945345883967032,10,24150.0,2025-09-03,2025-09-03,23200.0,open,False,-10210.25,-0.04221514519111602
2025-09-03,2025-09-04,000100,유한양행,pullback,7.22133652490295,2,117700.0,2025-09-09,2025-09-09,121200.0,open,False,6283.3000000000175,0.02665203554057194
2025-09-10,2025-09-11,000230,일동홀딩스,breakout,15.148325358851674,26,9200.0,2025-09-16,2025-09-16,8940.0,open,False,-7467.459999999992,-0.031171720679849746
2025-09-16,2025-09-17,000230,일동홀딩스,pullback,11.393152302243212,24,9500.0,2025-09-22,2025-09-22,9820.0,open,False,6984.4800000000105,0.030587802506766293
2025-09-22,2025-09-23,000100,유한양행,pullback,7.720100986394197,1,123200.0,2025-09-26,2025-09-26,117500.0,open,False,-6061.050000000003,-0.04912314969104792
2025-09-26,2025-09-29,000040,KR모터스,pullback,9.67509025270758,87,2700.0,2025-10-02,2025-10-02,2775.0,open,False,5810.512500000012,0.024699062517335113
2025-10-02,2025-10-10,000180,성창기업지주,pullback,6.839430261230567,28,8600.0,2025-10-15,2025-10-15,8450.0,open,False,-4916.100000000006,-0.020385119994426937
2025-10-24,2025-10-27,000070,삼양홀딩스,breakout,9.034558100510276,3,70066.0,2025-10-30,2025-11-24,62800.0,close,True,-22395.896999999997,-0.1063870896478335
2025-11-27,2025-11-28,000240,한국앤컴퍼니,breakout,10.18732836968408,7,29750.0,2025-12-03,2025-12-03,28550.0,open,False,-9012.149999999994,-0.0432108140310542
2025-12-03,2025-12-04,000270,기아,pullback,7.051084050881119,1,119300.0,2025-12-09,2025-12-09,124600.0,open,False,4934.149999999994,0.04129723269245322
2025-12-11,2025-12-12,000230,일동홀딩스,pullback,10.596914822266934,13,15800.0,2025-12-17,2025-12-17,14220.0,open,False,-21125.389999999985,-0.1026959560659011
2025-12-18,2025-12-19,000120,CJ대한통운,pullback,8.5255426168067,1,101300.0,2025-12-24,2025-12-24,93900.0,open,False,-7692.800000000003,-0.07582702944595943
2025-12-24,2025-12-26,000440,중앙에너비스,pullback,6.414610168245071,11,15980.0,2026-01-02,2026-01-02,15550.0,open,False,-5250.244999999995,-0.0298235375347492
