group_type,year,trades,win_rate_realized,mean_realized_net_return,sum_realized_pnl_krw,mean_close_return_d1,mean_mfe_d1,mean_mae_d1,observations_d1,mean_close_return_d2,mean_mfe_d2,mean_mae_d2,observations_d2,mean_close_return_d3,mean_mfe_d3,mean_mae_d3,observations_d3,setup,market,tier_current,stratum_current
year,2023.0,58,0.3103448275862069,-0.017069296370708014,-210244.94249999998,-0.0008073308271695233,0.03697347608598899,-0.030018013793493375,58,-0.016806913450191766,0.04730962993788658,-0.04763744649254005,58,-0.023874692927011987,0.05286869690443466,-0.0597637952252005,58,,,,
year,2024.0,60,0.38333333333333336,-0.0026409143108078017,-80330.51100000014,0.005471973038411298,0.03897994123793625,-0.020713696617621867,60,-0.0037849280765553384,0.058625953572759154,-0.042715968476942284,60,-0.013105046311567508,0.07203589783272044,-0.05470227671283774,60,,,,
year,2025.0,60,0.4,-0.014795192081674624,-188558.00399999996,-0.0016773143439994217,0.035491760768127205,-0.03148900943394755,60,-0.010537452591588921,0.04755382652104075,-0.04707018960083218,60,-0.0034524461230471073,0.05920204925111127,-0.05242007858507122,60,,,,
setup,,108,0.3611111111111111,-0.00955329670259555,-295050.74600000004,0.00520346409031112,0.04454826303125145,-0.027536470032084034,108,-0.011965889408284577,0.05903107652849568,-0.05124998781360253,108,-0.015760168457740028,0.06758735415759223,-0.06105501059520205,108,breakout,,,
setup,,70,0.37142857142857144,-0.014348993273852728,-184082.71150000003,-0.005444568400924578,0.025736447513943016,-0.027132405709310074,70,-0.007740396630072054,0.039134129670684054,-0.03735918139092455,70,-0.00965833632010927,0.05201752852095931,-0.047138575666490636,70,pullback,,,
year_setup,2023.0,34,0.23529411764705882,-0.01029971081652367,-84336.19599999997,0.0029723669797691228,0.039919336573275774,-0.03009708070936065,34,-0.017487564316807286,0.050166230031045214,-0.05144586414931225,34,-0.025202972341704443,0.055075283924789054,-0.062187608540455394,34,breakout,,,
year_setup,2023.0,24,0.4166666666666667,-0.026659542572469164,-125908.74649999996,-0.0061619027203326055,0.03280017372899938,-0.029906002329348078,24,-0.01584265805581978,0.043262779805911845,-0.04224218814544609,24,-0.021992963756197675,0.04974269862559929,-0.05633005969525606,24,pullback,,,
year_setup,2024.0,35,0.37142857142857144,-0.0032138211442596814,-72238.11600000011,0.009491902348665038,0.04577591559080752,-0.017672279419941598,35,-0.005756817836684307,0.06842568477742422,-0.04813573626952811,35,-0.028514160743297098,0.07593550110458581,-0.0637544712026962,35,breakout,,,
year_setup,2024.0,25,0.4,-0.0018388447439751676,-8092.395000000033,-0.00015592799594393636,0.029465577143916497,-0.02497168069437424,25,-0.0010242824123747817,0.0449063298862281,-0.035128293567322146,25,0.008467713892853914,0.06657645325210892,-0.0420292044270359,25,pullback,,,
year_setup,2025.0,39,0.46153846153846156,-0.014591849642805787,-138476.4339999999,0.0032999246727736984,0.04748199790270561,-0.03415662152945788,39,-0.012724365257418867,0.058328345559285864,-0.05387406495792238,39,0.003917910056344263,0.0710033860747854,-0.057645024661845415,39,breakout,,,
year_setup,2025.0,21,0.2857142857142857,-0.015172828039573892,-50081.56999999999,-0.010920758232292358,0.013224177518195893,-0.026534872685142645,21,-0.0064760433550475945,0.0275440054500141,-0.034434421080521825,21,-0.01714025045620251,0.03728528086428788,-0.04271660729963342,21,pullback,,,
market,,72,0.3611111111111111,-0.018964523009177146,-303362.0654999999,0.004162963882298433,0.04527122867050829,-0.02753620023833841,72,-0.014721142821417656,0.061383613070107264,-0.055592549363362415,72,-0.02172209416714264,0.07629156545054154,-0.06953555520644136,72,,KOSDAQ,,
market,,106,0.36792452830188677,-0.0063277350602759935,-175771.39200000017,-0.0011215006211000651,0.031634294991269546,-0.027269818358079394,106,-0.007303976764695348,0.044293633971487674,-0.03912714931199715,106,-0.007681046752917945,0.05139309936837853,-0.04610454213275838,106,,KOSPI,,
tier,,79,0.4430379746835443,0.002143421521382021,-9645.745999999948,0.011077167939745511,0.046843966334933436,-0.016933066753563927,79,0.004087489240325238,0.060953947736911526,-0.03240540988034949,79,0.0018634836748419937,0.0692550032211553,-0.04259342960800476,79,,,large,
tier,,58,0.3620689655172414,-0.018257218268215202,-196474.39599999998,-0.007942466250150208,0.025594960597127514,-0.03385415719478954,58,-0.01383732155518693,0.04110486079288989,-0.04943484052045258,58,-0.018244637066255023,0.05190116152265855,-0.057266837789040625,58,,,mid,
tier,,41,0.21951219512195122,-0.02796578569957825,-273013.3155000001,-0.005697046122983003,0.03481908971361052,-0.03834033590944969,41,-0.03303636146303975,0.04671467182492175,-0.06641203049999836,41,-0.0357855608856902,0.05998167372443043,-0.07822643683266911,41,,,small,
market_tier,,41,0.4878048780487805,0.007863318678136236,41162.07750000006,0.02467708513905945,0.06512683162882804,-0.009562829772936383,41,0.010569120696018511,0.0824335563659541,-0.03299387610182514,41,0.002676025397743389,0.09231505692987148,-0.048780202700638806,41,,,,KOSDAQ/large
market_tier,,16,0.25,-0.05973839517507258,-187957.59349999996,-0.03624059464909141,0.014906698719296875,-0.06042205799667508,16,-0.049812733019473435,0.03239070924741082,-0.09278817192626598,16,-0.055733962018261,0.059097382347795706,-0.10637248759836027,16,,,,KOSDAQ/mid
market_tier,,15,0.13333333333333333,-0.048801826644211926,-156566.54949999996,-0.008811838452699188,0.023388079199059823,-0.041585164568211486,15,-0.04641683355781701,0.034772865472335414,-0.0776869255444672,15,-0.052130961936638194,0.0508344840499685,-0.08697412417092151,15,,,,KOSDAQ/small
market_tier,,38,0.39473684210526316,-0.004028046463537,-50807.82350000001,-0.0035964269331984753,0.02711771693888926,-0.024885164548451542,38,-0.0029058499618701376,0.03777858053189191,-0.03177048579928366,38,0.000986793921185225,0.044374418956487874,-0.03591822706068908,38,,,,KOSPI/large
market_tier,,42,0.40476190476190477,-0.00245486516084096,-8516.80249999999,0.00283777313992263,0.029666679407729664,-0.02373305212740457,42,-0.00013240290212540584,0.044424537572120004,-0.03291928569919032,42,-0.003962989465490843,0.04915974406546346,-0.038559923575966486,42,,,,KOSPI/mid
market_tier,,26,0.2692307692307692,-0.015944992846904975,-116446.76600000012,-0.003900050548146743,0.04141390347200516,-0.03646831937554867,26,-0.025316858331437486,0.0536041754898754,-0.05990728335895866,26,-0.02635552181783559,0.06525889853662001,-0.07317969413752351,26,,,,KOSPI/small
