Code,Name,Market,tier,stratum
126640,화신정공,KOSDAQ,large,KOSDAQ/large
149980,하이로닉,KOSDAQ,mid,KOSDAQ/mid
018620,우진비앤지,KOSDAQ,small,KOSDAQ/small
003570,SNT다이내믹스,KOSPI,large,KOSPI/large
015360,INVENI,KOSPI,mid,KOSPI/mid
085310,엔케이,KOSPI,small,KOSPI/small
220100,퓨쳐켐,KOSDAQ,large,KOSDAQ/large
009300,삼아제약,KOSDAQ,mid,KOSDAQ/mid
453860,에이에스텍,KOSDAQ,small,KOSDAQ/small
010130,고려아연,KOSPI,large,KOSPI/large
000430,대원강업,KOSPI,mid,KOSPI/mid
004270,남성,KOSPI,small,KOSPI/small
064850,에프앤가이드,KOSDAQ,large,KOSDAQ/large
310200,애니플러스,KOSDAQ,mid,KOSDAQ/mid
027830,대성창투,KOSDAQ,small,KOSDAQ/small
001740,SK네트웍스,KOSPI,large,KOSPI/large
003030,세아제강지주,KOSPI,mid,KOSPI/mid
016090,대현,KOSPI,small,KOSPI/small
101360,에코앤드림,KOSDAQ,large,KOSDAQ/large
138360,앤로보틱스,KOSDAQ,mid,KOSDAQ/mid
115160,휴맥스,KOSDAQ,small,KOSDAQ/small
204320,HL만도,KOSPI,large,KOSPI/large
026890,스틱인베스트먼트,KOSPI,mid,KOSPI/mid
014160,대영포장,KOSPI,small,KOSPI/small
056080,유진로봇,KOSDAQ,large,KOSDAQ/large
282720,금양그린파워,KOSDAQ,mid,KOSDAQ/mid
043910,자연과환경,KOSDAQ,small,KOSDAQ/small
036460,한국가스공사,KOSPI,large,KOSPI/large
001130,대한제분,KOSPI,mid,KOSPI/mid
011000,진원생명과학,KOSPI,small,KOSPI/small
136480,하림,KOSDAQ,large,KOSDAQ/large
099520,DGI,KOSDAQ,mid,KOSDAQ/mid
240600,유진테크놀로지,KOSDAQ,small,KOSDAQ/small
105560,KB금융,KOSPI,large,KOSPI/large
003830,대한화섬,KOSPI,mid,KOSPI/mid
051630,진양화학,KOSPI,small,KOSPI/small
025980,아난티,KOSDAQ,large,KOSDAQ/large
043650,국순당,KOSDAQ,mid,KOSDAQ/mid
128540,에코캡,KOSDAQ,small,KOSDAQ/small
011170,롯데케미칼,KOSPI,large,KOSPI/large
019170,신풍제약,KOSPI,mid,KOSPI/mid
011230,삼화전자,KOSPI,small,KOSPI/small
215200,메가스터디교육,KOSDAQ,large,KOSDAQ/large
089850,유비벨록스,KOSDAQ,mid,KOSDAQ/mid
099220,SDN,KOSDAQ,small,KOSDAQ/small
014680,한솔케미칼,KOSPI,large,KOSPI/large
016450,한세예스24홀딩스,KOSPI,mid,KOSPI/mid
004540,깨끗한나라,KOSPI,small,KOSPI/small
115500,케이씨에스,KOSDAQ,large,KOSDAQ/large
073640,테라사이언스,KOSDAQ,mid,KOSDAQ/mid
096870,엘디티,KOSDAQ,small,KOSDAQ/small
000080,하이트진로,KOSPI,large,KOSPI/large
094280,효성ITX,KOSPI,mid,KOSPI/mid
058860,KTis,KOSPI,small,KOSPI/small
319400,현대무벡스,KOSDAQ,large,KOSDAQ/large
171120,라이온켐텍,KOSDAQ,mid,KOSDAQ/mid
016920,카스,KOSDAQ,small,KOSDAQ/small
088980,맥쿼리인프라,KOSPI,large,KOSPI/large
114090,GKL,KOSPI,mid,KOSPI/mid
123700,SJM,KOSPI,small,KOSPI/small
265520,AP시스템,KOSDAQ,large,KOSDAQ/large
053350,이니텍,KOSDAQ,mid,KOSDAQ/mid
052220,iMBC,KOSDAQ,small,KOSDAQ/small
016360,삼성증권,KOSPI,large,KOSPI/large
105630,한세실업,KOSPI,mid,KOSPI/mid
003080,SB성보,KOSPI,small,KOSPI/small
104480,티케이케미칼,KOSDAQ,large,KOSDAQ/large
033310,엠투엔,KOSDAQ,mid,KOSDAQ/mid
418620,E8,KOSDAQ,small,KOSDAQ/small
006800,미래에셋증권,KOSPI,large,KOSPI/large
006220,제주은행,KOSPI,mid,KOSPI/mid
004450,삼화왕관,KOSPI,small,KOSPI/small
168360,펨트론,KOSDAQ,large,KOSDAQ/large
124560,태웅로직스,KOSDAQ,mid,KOSDAQ/mid
331520,밸로프,KOSDAQ,small,KOSDAQ/small
006360,GS건설,KOSPI,large,KOSPI/large
030210,다올투자증권,KOSPI,mid,KOSPI/mid
008260,NI스틸,KOSPI,small,KOSPI/small
468530,프로티나,KOSDAQ,large,KOSDAQ/large
067570,엔브이에이치코리아,KOSDAQ,mid,KOSDAQ/mid
222420,쎄노텍,KOSDAQ,small,KOSDAQ/small
011780,금호석유화학,KOSPI,large,KOSPI/large
015860,일진홀딩스,KOSPI,mid,KOSPI/mid
004870,티웨이홀딩스,KOSPI,small,KOSPI/small
025900,동화기업,KOSDAQ,large,KOSDAQ/large
131370,알서포트,KOSDAQ,mid,KOSDAQ/mid
081580,성우전자,KOSDAQ,small,KOSDAQ/small
326030,SK바이오팜,KOSPI,large,KOSPI/large
004360,세방,KOSPI,mid,KOSPI/mid
004100,태양금속,KOSPI,small,KOSPI/small
314130,지놈앤컴퍼니,KOSDAQ,large,KOSDAQ/large
081150,티플랙스,KOSDAQ,mid,KOSDAQ/mid
415380,스튜디오삼익,KOSDAQ,small,KOSDAQ/small
006040,동원산업,KOSPI,large,KOSPI/large
001460,BYC,KOSPI,mid,KOSPI/mid
015020,이스타코,KOSPI,small,KOSPI/small
486990,노타,KOSDAQ,large,KOSDAQ/large
063080,컴투스홀딩스,KOSDAQ,mid,KOSDAQ/mid
279600,미디어젠,KOSDAQ,small,KOSDAQ/small
457190,이수스페셜티케미컬,KOSPI,large,KOSPI/large
344820,KCC글라스,KOSPI,mid,KOSPI/mid
000850,화천기공,KOSPI,small,KOSPI/small
170920,엘티씨,KOSDAQ,large,KOSDAQ/large
309960,LB인베스트먼트,KOSDAQ,mid,KOSDAQ/mid
344860,이노진,KOSDAQ,small,KOSDAQ/small
028670,팬오션,KOSPI,large,KOSPI/large
102460,이연제약,KOSPI,mid,KOSPI/mid
163560,동일고무벨트,KOSPI,small,KOSPI/small
127120,제이에스링크,KOSDAQ,large,KOSDAQ/large
048770,TPC로보틱스,KOSDAQ,mid,KOSDAQ/mid
246250,에스엘에스바이오,KOSDAQ,small,KOSDAQ/small
003530,한화투자증권,KOSPI,large,KOSPI/large
009070,KCTC,KOSPI,mid,KOSPI/mid
002700,신일전자,KOSPI,small,KOSPI/small
036620,감성코퍼레이션,KOSDAQ,large,KOSDAQ/large
261520,이지스,KOSDAQ,mid,KOSDAQ/mid
270870,뉴트리,KOSDAQ,small,KOSDAQ/small
017900,광전자,KOSPI,large,KOSPI/large
014830,유니드,KOSPI,mid,KOSPI/mid
119650,KC코트렐,KOSPI,small,KOSPI/small
