date,ticker,name,reason,reference_close
2025-10-30,000070,삼양홀딩스,zero_volume,69800.0
2025-10-31,000070,삼양홀딩스,zero_volume,69800.0
2025-11-03,000070,삼양홀딩스,zero_volume,69800.0
2025-11-04,000070,삼양홀딩스,zero_volume,69800.0
2025-11-05,000070,삼양홀딩스,zero_volume,69800.0
2025-11-06,000070,삼양홀딩스,zero_volume,69800.0
2025-11-07,000070,삼양홀딩스,zero_volume,69800.0
2025-11-10,000070,삼양홀딩스,zero_volume,69800.0
2025-11-11,000070,삼양홀딩스,zero_volume,69800.0
2025-11-12,000070,삼양홀딩스,zero_volume,69800.0
2025-11-13,000070,삼양홀딩스,zero_volume,69800.0
2025-11-14,000070,삼양홀딩스,zero_volume,69800.0
2025-11-17,000070,삼양홀딩스,zero_volume,69800.0
2025-11-18,000070,삼양홀딩스,zero_volume,69800.0
2025-11-19,000070,삼양홀딩스,zero_volume,69800.0
2025-11-20,000070,삼양홀딩스,zero_volume,69800.0
2025-11-21,000070,삼양홀딩스,zero_volume,69800.0
