year,ticker,name,setup,entry_date,exit_date,entry_price,realized_pnl_krw,realized_net_return,exit_delayed,market,tier_current,stratum_current,close_return_d1,mfe_d1,mae_d1,close_return_d2,mfe_d2,mae_d2,close_return_d3,mfe_d3,mae_d3,entry_day_high_return,entry_day_low_return
2023,114090,GKL,pullback,2023-01-03,2023-01-06,18750.0,4398.375,0.015615243800965219,False,KOSPI,mid,KOSPI/mid,-0.005333333333333301,0.01333333333333342,-0.01866666666666672,0.026666666666666616,0.029333333333333433,-0.021333333333333315,0.008000000000000007,0.04266666666666663,-0.021333333333333315,0.021333333333333426,-0.013333333333333308
2023,073640,테라사이언스,breakout,2023-01-09,2023-01-12,2200.0,-2977.695000000007,-0.009793264648481846,False,KOSDAQ,mid,KOSDAQ/mid,0.06590909090909092,0.07272727272727275,-0.025000000000000022,0.00454545454545463,0.08863636363636362,-0.12954545454545452,-0.045454545454545414,0.08863636363636362,-0.15454545454545454,0.027272727272727337,-0.022727272727272707
2023,036620,감성코퍼레이션,pullback,2023-01-16,2023-01-19,2060.0,555.5300000000279,0.0018443208972949271,False,KOSDAQ,large,KOSDAQ/large,0.02669902912621369,0.031553398058252524,-0.0024271844660194164,0.014563106796116498,0.03398058252427183,-0.0024271844660194164,0.029126213592232997,0.03398058252427183,-0.007281553398058249,0.024271844660194164,-0.007281553398058249
2023,004870,티웨이홀딩스,breakout,2023-01-20,2023-01-27,3306.0,-5263.9860000000335,-0.017471071070345588,False,KOSPI,small,KOSPI/small,-0.0015124016938898865,0.034482758620689724,-0.03176043557168784,-0.014519056261342977,0.034482758620689724,-0.03176043557168784,0.009981851179673429,0.034482758620689724,-0.04053236539624927,0.042952208106473044,-0.017241379310344862
2023,003830,대한화섬,breakout,2023-01-30,2023-02-02,138500.0,-10216.899999999965,-0.03682887221514286,False,KOSPI,mid,KOSPI/mid,-0.05054151624548742,-0.04404332129963895,-0.06137184115523464,-0.03682310469314076,-0.005054151624548697,-0.06137184115523464,-0.04043321299638991,-0.005054151624548697,-0.06137184115523464,0.010830324909747224,-0.08880866425992784
2023,008260,NI스틸,breakout,2023-02-03,2023-02-08,5610.0,-3837.0,-0.013658656400426098,False,KOSPI,small,KOSPI/small,-0.016042780748663055,0.012477718360071277,-0.0445632798573975,-0.010695187165775444,0.012477718360071277,-0.0445632798573975,-0.024955436720142554,0.012477718360071277,-0.0445632798573975,0.021390374331550888,-0.035650623885918
2023,279600,미디어젠,breakout,2023-02-09,2023-02-14,19127.0,-3515.2600000000093,-0.013107854295307217,False,KOSDAQ,small,KOSDAQ/small,0.028493752287342522,0.0841742040048099,-0.018351022115334348,-0.0189784074867988,0.0841742040048099,-0.05003398337428766,-0.05254352486014535,0.0841742040048099,-0.056987504574685044,0.018978407486798687,-0.04177340931667273
2023,036620,감성코퍼레이션,pullback,2023-02-15,2023-02-20,2175.0,-11698.880000000005,-0.041958900729365735,False,KOSDAQ,large,KOSDAQ/large,-0.04367816091954024,-0.01379310344827589,-0.06896551724137934,-0.039080459770114984,-0.01379310344827589,-0.06896551724137934,-0.01379310344827589,-0.0022988505747126853,-0.06896551724137934,0.009195402298850519,-0.05747126436781613
2023,011780,금호석유화학,breakout,2023-02-21,2023-02-24,155000.0,4327.8000000000175,0.027879471115906898,False,KOSPI,large,KOSPI/large,0.02645161290322573,0.04516129032258065,0.019354838709677358,0.039354838709677376,0.05096774193548392,0.019354838709677358,0.04322580645161289,0.05096774193548392,0.019354838709677358,0.04451612903225799,-0.005161290322580614
2023,123700,SJM,pullback,2023-02-27,2023-03-03,4500.0,3383.7000000000116,0.01251345204415603,False,KOSPI,small,KOSPI/small,-0.01666666666666672,0.05333333333333323,-0.033333333333333326,0.015555555555555545,0.05333333333333323,-0.033333333333333326,0.022222222222222143,0.05333333333333323,-0.033333333333333326,0.0,-0.03888888888888886
2023,056080,유진로봇,breakout,2023-03-06,2023-03-09,7160.0,12843.240000000049,0.04713321079832783,False,KOSDAQ,large,KOSDAQ/large,0.08659217877094982,0.09357541899441335,0.03910614525139655,0.027932960893854775,0.1033519553072626,0.019553072625698276,0.023743016759776525,0.1033519553072626,-0.019553072625698276,0.1438547486033519,-0.0544692737430168
2023,115500,케이씨에스,breakout,2023-03-10,2023-03-15,9790.0,28394.33500000002,0.09986195374966159,False,KOSDAQ,large,KOSDAQ/large,0.08375893769152198,0.2972420837589378,0.04698672114402447,0.12359550561797761,0.2972420837589378,0.03268641470888656,0.10725229826353422,0.2972420837589378,0.03268641470888656,0.21144024514811033,-0.0010214504596527396
2023,001460,BYC,pullback,2023-03-16,2023-03-21,50800.0,6274.799999999988,0.020555780502474596,False,KOSPI,mid,KOSPI/mid,-0.0019685039370078705,0.013779527559055094,-0.009842519685039353,0.0,0.023622047244094446,-0.009842519685039353,-0.03740157480314965,0.023622047244094446,-0.03740157480314965,0.04133858267716528,-0.003937007874015741
2023,088980,맥쿼리인프라,pullback,2023-03-22,2023-03-27,12587.0,-1193.6500000000233,-0.0037875973836179813,False,KOSPI,large,KOSPI/large,-0.008580281242551835,0.0,-0.012552633669659197,-0.0007150234368793473,0.0,-0.012552633669659197,-0.013347104155080669,0.0,-0.014936045125923614,0.003972352427107362,-0.0077858107571303625
2023,006220,제주은행,pullback,2023-03-28,2023-03-31,22250.0,13743.450000000012,0.04405414350384539,False,KOSPI,mid,KOSPI/mid,-0.004494382022471877,0.0,-0.07640449438202246,0.06516853932584277,0.14157303370786511,-0.07640449438202246,0.02921348314606731,0.14157303370786511,-0.07640449438202246,0.01348314606741563,-0.04269662921348316
2023,004360,세방,pullback,2023-04-03,2023-04-06,46000.0,-3761.7999999999884,-0.011665111029108475,False,KOSPI,mid,KOSPI/mid,0.01413043478260878,0.023913043478260843,-0.005434782608695676,-0.007608695652173925,0.023913043478260843,-0.008695652173912993,0.0010869565217390686,0.023913043478260843,-0.03152173913043477,0.03695652173913033,-0.006521739130434745
2023,008260,NI스틸,breakout,2023-04-07,2023-04-12,6570.0,-7975.0,-0.02424065575913147,False,KOSPI,small,KOSPI/small,-0.0547945205479452,-0.022831050228310557,-0.076103500761035,-0.0273972602739726,-0.022831050228310557,-0.076103500761035,-0.016742770167427756,0.016742770167427645,-0.076103500761035,0.0,-0.045662100456621
2023,085310,엔케이,breakout,2023-04-13,2023-04-18,9950.0,-11818.880000000005,-0.037064001986969304,False,KOSPI,small,KOSPI/small,-0.02713567839195985,0.0,-0.035175879396984966,-0.028140703517587906,0.0,-0.039195979899497524,-0.042211055276381915,0.0030150753768845018,-0.05427135678391959,0.035175879396984966,-0.02010050251256279
2023,101360,에코앤드림,pullback,2023-04-19,2023-04-24,38225.0,-34179.43199999997,-0.11160313813125952,False,KOSDAQ,large,KOSDAQ/large,-0.06948332243296274,0.009339437540876405,-0.08196206671026818,-0.11618051013734465,0.009339437540876405,-0.13485938521909746,-0.14833224329627204,0.009339437540876405,-0.16392413342053624,0.07055591890124258,-0.018652714192282538
2023,119650,KC코트렐,breakout,2023-04-25,2023-04-28,7648.0,-48130.92000000001,-0.17455119621822499,False,KOSPI,small,KOSPI/small,-0.11297071129707115,-0.06642259414225937,-0.22254184100418406,-0.1644874476987448,-0.06642259414225937,-0.22254184100418406,-0.17207112970711302,-0.06642259414225937,-0.22254184100418406,0.06929916317991625,-0.18985355648535562
2023,011230,삼화전자,breakout,2023-05-02,2023-05-08,8015.0,113311.506,0.5041520065503741,False,KOSPI,small,KOSPI/small,0.5830318153462257,0.5830318153462257,0.262882096069869,0.1086712414223332,0.5830318153462257,0.1086712414223332,0.053774173424828486,0.5830318153462257,0.013724266999376233,0.21834061135371186,-0.04117280099812848
2023,067570,엔브이에이치코리아,pullback,2023-05-09,2023-05-12,3861.0,9612.724000000046,0.02824964831954361,False,KOSDAQ,mid,KOSDAQ/mid,0.030303030303030276,0.06526806526806528,0.0,0.025382025382025386,0.06526806526806528,0.0,0.10152810152810154,0.18570318570318567,0.0,0.030303030303030276,-0.042217042217042255
2023,000430,대원강업,breakout,2023-05-15,2023-05-18,4795.0,-7974.702500000014,-0.02274846333211344,False,KOSPI,mid,KOSPI/mid,-0.0750782064650678,0.002085505735140769,-0.07716371220020857,-0.0479666319082378,0.002085505735140769,-0.07820646506777895,-0.01147028154327423,0.011470281543274341,-0.07820646506777895,0.046923879040667416,-0.028154327424400383
2023,088980,맥쿼리인프라,pullback,2023-05-19,2023-05-24,12816.0,-1466.9459999999963,-0.004395793949525139,False,KOSPI,large,KOSPI/large,-0.0037453183520599342,-0.0022627965043695575,-0.007646691635455727,-0.001404494382022503,-0.001404494382022503,-0.007646691635455727,0.0032771535580524702,0.0032771535580524702,-0.007646691635455727,0.005461922596754043,-0.009285268414481851
2023,006800,미래에셋증권,breakout,2023-05-25,2023-05-31,7427.0,-10624.505000000005,-0.031051779675309987,False,KOSPI,large,KOSPI/large,-0.02948700686683725,-0.022754813518244266,-0.03217988420627438,-0.024101252187962885,-0.014676181499932661,-0.03217988420627438,-0.021408374848525646,-0.007943988151339676,-0.03217988420627438,0.005385754678874477,-0.025447690857681393
2023,004870,티웨이홀딩스,pullback,2023-06-01,2023-06-07,3120.0,-9565.281000000017,-0.02887927723798922,False,KOSPI,small,KOSPI/small,-0.01506410256410251,-0.007692307692307665,-0.024358974358974383,-0.02115384615384619,-0.007692307692307665,-0.024358974358974383,-0.02115384615384619,-0.007692307692307665,-0.028846153846153855,0.0032051282051281937,-0.027243589743589758
2023,126640,화신정공,breakout,2023-06-08,2023-06-13,2090.0,-13267.100000000035,-0.04115835815654519,False,KOSDAQ,large,KOSDAQ/large,-0.004784688995215336,0.011961722488038173,-0.03349282296650713,-0.028708133971291905,0.011961722488038173,-0.04401913875598085,-0.05789473684210522,0.011961722488038173,-0.0717703349282297,0.0023923444976077235,-0.05406698564593304
2023,000850,화천기공,breakout,2023-06-14,2023-06-19,40300.0,-14825.299999999988,-0.052474637919051895,False,KOSPI,small,KOSPI/small,-0.06327543424317617,-0.048387096774193505,-0.0694789081885856,-0.04590570719602982,-0.03970223325062039,-0.0694789081885856,-0.01488833746898266,0.011166253101736912,-0.0694789081885856,0.003722084367245637,-0.053349875930521096
2023,008260,NI스틸,breakout,2023-06-20,2023-06-23,7430.0,-9825.85500000004,-0.033858364539328424,False,KOSPI,small,KOSPI/small,-0.030955585464333746,-0.004037685060565233,-0.04576043068640645,-0.032301480484522194,-0.004037685060565233,-0.055181695827725474,-0.01749663526244949,0.0053835800807537915,-0.055181695827725474,0.01211305518169592,-0.032301480484522194
2023,168360,펨트론,breakout,2023-06-26,2023-06-29,7650.0,-31697.807499999995,-0.11181887299769298,False,KOSDAQ,large,KOSDAQ/large,-0.06470588235294117,-0.028104575163398704,-0.06928104575163396,-0.10392156862745094,-0.028104575163398704,-0.13267973856209148,-0.04575163398692805,-0.028104575163398704,-0.13267973856209148,0.004575163398692794,-0.056862745098039236
2023,003030,세아제강지주,breakout,2023-06-30,2023-07-05,204000.0,-612.0,-0.0029955067398901645,False,KOSPI,mid,KOSPI/mid,0.01225490196078427,0.02941176470588225,-0.02892156862745099,0.0,0.02941176470588225,-0.02892156862745099,-0.03431372549019607,0.02941176470588225,-0.04166666666666663,0.02941176470588225,-0.009803921568627416
2023,000430,대원강업,breakout,2023-07-06,2023-07-11,5950.0,32799.899999999994,0.13105551756399011,False,KOSPI,mid,KOSPI/mid,0.06554621848739495,0.238655462184874,0.03361344537815136,0.11260504201680677,0.238655462184874,0.03361344537815136,0.12268907563025211,0.238655462184874,0.03361344537815136,0.02184873949579824,-0.025210084033613467
2023,011230,삼화전자,breakout,2023-07-12,2023-07-17,9361.0,-20852.429999999993,-0.07414164513298419,False,KOSPI,small,KOSPI/small,0.023608588825980048,0.04112808460634554,-0.007798312146138242,-0.0605704518747997,0.04112808460634554,-0.093900224335007,-0.05661788270483925,0.04112808460634554,-0.093900224335007,0.14090374959940188,-0.03813695118042948
2023,043910,자연과환경,breakout,2023-07-18,2023-07-21,14870.0,-35386.350000000006,-0.1397735273350902,False,KOSDAQ,small,KOSDAQ/small,-0.08876933422999322,-0.04774714189643581,-0.10020174848688634,-0.11432414256893075,-0.04774714189643581,-0.14391392064559516,-0.15265635507733688,-0.04774714189643581,-0.15601882985877602,0.0336247478143914,-0.052454606590450537
2023,073640,테라사이언스,pullback,2023-07-25,2023-07-28,6380.0,-84194.42500000002,-0.37648151597055834,False,KOSDAQ,mid,KOSDAQ/mid,-0.12852664576802508,-0.023510971786833812,-0.16771159874608155,-0.25548589341692785,-0.023510971786833812,-0.2586206896551724,-0.335423197492163,-0.023510971786833812,-0.39498432601880873,0.09561128526645768,-0.061128526645768066
2023,326030,SK바이오팜,breakout,2023-08-02,2023-08-07,90000.0,5421.450000000012,0.060148111166583584,False,KOSPI,large,KOSPI/large,0.050000000000000044,0.07111111111111112,0.02444444444444449,0.07000000000000006,0.07777777777777772,0.02444444444444449,0.016666666666666607,0.07777777777777772,0.004444444444444473,0.04444444444444451,-0.008888888888888835
2023,105630,한세실업,breakout,2023-08-08,2023-08-11,19700.0,2382.100000000006,0.017248239316152717,False,KOSPI,mid,KOSPI/mid,-0.025380710659898442,-0.0076142131979695105,-0.025380710659898442,0.017766497461928932,0.058375634517766395,-0.025380710659898442,0.030456852791878264,0.058375634517766395,-0.025380710659898442,0.017766497461928932,-0.02487309644670055
2023,025980,아난티,breakout,2023-08-14,2023-08-18,8480.0,-7392.025000000023,-0.05119973341873997,False,KOSDAQ,large,KOSDAQ/large,-0.014150943396226467,0.03183962264150941,-0.02004716981132071,-0.034198113207547176,0.03183962264150941,-0.06603773584905659,-0.05188679245283023,0.03183962264150941,-0.06603773584905659,0.06485849056603765,-0.001179245283018826
2023,149980,하이로닉,breakout,2023-08-22,2023-08-25,19912.0,-13977.781999999992,-0.10013234467302656,False,KOSDAQ,mid,KOSDAQ/mid,-0.09823222177581359,-0.06182201687424671,-0.10907995178786656,-0.0822117316191241,-0.0465548413017276,-0.12364403374849342,-0.07929891522699883,-0.0465548413017276,-0.12585375652872643,0.010897950984330995,-0.09531940538368822
2023,026890,스틱인베스트먼트,breakout,2023-08-28,2023-08-31,7750.0,-52.479999999995925,-0.00042259191857371947,False,KOSPI,mid,KOSPI/mid,0.011612903225806548,0.032258064516129004,-0.003870967741935516,0.001290322580645098,0.032258064516129004,-0.005161290322580614,-0.015483870967741953,0.032258064516129004,-0.01806451612903226,0.010322580645161228,-0.02580645161290318
2023,105560,KB금융,breakout,2023-09-01,2023-09-06,54200.0,-325.1999999999971,-0.0029955067398901376,False,KOSPI,large,KOSPI/large,-0.0036900369003689537,-0.0036900369003689537,-0.022140221402214055,-0.005535055350553542,0.0,-0.022140221402214055,0.0018450184501845879,0.011070110701107083,-0.022140221402214055,0.0036900369003689537,-0.01845018450184499
2023,003570,SNT다이내믹스,breakout,2023-09-07,2023-09-12,11400.0,13463.01000000001,0.107199726725701,False,KOSPI,large,KOSPI/large,-0.04210526315789476,-0.01666666666666672,-0.0429824561403509,0.07982456140350869,0.09649122807017552,-0.0429824561403509,0.05789473684210522,0.1333333333333333,-0.0429824561403509,0.0,-0.041228070175438614
2023,168360,펨트론,breakout,2023-09-13,2023-09-18,12100.0,-10833.624999999985,-0.08127271902064248,False,KOSDAQ,large,KOSDAQ/large,0.02066115702479343,0.06404958677685957,-0.024793388429752095,-0.05371900826446285,0.10330578512396693,-0.06404958677685946,-0.09090909090909094,0.10330578512396693,-0.09090909090909094,0.07438016528925617,-0.008264462809917328
2023,089850,유비벨록스,pullback,2023-09-21,2023-09-26,9224.0,-7880.152000000002,-0.060930720138352754,False,KOSDAQ,mid,KOSDAQ/mid,-0.016912402428447493,0.008889852558543021,-0.01810494362532522,-0.06092801387684299,0.008889852558543021,-0.06645706851691235,-0.08445359930615781,0.008889852558543021,-0.0883564614050304,0.018647007805724147,-0.007697311361665182
2023,004270,남성,breakout,2023-09-27,2023-10-06,20909.0,-14801.869999999995,-0.14137166243556368,False,KOSPI,small,KOSPI/small,-0.14830934047539335,-0.09125257066335069,-0.14830934047539335,-0.14261801138265817,-0.07413075709024819,-0.14830934047539335,-0.12549619780955568,-0.07413075709024819,-0.14830934047539335,0.0019130517958774185,-0.12927447510641354
2023,004270,남성,pullback,2023-10-10,2023-10-13,18285.0,2288.9370000000054,0.0208322736021754,False,KOSPI,small,KOSPI/small,0.006508066721356398,0.100027344818157,-0.056494394312277874,0.023899371069182385,0.100027344818157,-0.056494394312277874,-0.013016133442712574,0.100027344818157,-0.056494394312277874,0.0,-0.07607328411266068
2023,004100,태양금속,pullback,2023-10-17,2023-10-20,3880.0,-6273.642500000002,-0.055672290533272266,False,KOSPI,small,KOSPI/small,0.027061855670102997,0.05154639175257736,0.006443298969072142,-0.01804123711340211,0.05154639175257736,-0.03350515463917525,0.005154639175257714,0.05154639175257736,-0.06056701030927836,0.07345360824742264,0.0
2023,003570,SNT다이내믹스,pullback,2023-10-23,2023-10-26,11630.0,-44.4149999999936,-0.00042369807283908944,False,KOSPI,large,KOSPI/large,0.014617368873602654,0.26741186586414445,-0.014617368873602765,0.017196904557179815,0.26741186586414445,-0.014617368873602765,0.04901117798796206,0.26741186586414445,-0.014617368873602765,0.03783319002579533,-0.041272570937231245
2023,003570,SNT다이내믹스,pullback,2023-10-27,2023-11-01,12610.0,3851.1199999999953,0.03811808061104215,False,KOSPI,large,KOSPI/large,0.1102299762093577,0.14432989690721643,-0.018239492466296636,0.04044409199048382,0.20222045995241866,-0.018239492466296636,0.0626486915146709,0.20222045995241866,-0.018239492466296636,0.09595559080095173,-0.0317208564631245
2023,015360,INVENI,pullback,2023-11-02,2023-11-07,6660.0,1437.679999999993,0.013471534440081553,False,KOSPI,mid,KOSPI/mid,0.0015015015015014122,0.0015015015015014122,-0.007507507507507505,0.01501501501501501,0.01501501501501501,-0.007507507507507505,0.016516516516516422,0.018018018018018056,-0.007507507507507505,0.0030030030030030463,-0.006006006006005982
2023,105630,한세실업,breakout,2023-11-10,2023-11-15,23700.0,-4677.800000000003,-0.049269976891203306,False,KOSPI,mid,KOSPI/mid,-0.021097046413502074,0.025316455696202445,-0.05063291139240511,-0.06118143459915615,0.025316455696202445,-0.06118143459915615,-0.05696202531645567,0.025316455696202445,-0.069620253164557,0.0021097046413502962,-0.02742616033755274
2023,105630,한세실업,pullback,2023-11-17,2023-11-22,23650.0,-1881.4000000000087,-0.01985816201701685,False,KOSPI,mid,KOSPI/mid,-0.025369978858350906,0.010570824524312794,-0.029598308668076112,-0.0042283298097252064,0.010570824524312794,-0.038054968287526414,-0.029598308668076112,0.010570824524312794,-0.038054968287526414,0.03594080338266381,-0.025369978858350906
2023,215200,메가스터디교육,pullback,2023-11-27,2023-11-30,61400.0,-3279.550000000003,-0.05333286714878826,False,KOSDAQ,large,KOSDAQ/large,-0.026058631921824116,0.0032573289902280145,-0.027687296416938123,-0.04071661237785018,0.0032573289902280145,-0.0456026058631922,-0.0684039087947883,0.0032573289902280145,-0.07003257328990231,0.01791530944625408,-0.009771986970684043
2023,016360,삼성증권,pullback,2023-12-01,2023-12-06,38900.0,465.54999999998836,0.005974970705894735,False,KOSPI,large,KOSPI/large,0.0,0.0025706940874035134,-0.005141388174807249,0.006426735218509005,0.011568123393316254,-0.005141388174807249,0.007712082262210762,0.014138817480719768,-0.005141388174807249,0.005141388174807249,-0.010282776349614386
2023,131370,알서포트,pullback,2023-12-07,2023-12-12,3785.0,-1924.1549999999988,-0.018800069380737337,False,KOSDAQ,mid,KOSDAQ/mid,0.00792602377807139,0.01981505944517825,-0.005284015852047519,-0.013210039630118908,0.01981505944517825,-0.014531043593130732,-0.017173051519154603,0.01981505944517825,-0.02509907529722588,0.03566710700132103,-0.010568031704095149
2023,215200,메가스터디교육,breakout,2023-12-13,2023-12-18,65800.0,-2094.5499999999956,-0.03178439028387504,False,KOSDAQ,large,KOSDAQ/large,-0.016717325227963542,0.015197568389057725,-0.03495440729483279,-0.027355623100303927,0.015197568389057725,-0.04255319148936165,-0.03951367781155013,0.015197568389057725,-0.04255319148936165,0.006079027355623046,-0.022796352583586588
2023,025900,동화기업,pullback,2023-12-19,2023-12-22,28597.0,-4576.8840000000055,-0.053269328444302516,False,KOSDAQ,large,KOSDAQ/large,-0.020981221806483208,0.014022449907332923,-0.03220617547295168,-0.05178864915900272,0.014022449907332923,-0.054621114102877955,-0.08123229709410074,0.014022449907332923,-0.08123229709410074,0.022414938629926162,-0.01678497744518659
2023,279600,미디어젠,breakout,2023-12-26,2024-01-02,21718.0,-4322.513999999996,-0.04968275094495189,False,KOSDAQ,small,KOSDAQ/small,0.032875955428676606,0.036743714890874024,0.011649323142094214,-0.014504097983239705,0.036743714890874024,-0.052444976517174724,-0.05797034717745653,0.036743714890874024,-0.10479786352334464,0.03789483377843261,0.0
2024,326030,SK바이오팜,breakout,2024-01-03,2024-01-08,103300.0,-12202.400000000023,-0.05897446183097098,False,KOSPI,large,KOSPI/large,-0.06873184898354312,-0.004840271055179035,-0.06969990319457886,-0.05905130687318494,-0.004840271055179035,-0.08422071636011619,-0.074540174249758,-0.004840271055179035,-0.08422071636011619,0.014520813165537216,-0.030009680542110395
2024,004540,깨끗한나라,breakout,2024-01-11,2024-01-16,3085.0,-22682.932500000054,-0.07894236441124393,False,KOSPI,small,KOSPI/small,-0.06482982171799023,-0.014586709886547866,-0.07293354943273911,-0.06645056726094001,-0.011345218800648316,-0.09076175040518641,-0.07779578606158832,-0.011345218800648316,-0.11507293354943271,0.050243111831442366,-0.05672609400324147
2024,270870,뉴트리,pullback,2024-01-17,2024-01-22,7090.0,-5959.219999999972,-0.022682478398058658,False,KOSDAQ,small,KOSDAQ/small,-0.026798307475317307,-0.02538787023977429,-0.04513399153737663,-0.01833568406205921,-0.009873060648801113,-0.04513399153737663,0.009873060648801113,0.19746121297602248,-0.04513399153737663,0.0028208744710860323,-0.02961918194640334
2024,270870,뉴트리,pullback,2024-01-23,2024-01-26,7170.0,-4009.5,-0.015510207492109115,False,KOSDAQ,small,KOSDAQ/small,-0.004184100418409997,0.0,-0.02231520223152017,-0.00557880055788007,0.002789400278939924,-0.02231520223152017,-0.006973500697350032,0.008368200836819994,-0.02231520223152017,0.018131101813110284,-0.015341701534170138
2024,003830,대한화섬,pullback,2024-01-29,2024-02-01,107500.0,24517.20000000001,0.11386269433059718,False,KOSPI,mid,KOSPI/mid,0.08837209302325588,0.15534883720930237,0.06511627906976747,0.1125581395348838,0.15534883720930237,0.06511627906976747,0.14511627906976754,0.16279069767441867,0.06511627906976747,0.16279069767441867,0.0
2024,163560,동일고무벨트,pullback,2024-02-02,2024-02-07,6380.0,-2111.085000000021,-0.007683615642367247,False,KOSPI,small,KOSPI/small,0.043887147335423204,0.048589341692790056,-0.00783699059561127,-0.020376175548589393,0.18808777429467094,-0.020376175548589393,0.0,0.18808777429467094,-0.020376175548589393,0.0015673981191222097,-0.010971786833855801
2024,004360,세방,breakout,2024-02-08,2024-02-15,14370.0,-19411.160000000033,-0.07098885422735775,False,KOSPI,mid,KOSPI/mid,-0.04453723034098822,-0.02366040361864996,-0.050104384133611735,-0.06958942240779398,-0.02366040361864996,-0.08002783576896311,-0.09116214335421013,-0.02366040361864996,-0.09116214335421013,0.0,-0.042449547668754306
2024,003530,한화투자증권,breakout,2024-02-16,2024-02-21,4510.0,-3616.9349999999977,-0.014048771631909112,False,KOSPI,large,KOSPI/large,0.009977827050997812,0.017738359201773912,-0.03880266075388028,-0.013303769401330379,0.04212860310421296,-0.03880266075388028,-0.0177383592017738,0.04212860310421296,-0.03880266075388028,0.019955654101995624,-0.029933481152993324
2024,014830,유니드,breakout,2024-02-22,2024-02-27,80400.0,-4917.3000000000175,-0.020356281498150854,False,KOSPI,mid,KOSPI/mid,-0.023631840796019876,0.01243781094527363,-0.02985074626865669,-0.023631840796019876,0.01243781094527363,-0.04601990049751248,-0.04104477611940294,0.01243781094527363,-0.04601990049751248,0.01990049751243772,-0.027363184079602032
2024,163560,동일고무벨트,breakout,2024-02-28,2024-03-05,9320.0,-16563.169999999984,-0.0682500926721505,False,KOSPI,small,KOSPI/small,-0.035407725321888406,0.08047210300429186,-0.035407725321888406,-0.10300429184549353,0.08047210300429186,-0.12768240343347637,-0.09549356223175964,0.0815450643776825,-0.12768240343347637,0.1995708154506437,-0.005364806866952843
2024,001460,BYC,breakout,2024-03-06,2024-03-11,50500.0,-9592.5,-0.04741649901385545,False,KOSPI,mid,KOSPI/mid,-0.03762376237623766,-0.00990099009900991,-0.056435643564356486,-0.02871287128712874,-0.00990099009900991,-0.06732673267326728,-0.06138613861386144,-0.00990099009900991,-0.06732673267326728,0.00990099009900991,-0.07722772277227719
2024,088980,맥쿼리인프라,pullback,2024-03-12,2024-03-15,12857.0,-655.707000000024,-0.002995506739890274,False,KOSPI,large,KOSPI/large,0.0008555650618340405,0.000777786419849047,-0.004588939877109732,7.777864198499351e-05,0.003888932099245457,-0.004588939877109732,-0.0022555806175623694,0.003888932099245457,-0.004588939877109732,0.001555572839698316,-0.00536672629695889
2024,015360,INVENI,pullback,2024-03-18,2024-03-21,7900.0,-104.44000000000233,-0.0004714447316367326,False,KOSPI,mid,KOSPI/mid,-0.0037974683544304,-0.0012658227848101333,-0.011392405063291089,-0.0075949367088608,0.005063291139240533,-0.011392405063291089,-0.0025316455696202667,0.005063291139240533,-0.011392405063291089,0.0037974683544304,-0.020253164556962022
2024,014160,대영포장,breakout,2024-03-22,2024-03-27,1868.0,-7914.9875000000175,-0.03555293398232423,False,KOSPI,small,KOSPI/small,0.01820128479657379,0.13490364025695922,0.01820128479657379,-0.005888650963597475,0.13490364025695922,-0.025695931477516032,-0.0679871520342612,0.13490364025695922,-0.11616702355460384,0.04122055674518199,-0.024089935760171266
2024,026890,스틱인베스트먼트,breakout,2024-03-28,2024-04-02,7800.0,-4406.130000000005,-0.02089045918302036,False,KOSPI,mid,KOSPI/mid,-0.0064102564102563875,0.0,-0.06538461538461537,-0.02692307692307694,0.01025641025641022,-0.06538461538461537,-0.033333333333333326,0.01025641025641022,-0.06538461538461537,0.012820512820512775,-0.01666666666666672
2024,006360,GS건설,breakout,2024-04-04,2024-04-09,15760.0,-12297.089999999997,-0.05993104252251063,False,KOSPI,large,KOSPI/large,-0.040609137055837574,-0.029822335025380675,-0.048223350253807085,-0.05203045685279184,-0.029822335025380675,-0.05647208121827407,-0.050761421319796995,-0.029822335025380675,-0.05710659898477155,0.0050761421319796,-0.04187817258883253
2024,101360,에코앤드림,pullback,2024-04-11,2024-04-16,46949.0,-32080.042000000016,-0.17056803131582426,False,KOSDAQ,large,KOSDAQ/large,-0.038850667745851886,0.011800038339474739,-0.054058659396366227,-0.13512534878272164,0.011800038339474739,-0.13682932543824144,-0.18326268930115652,0.011800038339474739,-0.18920530788728196,0.0996613346397155,-0.03378133719568044
2024,006220,제주은행,breakout,2024-04-17,2024-04-22,15700.0,-2667.6999999999825,-0.01696627033971325,False,KOSPI,mid,KOSPI/mid,-0.060509554140127375,-0.0197452229299363,-0.061783439490445846,-0.05031847133757961,0.07643312101910826,-0.061783439490445846,-0.024840764331210186,0.07643312101910826,-0.061783439490445846,0.03439490445859872,-0.0662420382165605
2024,105560,KB금융,pullback,2024-04-23,2024-04-26,70500.0,4569.5,0.03235926252465274,False,KOSPI,large,KOSPI/large,-0.02269503546099294,0.015602836879432536,-0.025531914893617058,-0.017021276595744705,0.015602836879432536,-0.03262411347517735,0.07801418439716312,0.09078014184397154,-0.03262411347517735,0.038297872340425476,-0.009929078014184411
2024,094280,효성ITX,pullback,2024-04-30,2024-05-07,12610.0,1065.8699999999953,0.006492244187248044,False,KOSPI,mid,KOSPI/mid,0.008723235527359208,0.008723235527359208,0.004758128469468659,0.011102299762093537,0.011895321173671647,0.004758128469468659,0.007930214115781098,0.011895321173671647,0.004758128469468659,0.011102299762093537,0.0
2024,014830,유니드,breakout,2024-05-08,2024-05-13,104200.0,-6503.300000000003,-0.06231823090699845,False,KOSPI,mid,KOSPI/mid,-0.0124760076775432,0.050863723608445266,-0.019193857965451033,-0.0499040307101728,0.050863723608445266,-0.06429942418426104,-0.0499040307101728,0.050863723608445266,-0.06429942418426104,0.018234165067178454,-0.014395393474088247
2024,064850,에프앤가이드,pullback,2024-05-14,2024-05-20,7490.0,-4455.88499999998,-0.028286675460774,False,KOSDAQ,large,KOSDAQ/large,0.001335113484646211,0.005340453938584844,-0.05206942590120156,-0.002670226969292422,0.005340453938584844,-0.05206942590120156,0.006675567423231055,0.020026702269692942,-0.05206942590120156,0.11214953271028039,-0.058744993324432615
2024,026890,스틱인베스트먼트,breakout,2024-05-21,2024-05-24,10200.0,8377.725000000006,0.05467436100750838,False,KOSPI,mid,KOSPI/mid,0.055882352941176494,0.06274509803921569,0.025490196078431282,0.06470588235294117,0.06666666666666665,0.02450980392156854,0.05882352941176472,0.07058823529411762,0.02450980392156854,0.03333333333333344,0.0
2024,081580,성우전자,breakout,2024-05-27,2024-05-30,2790.0,1568.0725000000093,0.009511718085953563,False,KOSDAQ,small,KOSDAQ/small,0.026881720430107503,0.03405017921146958,0.0035842293906809264,0.017921146953405076,0.03405017921146958,-0.014336917562724039,-0.0017921146953404632,0.03405017921146958,-0.014336917562724039,0.03405017921146958,-0.01971326164874554
2024,064850,에프앤가이드,pullback,2024-05-31,2024-06-05,7800.0,5799.149999999994,0.03535081992396018,False,KOSDAQ,large,KOSDAQ/large,-0.008974358974358942,0.04230769230769238,-0.014102564102564052,0.021794871794871717,0.04230769230769238,-0.028205128205128216,0.029487179487179382,0.04230769230769238,-0.028205128205128216,0.07692307692307687,-0.0064102564102563875
2024,204320,HL만도,breakout,2024-06-07,2024-06-12,49000.0,-5533.350000000006,-0.037585458546873604,False,KOSPI,large,KOSPI/large,-0.04591836734693877,-0.01836734693877551,-0.05714285714285716,-0.038775510204081653,-0.01836734693877551,-0.07040816326530608,-0.030612244897959218,-0.0020408163265306367,-0.07040816326530608,0.010204081632652962,-0.0295918367346939
2024,149980,하이로닉,breakout,2024-06-13,2024-06-18,17087.0,-8585.145000000019,-0.055742745102805906,False,KOSDAQ,mid,KOSDAQ/mid,-0.0698776847896061,-0.014982150172645925,-0.07087259319950845,-0.051910809387253454,-0.014982150172645925,-0.09082928542166557,-0.06191841751038807,-0.014982150172645925,-0.09082928542166557,0.010943992508924971,-0.02598466670568267
2024,081580,성우전자,breakout,2024-06-19,2024-06-24,3570.0,-7940.0199999999895,-0.05047191118084771,False,KOSDAQ,small,KOSDAQ/small,-0.02941176470588236,-0.004201680672268893,-0.10924369747899154,-0.05882352941176472,-0.004201680672268893,-0.10924369747899154,-0.02801120448179273,0.023809523809523725,-0.10924369747899154,0.01540616246498594,-0.022408963585434205
2024,101360,에코앤드림,breakout,2024-06-25,2024-06-28,48574.0,-8953.372499999998,-0.06134943629764722,False,KOSDAQ,large,KOSDAQ/large,-0.07228146745172315,-0.04646518713715153,-0.12564334829332569,-0.05161197348375679,-0.02235763988965289,-0.12564334829332569,-0.08949232099477089,-0.02235763988965289,-0.12564334829332569,0.015481533330588437,-0.09982706797875407
2024,094280,효성ITX,pullback,2024-07-01,2024-07-04,13470.0,1992.2999999999884,0.014768493140022617,False,KOSPI,mid,KOSPI/mid,0.04305864884929478,0.05493689680772085,0.01633259094283601,0.021529324424647278,0.05493689680772085,0.01633259094283601,0.00445434298440972,0.05493689680772085,0.0014847809948033142,0.06978470675575354,-0.00222717149220486
2024,003570,SNT다이내믹스,pullback,2024-07-05,2024-07-10,20300.0,-426.29999999998836,-0.002995506739890083,False,KOSPI,large,KOSPI/large,0.022167487684729092,0.022167487684729092,-0.014778325123152691,0.0,0.03201970443349755,-0.014778325123152691,0.0,0.039408866995073843,-0.014778325123152691,0.01724137931034475,-0.019704433497536922
2024,009300,삼아제약,breakout,2024-07-11,2024-07-16,26700.0,16823.625,0.12583091654652853,False,KOSDAQ,mid,KOSDAQ/mid,-0.050561797752809,-0.0018726591760299671,-0.07490636704119846,0.11610486891385774,0.1797752808988764,-0.07490636704119846,0.06928838951310867,0.38576779026217234,-0.07490636704119846,0.02434456928838946,-0.061797752808988804
2024,006360,GS건설,breakout,2024-07-17,2024-07-22,17660.0,1410.3450000000012,0.008860152579737423,False,KOSPI,large,KOSPI/large,0.018686296715741735,0.037938844847112074,-0.001698754246885592,0.013590033975084959,0.037938844847112074,-0.001698754246885592,0.007927519818799578,0.037938844847112074,-0.008493771234428071,0.054360135900339834,0.0
2024,105560,KB금융,pullback,2024-07-23,2024-07-26,87200.0,-2358.449999999997,-0.027005936050053327,False,KOSPI,large,KOSPI/large,-0.029816513761467878,0.037844036697247674,-0.032110091743119296,-0.03669724770642202,0.037844036697247674,-0.04243119266055051,0.008027522935779796,0.037844036697247674,-0.04243119266055051,0.02752293577981657,-0.011467889908256867
2024,006360,GS건설,breakout,2024-07-29,2024-08-01,19220.0,4171.75999999998,0.027090997219051623,False,KOSPI,large,KOSPI/large,0.031217481789802326,0.048387096774193505,-0.0010405827263267886,0.03277835587929245,0.06139438085327775,-0.0010405827263267886,0.05359001040582734,0.06139438085327775,-0.0010405827263267886,0.0457856399583767,-0.007804370447450526
2024,003570,SNT다이내믹스,pullback,2024-08-02,2024-08-07,21200.0,-4289.424999999988,-0.02886118934805331,False,KOSPI,large,KOSPI/large,-0.06273584905660379,0.061320754716981174,-0.12264150943396224,-0.030660377358490587,0.061320754716981174,-0.12264150943396224,0.0589622641509433,0.061320754716981174,-0.12264150943396224,0.06367924528301883,-0.004716981132075526
2024,314130,지놈앤컴퍼니,pullback,2024-08-08,2024-08-13,5100.0,5406.864999999991,0.03414779791097661,False,KOSDAQ,large,KOSDAQ/large,0.07058823529411762,0.0980392156862746,-0.015686274509803977,0.01764705882352935,0.0980392156862746,-0.015686274509803977,-0.020588235294117685,0.0980392156862746,-0.03627450980392155,0.08823529411764697,-0.05196078431372553
2024,004870,티웨이홀딩스,pullback,2024-08-14,2024-08-20,2740.0,-8221.589999999997,-0.049934769378778526,False,KOSPI,small,KOSPI/small,-0.02956204379562044,0.005109489051094984,-0.03503649635036499,-0.03649635036496346,0.005109489051094984,-0.04708029197080288,-0.013868613138686148,0.005109489051094984,-0.04708029197080288,0.01532846715328473,-0.03503649635036499
2024,081580,성우전자,breakout,2024-08-21,2024-08-26,3850.0,-861.3999999999942,-0.005585128800305997,False,KOSDAQ,small,KOSDAQ/small,-0.014285714285714235,0.033766233766233666,-0.03376623376623378,-0.036363636363636376,0.033766233766233666,-0.074025974025974,-0.018181818181818188,0.033766233766233666,-0.074025974025974,0.02857142857142847,-0.011688311688311637
2024,064850,에프앤가이드,breakout,2024-08-27,2024-08-30,8680.0,16701.565000000002,0.11301538475696596,False,KOSDAQ,large,KOSDAQ/large,0.07603686635944706,0.08294930875576045,0.02995391705069128,0.11635944700460832,0.11751152073732718,0.02995391705069128,0.11290322580645151,0.11751152073732718,0.02995391705069128,0.06451612903225801,-0.003456221198156695
2024,081580,성우전자,breakout,2024-09-02,2024-09-05,4050.0,-19172.265000000014,-0.11254291402402576,False,KOSDAQ,small,KOSDAQ/small,-0.0654320987654321,-0.014814814814814836,-0.09135802469135801,-0.1098765432098765,-0.014814814814814836,-0.1308641975308642,-0.1493827160493827,-0.014814814814814836,-0.154320987654321,0.004938271604938205,-0.03456790123456788
2024,064850,에프앤가이드,breakout,2024-09-06,2024-09-11,13420.0,17679.91499999998,0.11958701292323794,False,KOSDAQ,large,KOSDAQ/large,0.08792846497764528,0.12146050670640829,0.028315946348733245,0.11773472429210141,0.14232488822652756,0.028315946348733245,0.0804769001490313,0.14232488822652756,0.028315946348733245,0.09761549925484347,-0.12295081967213117
2024,246250,에스엘에스바이오,pullback,2024-09-12,2024-09-20,4170.0,5832.557499999995,0.03406341327337528,False,KOSDAQ,small,KOSDAQ/small,0.04076738609112707,0.04916067146282965,0.0,0.04196642685851315,0.09112709832134303,0.0,0.09112709832134303,0.09112709832134303,0.0,0.07553956834532372,-0.03237410071942448
2024,064850,에프앤가이드,breakout,2024-09-23,2024-09-26,23000.0,31668.70000000001,0.19640539191213188,False,KOSDAQ,large,KOSDAQ/large,0.6717391304347826,0.6717391304347826,0.5521739130434782,0.17173913043478262,0.6717391304347826,0.17173913043478262,-0.17826086956521736,0.6717391304347826,-0.17826086956521736,0.28695652173913033,-0.060869565217391286
2024,006800,미래에셋증권,pullback,2024-09-27,2024-10-04,8662.0,-6590.700000000012,-0.031655645140001895,False,KOSPI,large,KOSPI/large,-0.032209651350727286,0.004617871161394671,-0.032209651350727286,-0.02528284460863539,0.004617871161394671,-0.04594781805587622,-0.012699145693835123,0.004617871161394671,-0.04594781805587622,0.00923574232278912,-0.0069268067420918955
2024,081580,성우전자,breakout,2024-10-07,2024-10-11,4890.0,-2853.087499999994,-0.014209258709073374,False,KOSDAQ,small,KOSDAQ/small,0.007157464212679043,0.036809815950920255,-0.0010224948875255935,-0.03885480572597133,0.036809815950920255,-0.07668711656441718,-0.029652351738241323,0.036809815950920255,-0.07668711656441718,0.03885480572597144,-0.02556237218813906
2024,326030,SK바이오팜,breakout,2024-10-14,2024-10-17,120000.0,7328.450000000012,0.060978948244300314,False,KOSPI,large,KOSPI/large,0.04916666666666658,0.04916666666666658,-0.012499999999999956,0.0475000000000001,0.08333333333333326,-0.012499999999999956,0.04499999999999993,0.08333333333333326,-0.012499999999999956,0.01333333333333342,-0.023333333333333317
2024,015360,INVENI,breakout,2024-10-21,2024-10-24,9590.0,13864.095000000001,0.06873891456871002,False,KOSPI,mid,KOSPI/mid,0.04171011470281538,0.049009384775808185,0.010427528675703845,0.07194994786235664,0.08446298227320126,0.010427528675703845,0.06360792492179357,0.08446298227320126,0.010427528675703845,0.011470281543274341,-0.0031282586027111536
2024,004870,티웨이홀딩스,pullback,2024-10-28,2024-10-31,3810.0,13406.371500000008,0.061639692691933264,False,KOSPI,small,KOSPI/small,-0.12493438320209971,-0.04251968503937009,-0.12493438320209971,0.0711286089238845,0.1010498687664041,-0.16351706036745406,0.1136482939632546,0.24724409448818907,-0.16351706036745406,0.031233595800524983,-0.11994750656167974
2024,004870,티웨이홀딩스,breakout,2024-11-01,2024-11-06,4343.0,-23869.715999999986,-0.10354534971661773,False,KOSPI,small,KOSPI/small,-0.08104996546166243,0.0,-0.09647708956942203,-0.09970066774119268,0.0,-0.1370020723002533,-0.16762606493207455,0.0,-0.16877734285056412,0.061247985263642724,-0.1096016578402026
2024,105560,KB금융,pullback,2024-11-07,2024-11-12,94900.0,-4363.700000000012,-0.022956608290935626,False,KOSPI,large,KOSPI/large,-0.017913593256059013,-0.009483667017913588,-0.030558482613277094,-0.023182297154899945,-0.009483667017913588,-0.04214963119072712,-0.023182297154899945,-0.0021074815595363283,-0.04214963119072712,0.010537407797681864,-0.015806111696522684
2024,127120,제이에스링크,breakout,2024-11-13,2024-11-18,3965.0,-7481.317500000005,-0.03694143526198724,False,KOSDAQ,large,KOSDAQ/large,-0.0290037831021438,-0.02774274905422447,-0.07692307692307687,-0.032786885245901676,-0.0025220680958385477,-0.07692307692307687,-0.05674653215636827,-0.0025220680958385477,-0.07692307692307687,0.0050441361916770955,-0.07944514501891553
2024,016090,대현,pullback,2024-11-19,2024-11-22,2100.0,7855.110000000015,0.03973325725697176,False,KOSPI,small,KOSPI/small,0.0452380952380953,0.050000000000000044,0.014285714285714235,0.040476190476190554,0.050000000000000044,0.014285714285714235,0.03809523809523818,0.06666666666666665,0.014285714285714235,0.02857142857142847,-0.004761904761904745
2024,127120,제이에스링크,pullback,2024-11-26,2024-11-29,3710.0,29043.29999999999,0.14212105023058397,False,KOSDAQ,large,KOSDAQ/large,0.10512129380053903,0.11185983827493251,0.030997304582210283,0.09703504043126676,0.13207547169811318,0.030997304582210283,0.09164420485175206,0.18598382749326148,0.030997304582210283,0.0417789757412399,-0.010781671159029615
2024,105560,KB금융,pullback,2024-12-02,2024-12-05,96800.0,-8768.5,-0.04522400283871712,False,KOSPI,large,KOSPI/large,0.045454545454545414,0.052685950413223104,0.006198347107438051,-0.01446280991735538,0.052685950413223104,-0.02892561983471076,-0.11363636363636365,0.052685950413223104,-0.11363636363636365,0.004132231404958775,-0.009297520661157077
2024,003530,한화투자증권,pullback,2024-12-06,2024-12-11,4060.0,-23186.07500000001,-0.10367822650261066,False,KOSPI,large,KOSPI/large,-0.11699507389162567,-0.020935960591133007,-0.11699507389162567,-0.08743842364532017,-0.020935960591133007,-0.13300492610837433,-0.0923645320197044,-0.020935960591133007,-0.13300492610837433,0.006157635467980205,-0.051724137931034475
2024,115500,케이씨에스,breakout,2024-12-12,2024-12-17,9270.0,50998.5,0.2615817374262231,False,KOSDAQ,large,KOSDAQ/large,0.09277238403452004,0.15426105717367844,0.056094929881337574,0.21359223300970864,0.34627831715210355,0.056094929881337574,0.17367853290183377,0.34627831715210355,0.056094929881337574,0.2491909385113269,-0.004314994606256728
2024,015360,INVENI,breakout,2024-12-18,2024-12-23,10640.0,7533.419999999984,0.030737727994474384,False,KOSPI,mid,KOSPI/mid,0.03383458646616533,0.05263157894736836,0.02443609022556381,0.03759398496240607,0.05263157894736836,0.020676691729323293,0.043233082706766846,0.06015037593984962,0.020676691729323293,0.05451127819548862,0.0
2024,171120,라이온켐텍,breakout,2024-12-24,2024-12-30,3095.0,-47330.00999999998,-0.18177983428734112,False,KOSDAQ,mid,KOSDAQ/mid,-0.021001615508885352,0.050080775444264924,-0.03392568659127626,-0.17932148626817446,0.050080775444264924,-0.18901453957996772,-0.18578352180936997,0.050080775444264924,-0.19709208400646205,0.011308562197092087,-0.012924071082390909
2024,115500,케이씨에스,breakout,2025-01-02,2025-01-07,14300.0,4991.0,0.0248927308338192,False,KOSDAQ,large,KOSDAQ/large,-0.01538461538461533,0.051748251748251706,-0.03286713286713283,0.023776223776223793,0.1454545454545455,-0.03286713286713283,-0.023076923076923106,0.1454545454545455,-0.03286713286713283,0.025174825174825166,-0.021678321678321733
2025,204320,HL만도,pullback,2025-01-03,2025-01-08,42000.0,-882.0,-0.0029955067398901645,False,KOSPI,large,KOSPI/large,0.011904761904761862,0.015476190476190421,-0.02857142857142858,0.014285714285714235,0.04285714285714293,-0.02857142857142858,0.005952380952380931,0.04285714285714293,-0.02857142857142858,0.008333333333333304,-0.046428571428571375
2025,319400,현대무벡스,breakout,2025-01-09,2025-01-14,3905.0,5180.539999999979,0.017429681342263102,False,KOSDAQ,large,KOSDAQ/large,-0.008962868117797673,0.03969270166453276,-0.02432778489116516,0.025608194622279035,0.03969270166453276,-0.02432778489116516,0.02432778489116516,0.04097311139564663,-0.02432778489116516,0.008962868117797784,-0.03841229193341866
2025,204320,HL만도,breakout,2025-01-15,2025-01-20,45000.0,2185.5,0.008082320962999944,False,KOSPI,large,KOSPI/large,-0.008888888888888835,0.012222222222222134,-0.014444444444444482,0.0033333333333334103,0.012222222222222134,-0.02777777777777779,-0.022222222222222254,0.012222222222222134,-0.030000000000000027,0.006666666666666599,-0.020000000000000018
2025,003030,세아제강지주,breakout,2025-01-21,2025-01-24,218500.0,-10640.5,-0.048625002998934096,False,KOSPI,mid,KOSPI/mid,-0.029748283752860427,0.0389016018306636,-0.0389016018306636,-0.04347826086956519,0.0389016018306636,-0.05491990846681927,-0.022883295194508046,0.0389016018306636,-0.05720823798627006,0.05263157894736836,-0.011441647597253968
2025,025980,아난티,breakout,2025-01-31,2025-02-05,6040.0,-19082.399999999965,-0.06572095499135391,False,KOSDAQ,large,KOSDAQ/large,-0.09768211920529801,-0.04801324503311255,-0.11258278145695366,-0.07284768211920534,-0.04801324503311255,-0.11258278145695366,-0.04635761589403975,-0.03476821192052981,-0.11258278145695366,0.0066225165562914245,-0.024834437086092676
2025,051630,진양화학,breakout,2025-02-06,2025-02-11,5500.0,-57989.125,-0.21055371488222213,False,KOSPI,small,KOSPI/small,-0.17909090909090908,-0.056363636363636394,-0.17909090909090908,-0.19454545454545458,-0.056363636363636394,-0.20272727272727276,-0.14090909090909087,-0.056363636363636394,-0.2145454545454546,0.016363636363636358,-0.049090909090909074
2025,204320,HL만도,pullback,2025-02-12,2025-02-17,44100.0,6260.600000000006,0.03543777304564698,False,KOSPI,large,KOSPI/large,0.05782312925170063,0.06575963718820854,0.02947845804988658,0.04081632653061229,0.06575963718820854,0.02947845804988658,0.039682539682539764,0.06575963718820854,0.015873015873015817,0.030612244897959107,-0.0011337868480725266
2025,003030,세아제강지주,pullback,2025-02-18,2025-02-21,218500.0,10827.25,0.04947841395801035,False,KOSPI,mid,KOSPI/mid,0.0022883295194509046,0.01830663615560635,-0.01830663615560646,0.05263157894736836,0.0778032036613272,-0.01830663615560646,0.03661327231121292,0.14874141876430214,-0.01830663615560646,0.013729977116704761,-0.020594965675057253
2025,015360,INVENI,pullback,2025-02-24,2025-02-27,10760.0,-18710.78999999998,-0.08268173947257543,False,KOSPI,mid,KOSPI/mid,-0.013011152416356864,-0.0074349442379182396,-0.024163568773234223,-0.029739776951672847,-0.005576208178438624,-0.029739776951672847,-0.07249070631970256,-0.005576208178438624,-0.0799256505576208,0.0018587360594795044,-0.016728624535315983
2025,053350,이니텍,breakout,2025-02-28,2025-03-06,4615.0,7860.36500000002,0.03697108724778497,False,KOSDAQ,mid,KOSDAQ/mid,0.018418201516793076,0.15926327193932832,-0.009750812567713929,0.04225352112676051,0.15926327193932832,-0.009750812567713929,0.10725893824485366,0.15926327193932832,-0.009750812567713929,0.08342361863488623,-0.057421451787649014
2025,136480,하림,pullback,2025-03-07,2025-03-12,3020.0,3024.0100000000093,0.013511190168389841,False,KOSDAQ,large,KOSDAQ/large,0.004966887417218624,0.04470198675496695,0.0033112582781456013,0.01655629139072845,0.052980132450331174,0.0033112582781456013,0.01821192052980125,0.052980132450331174,0.0033112582781456013,0.01655629139072845,-0.0033112582781457123
2025,115500,케이씨에스,pullback,2025-03-14,2025-03-19,12670.0,-1325.1500000000233,-0.006143113664152655,False,KOSDAQ,large,KOSDAQ/large,-0.011049723756906049,0.0765588003157065,-0.011838989739542227,0.029992107340173657,0.14838200473559593,-0.011838989739542227,0.014206787687450761,0.14838200473559593,-0.016574585635359074,0.0015785319652723562,-0.03867403314917128
2025,011230,삼화전자,breakout,2025-03-20,2025-03-25,3730.0,37071.899999999994,0.16539935405203185,False,KOSPI,small,KOSPI/small,0.12198391420911525,0.17694369973190338,0.10053619302949057,0.16219839142091153,0.17694369973190338,0.09115281501340489,0.15147453083109919,0.19705093833780163,0.09115281501340489,0.20643431635388731,-0.0013404825737265424
2025,030210,다올투자증권,breakout,2025-03-26,2025-03-31,3340.0,7785.570000000007,0.029839970583047607,False,KOSPI,mid,KOSPI/mid,0.0314371257485031,0.046407185628742464,-0.0119760479041916,0.038922155688622784,0.08083832335329344,-0.0119760479041916,0.04341317365269459,0.08982035928143706,-0.0119760479041916,0.0553892215568863,-0.046407185628742464
2025,052220,iMBC,breakout,2025-04-02,2025-04-07,5170.0,-32998.16,-0.12255890825270799,False,KOSDAQ,small,KOSDAQ/small,0.08704061895551263,0.11798839458413934,-0.029013539651837505,-0.11508704061895547,0.1895551257253385,-0.17021276595744683,-0.0831721470019342,0.1895551257253385,-0.17021276595744683,0.06769825918762096,-0.06382978723404253
2025,052220,iMBC,pullback,2025-04-08,2025-04-11,4695.0,-7194.5,-0.03060159494517542,False,KOSDAQ,small,KOSDAQ/small,-0.06389776357827481,0.018104366347177825,-0.06709265175718848,-0.03194888178913735,0.018104366347177825,-0.06709265175718848,-0.060702875399361034,0.018104366347177825,-0.07348242811501593,0.07561235356762519,-0.006389776357827448
2025,310200,애니플러스,pullback,2025-04-14,2025-04-17,3315.0,-4819.994999999995,-0.021040836934643262,False,KOSDAQ,mid,KOSDAQ/mid,-0.02865761689291102,-0.010558069381598756,-0.04675716440422317,-0.03469079939668174,-0.010558069381598756,-0.04675716440422317,0.052790346907994,0.08446455505279027,-0.04675716440422317,0.012066365007541435,-0.06938159879336347
2025,030210,다올투자증권,breakout,2025-04-18,2025-04-23,3650.0,-15285.98999999999,-0.06855196657069186,False,KOSPI,mid,KOSPI/mid,0.07808219178082187,0.07808219178082187,0.016438356164383494,-0.07945205479452055,0.07808219178082187,-0.08356164383561648,-0.05068493150684927,0.07808219178082187,-0.08356164383561648,0.046575342465753344,-0.06164383561643838
2025,014830,유니드,breakout,2025-04-24,2025-04-29,89700.0,-2934.600000000006,-0.016333359492533808,False,KOSPI,mid,KOSPI/mid,-0.018952062430323324,0.0011148272017837968,-0.02341137123745818,-0.0033444816053511683,0.027313266443701245,-0.02341137123745818,-0.01114827201783719,0.027313266443701245,-0.03344481605351168,0.0078037904124861335,-0.021181716833890696
2025,006800,미래에셋증권,breakout,2025-04-30,2025-05-08,10833.0,19207.7365,0.09318003978063182,False,KOSPI,large,KOSPI/large,0.10015692790547392,0.10837256530970185,0.07624849995384464,0.10108003323179182,0.1295116772823779,0.07624849995384464,0.11852672389919694,0.1295116772823779,0.07624849995384464,0.08907966398966116,0.0
2025,003570,SNT다이내믹스,breakout,2025-05-09,2025-05-14,36350.0,-19525.95000000001,-0.08939342018608955,False,KOSPI,large,KOSPI/large,-0.07565337001375516,0.005502063273727709,-0.08665749656121047,-0.08665749656121047,0.005502063273727709,-0.11691884456671253,-0.08665749656121047,0.005502063273727709,-0.11691884456671253,0.017881705639614776,-0.023383768913342484
2025,344860,이노진,breakout,2025-05-15,2025-05-20,2575.0,-31771.199999999983,-0.15399812902006205,False,KOSDAQ,small,KOSDAQ/small,-0.03495145631067964,0.03883495145631066,-0.08155339805825246,-0.15145631067961163,0.03883495145631066,-0.16699029126213594,-0.1922330097087379,0.03883495145631066,-0.1922330097087379,0.05242718446601935,-0.09126213592233012
2025,003570,SNT다이내믹스,breakout,2025-05-21,2025-05-26,39000.0,2327.8000000000175,0.014899445703240123,False,KOSPI,large,KOSPI/large,0.00512820512820511,0.034615384615384714,0.002564102564102555,0.011538461538461497,0.04230769230769238,-0.0038461538461538325,0.050000000000000044,0.07307692307692304,-0.0038461538461538325,0.05384615384615388,-0.0038461538461538325
2025,000850,화천기공,breakout,2025-05-27,2025-05-30,31050.0,283.125,0.001820940087453361,False,KOSPI,small,KOSPI/small,-0.006441223832528209,0.008051529790660261,-0.01449275362318836,0.012882447665056418,0.012882447665056418,-0.01449275362318836,0.01449275362318847,0.02898550724637672,-0.01449275362318836,0.01449275362318847,-0.006441223832528209
2025,014680,한솔케미칼,breakout,2025-06-02,2025-06-09,131800.0,8491.25,0.06432877239527658,False,KOSPI,large,KOSPI/large,-0.006069802731411222,0.020485584218512987,-0.01593323216995446,0.05690440060698032,0.07207890743550838,-0.01593323216995446,0.041729893778452265,0.09559939301972675,-0.01593323216995446,0.03717754172989385,-0.012898330804248848
2025,015860,일진홀딩스,breakout,2025-06-10,2025-06-13,5150.0,-556.1999999999825,-0.0029955067398900704,False,KOSPI,mid,KOSPI/mid,0.023300970873786353,0.023300970873786353,-0.005825242718446644,0.0,0.029126213592232997,-0.005825242718446644,0.003883495145631022,0.029126213592232997,-0.03689320388349515,0.03883495145631066,-0.007766990291262155
2025,025980,아난티,breakout,2025-06-16,2025-06-19,10280.0,-375.38999999998487,-0.002025658011037836,False,KOSDAQ,large,KOSDAQ/large,0.030155642023346196,0.0963035019455254,-0.011673151750972721,0.015564202334630295,0.0963035019455254,-0.011673151750972721,0.04280155642023353,0.0963035019455254,-0.011673151750972721,0.01653696498054469,-0.032101167315175094
2025,319400,현대무벡스,breakout,2025-06-20,2025-06-25,4750.0,14242.020000000019,0.07676485272091872,False,KOSDAQ,large,KOSDAQ/large,0.04421052631578948,0.05894736842105264,-0.00736842105263158,0.07789473684210524,0.09473684210526323,-0.00736842105263158,0.10736842105263156,0.12631578947368416,-0.00736842105263158,0.042105263157894646,-0.0094736842105263
2025,009070,KCTC,breakout,2025-06-26,2025-07-01,5100.0,7970.429999999993,0.0400125302242714,False,KOSPI,mid,KOSPI/mid,0.08823529411764697,0.16862745098039222,-0.08921568627450982,0.03921568627450989,0.16862745098039222,-0.08921568627450982,0.01764705882352935,0.16862745098039222,-0.08921568627450982,0.09019607843137245,-0.06372549019607843
2025,004360,세방,breakout,2025-07-02,2025-07-07,16070.0,-12201.059999999998,-0.06317561616504924,False,KOSPI,mid,KOSPI/mid,-0.03546981953951467,-0.016801493466085837,-0.0497822028624767,-0.06036092097075296,-0.016801493466085837,-0.06658369632856254,-0.05102675793403855,-0.016801493466085837,-0.06658369632856254,0.0037336652146857663,-0.0385812072184194
2025,000080,하이트진로,breakout,2025-07-08,2025-07-11,21800.0,-2520.1999999999825,-0.014429044506634443,False,KOSPI,large,KOSPI/large,-0.006880733944954143,-0.002293577981651418,-0.013761467889908285,-0.013761467889908285,-0.002293577981651418,-0.017201834862385357,-0.006880733944954143,0.002293577981651307,-0.017201834862385357,0.0,-0.025229357798165153
2025,030210,다올투자증권,breakout,2025-07-14,2025-07-17,4160.0,-10908.554999999993,-0.05692002861092972,False,KOSPI,mid,KOSPI/mid,-0.02524038461538458,0.0,-0.044471153846153855,-0.055288461538461564,0.0,-0.06730769230769229,-0.06730769230769229,0.0,-0.07692307692307687,0.0,-0.06610576923076927
2025,009300,삼아제약,pullback,2025-07-18,2025-07-23,18930.0,-3117.195000000007,-0.018269215300134888,False,KOSDAQ,mid,KOSDAQ/mid,-0.00898045430533545,-0.005282620179609121,-0.022715266772319054,-0.015319598520866395,-0.005282620179609121,-0.026413100898045383,-0.022715266772319054,-0.005282620179609121,-0.030110935023771823,0.0010565240359217132,-0.024828314844162702
2025,036460,한국가스공사,pullback,2025-07-24,2025-07-29,45850.0,-4756.125,-0.03452563793350323,False,KOSPI,large,KOSPI/large,-0.013086150490730697,-0.005452562704471142,-0.031624863685932425,-0.02726281352235549,0.0021810250817884125,-0.031624863685932425,-0.043620501635768805,0.0021810250817884125,-0.058887677208287914,0.0032715376226826187,-0.03271537622682663
2025,003570,SNT다이내믹스,pullback,2025-07-30,2025-08-04,55000.0,2800.0500000000175,0.01694458312531214,False,KOSPI,large,KOSPI/large,0.06545454545454543,0.08181818181818179,0.014545454545454639,0.038181818181818095,0.08181818181818179,-0.032727272727272716,0.014545454545454639,0.08181818181818179,-0.032727272727272716,0.027272727272727337,-0.018181818181818188
2025,128540,에코캡,pullback,2025-08-05,2025-08-08,1952.0,-7983.703000000009,-0.044877867624792366,False,KOSDAQ,small,KOSDAQ/small,-0.027663934426229497,-0.006659836065573743,-0.03995901639344257,-0.04200819672131151,0.032274590163934525,-0.04200819672131151,-0.049692622950819665,0.032274590163934525,-0.05481557377049184,0.012807377049180335,-0.026639344262295084
2025,138360,앤로보틱스,breakout,2025-08-11,2025-08-14,1049.0,-35712.778500000015,-0.21114039141478447,False,KOSDAQ,mid,KOSDAQ/mid,-0.11820781696854143,0.008579599618684375,-0.16110581506196375,-0.21258341277407056,0.008579599618684375,-0.2326024785510009,-0.23736892278360344,0.008579599618684375,-0.24213536701620586,0.0,-0.1868446139180172
2025,036620,감성코퍼레이션,pullback,2025-08-18,2025-08-21,6040.0,-9844.449999999997,-0.07397430344549398,False,KOSDAQ,large,KOSDAQ/large,-0.07450331125827814,-0.052980132450331174,-0.08112582781456956,-0.07119205298013243,-0.052980132450331174,-0.10596026490066224,-0.08443708609271527,-0.052980132450331174,-0.10596026490066224,0.021523178807947074,-0.08443708609271527
2025,006220,제주은행,pullback,2025-08-22,2025-08-27,15190.0,-5397.0,-0.04434592351104679,False,KOSPI,mid,KOSPI/mid,-0.0427913100724161,-0.018433179723502335,-0.051349572086899276,-0.040157998683344354,-0.018433179723502335,-0.07044107965766955,-0.05793285055957864,-0.018433179723502335,-0.07044107965766955,0.010533245556286985,-0.024358130348913765
2025,085310,엔케이,pullback,2025-08-28,2025-09-02,13200.0,-1524.645000000004,-0.012814490385633703,False,KOSPI,small,KOSPI/small,0.03712121212121211,0.05075757575757578,0.011363636363636465,-0.0007575757575757347,0.05075757575757578,-0.013636363636363669,-0.025757575757575757,0.05075757575757578,-0.050000000000000044,0.12803030303030294,-0.028787878787878807
2025,124560,태웅로직스,pullback,2025-09-03,2025-09-08,3415.0,-6968.385000000009,-0.05992548512516738,False,KOSDAQ,mid,KOSDAQ/mid,-0.08491947291361635,-0.06734992679355778,-0.09516837481698392,-0.05417276720351394,-0.05417276720351394,-0.09516837481698392,-0.05417276720351394,-0.04831625183016108,-0.09516837481698392,0.040995607613469875,-0.05417276720351394
2025,170920,엘티씨,breakout,2025-09-09,2025-09-12,12990.0,13108.080000000002,0.12594733765402705,False,KOSDAQ,large,KOSDAQ/large,0.02771362586605086,0.03926096997690531,0.007698229407236301,0.12702078521939963,0.12702078521939963,0.007698229407236301,0.10931485758275605,0.16243264049268658,0.007698229407236301,0.02771362586605086,-0.011547344110854452
2025,319400,현대무벡스,breakout,2025-09-15,2025-09-18,9080.0,1852.5649999999878,0.015670876944495045,False,KOSDAQ,large,KOSDAQ/large,0.0033039647577093323,0.018722466960352513,-0.06387665198237891,0.0022026431718060735,0.033039647577092435,-0.06387665198237891,0.012114537444933848,0.033039647577092435,-0.06387665198237891,0.09361233480176212,-0.026431718061673992
2025,170920,엘티씨,breakout,2025-09-19,2025-09-24,19400.0,1508.0099999999948,0.01293600835859608,False,KOSDAQ,large,KOSDAQ/large,0.038659793814433074,0.12371134020618557,0.017525773195876226,0.020618556701030855,0.12371134020618557,-0.004639175257731942,0.02989690721649474,0.12371134020618557,-0.021134020618556737,0.054123711340206215,-0.03865979381443296
2025,064850,에프앤가이드,pullback,2025-09-26,2025-10-01,8610.0,-1200.3600000000006,-0.00994327324344494,False,KOSDAQ,large,KOSDAQ/large,0.0023228803716608404,0.013937282229965264,-0.005807200929152101,-0.008130081300813052,0.013937282229965264,-0.019744483159117254,0.0011614401858304202,0.013937282229965264,-0.030197444831591147,0.011614401858304202,-0.022067363530778206
2025,102460,이연제약,pullback,2025-10-02,2025-10-14,11870.0,-6946.199999999997,-0.058431308387040304,False,KOSPI,mid,KOSPI/mid,-0.032855939342881224,0.011794439764111209,-0.034540859309182825,-0.048862679022746436,0.011794439764111209,-0.05897219882055604,-0.06486941870261165,0.011794439764111209,-0.06739679865206405,0.020219039595619215,0.0
2025,319400,현대무벡스,breakout,2025-10-15,2025-10-20,10780.0,-1234.4199999999983,-0.010394426912506919,False,KOSDAQ,large,KOSDAQ/large,0.04081632653061229,0.14007421150278287,0.02504638218923927,-0.012987012987012991,0.14007421150278287,-0.025974025974025983,0.04638218923933213,0.14007421150278287,-0.03988868274582558,0.23283858998144713,-0.03246753246753242
2025,006800,미래에셋증권,breakout,2025-10-21,2025-10-24,25340.0,-7065.922000000006,-0.0696067382745929,False,KOSPI,large,KOSPI/large,-0.06681136543014998,-0.05307813733228095,-0.0923441199684294,-0.09826361483820045,-0.05307813733228095,-0.1100236779794791,-0.0451854775059195,-0.02947908445146019,-0.1100236779794791,0.0,-0.0628650355169692
2025,015860,일진홀딩스,breakout,2025-10-27,2025-10-30,6590.0,-635.8399999999965,-0.006021317038099873,False,KOSPI,mid,KOSPI/mid,-0.022761760242792084,-0.019726858877086473,-0.05311077389984831,-0.004552352048558417,0.003034901365705611,-0.05311077389984831,0.02427921092564489,0.07738998482549309,-0.05311077389984831,0.007587253414264028,-0.06373292867981795
2025,015860,일진홀딩스,breakout,2025-10-31,2025-11-05,6740.0,7025.440000000002,0.06504931030753575,False,KOSPI,mid,KOSPI/mid,0.06824925816023741,0.08308605341246289,0.017804154302670572,0.07566765578635004,0.10385756676557856,0.017804154302670572,0.03264094955489605,0.10385756676557856,0.0029673590504450953,0.05192878338278928,-0.020771513353115778
2025,309960,LB인베스트먼트,pullback,2025-11-06,2025-11-11,5210.0,9980.630000000005,0.08694539764249981,False,KOSDAQ,mid,KOSDAQ/mid,0.02303262955854124,0.07293666026871404,-0.0019193857965451588,0.09021113243762002,0.12667946257197693,-0.0019193857965451588,0.015355086372360827,0.12667946257197693,-0.0019193857965451588,0.08253358925143961,0.0
2025,015860,일진홀딩스,breakout,2025-11-12,2025-11-17,8090.0,-9650.100000000006,-0.07940376209480592,False,KOSPI,mid,KOSPI/mid,-0.02224969097651419,-0.003708281829419069,-0.056860321384425205,-0.08034610630407912,-0.003708281829419069,-0.10383189122373304,-0.013597033374536438,-0.003708281829419069,-0.10383189122373304,0.0049443757725586845,-0.027194066749072876
2025,220100,퓨쳐켐,breakout,2025-11-18,2025-11-21,25490.0,-3041.770000000004,-0.029788291278265065,False,KOSDAQ,large,KOSDAQ/large,-0.03165947430364846,0.012671635935661119,-0.03958415064731269,0.02216555511965468,0.023734797959984233,-0.04590035307963902,0.015810121616320227,0.0854452726559436,-0.04590035307963902,0.07595135347194981,-0.023734797959984344
2025,064850,에프앤가이드,pullback,2025-11-24,2025-11-27,8700.0,439.52999999999884,0.0038803863170760993,False,KOSDAQ,large,KOSDAQ/large,-0.01379310344827589,-0.0022988505747126853,-0.025287356321839094,0.006896551724137945,0.016091954022988464,-0.025287356321839094,0.0022988505747125743,0.016091954022988464,-0.025287356321839094,0.0011494252873562871,-0.020689655172413834
2025,314130,지놈앤컴퍼니,breakout,2025-11-28,2025-12-03,3790.0,407.77500000000873,0.0035810400494246204,False,KOSDAQ,large,KOSDAQ/large,-0.00923482849604218,0.06464379947229548,-0.01846965699208447,-0.0079155672823219,0.06464379947229548,-0.08970976253298157,0.16358839050131935,0.2137203166226913,-0.08970976253298157,0.10686015831134554,-0.014511873350923521
2025,314130,지놈앤컴퍼니,breakout,2025-12-04,2025-12-09,4430.0,8155.0,0.07352402547420404,False,KOSDAQ,large,KOSDAQ/large,0.1873589164785554,0.2528216704288939,-0.030474040632054167,0.055304740406320496,0.2528216704288939,-0.030474040632054167,0.17155756207674933,0.2528216704288939,-0.030474040632054167,0.02934537246049662,-0.048532731376975224
2025,457190,이수스페셜티케미컬,breakout,2025-12-10,2025-12-15,67500.0,-4396.199999999997,-0.06503134187607473,False,KOSPI,large,KOSPI/large,-0.053333333333333344,-0.002962962962962945,-0.07111111111111112,-0.06814814814814818,-0.002962962962962945,-0.08444444444444443,-0.0696296296296296,-0.002962962962962945,-0.08444444444444443,0.028148148148148255,-0.020740740740740726
2025,105630,한세실업,breakout,2025-12-16,2025-12-19,13760.0,10134.039999999994,0.09192279894112314,False,KOSPI,mid,KOSPI/mid,0.09229651162790709,0.11119186046511631,-0.02034883720930236,0.09011627906976738,0.11845930232558133,-0.02034883720930236,0.08575581395348841,0.11845930232558133,-0.02034883720930236,0.0,-0.02834302325581395
2025,309960,LB인베스트먼트,breakout,2025-12-22,2025-12-26,6830.0,-14747.220000000001,-0.1197749495814843,False,KOSDAQ,mid,KOSDAQ/mid,-0.09956076134699854,-0.03367496339677889,-0.1244509516837482,-0.11566617862371886,-0.03367496339677889,-0.1244509516837482,-0.11420204978038062,-0.03367496339677889,-0.1244509516837482,0.039531478770131745,-0.08638360175695459
2025,126640,화신정공,pullback,2025-12-29,2026-01-05,1313.0,-2743.142000000007,-0.024256836375292416,False,KOSDAQ,large,KOSDAQ/large,-0.01904036557501909,-0.015993907083015957,-0.02970297029702973,-0.021325209444021276,-0.015993907083015957,-0.02970297029702973,-0.02437166793602441,0.016755521706016685,-0.02970297029702973,0.0030464584920031346,-0.022848438690022843
