signal_date,entry_date,ticker,name,setup,score,shares,entry_price,exit_date,exit_price,gross_return,net_return,pnl_krw
2025-01-16,2025-01-17,000490,대동,breakout,12.713185755534168,24,12040.0,2025-01-22,12190.0,0.012458471760797396,0.009425645584778986,2727.7200000000303
2025-01-22,2025-01-23,000500,가온전선,pullback,8.940475004417035,8,37619.0,2025-02-03,32174.0,-0.1447406895451766,-0.1473026245739979,-44397.516
2025-02-07,2025-02-10,000490,대동,pullback,9.325767758938714,21,12210.0,2025-02-13,13610.0,0.11466011466011472,0.11132114277396354,28586.670000000013
2025-02-13,2025-02-14,000490,대동,breakout,13.496774215953991,20,13860.0,2025-02-19,13840.0,-0.0014430014430014682,-0.004434185662343437,-1231.0
2025-02-25,2025-02-26,000250,삼천당제약,pullback,7.391127934376671,1,197000.0,2025-03-04,182200.0,-0.07512690355329954,-0.0778973671472486,-15368.799999999988
2025-03-05,2025-03-06,000250,삼천당제약,pullback,7.53795720272883,1,192900.0,2025-03-11,188900.0,-0.0207361327112493,-0.023669524225843674,-4572.6999999999825
2025-03-11,2025-03-12,000250,삼천당제약,pullback,6.204682238570796,1,194000.0,2025-03-17,191500.0,-0.012886597938144284,-0.015843502787056485,-3078.25
2025-03-17,2025-03-18,000320,노루홀딩스,breakout,10.892535383537416,18,14450.0,2025-03-21,14150.0,-0.02076124567474047,-0.023694561963283456,-6172.200000000012
2025-03-27,2025-03-28,000050,경방,pullback,6.477029824335158,38,6610.0,2025-04-02,6600.0,-0.001512859304084735,-0.00450383426373302,-1132.9700000000012
2025-04-04,2025-04-07,000120,CJ대한통운,pullback,6.272745191267782,2,86600.0,2025-04-10,82300.0,-0.049653579676674386,-0.052500348783983464,-9106.700000000012
2025-04-11,2025-04-14,000050,경방,pullback,5.91031474989674,37,6620.0,2025-04-17,6480.0,-0.02114803625377648,-0.024080193908532888,-5907.049999999988
2025-04-22,2025-04-23,000050,경방,pullback,8.805384419255839,36,6550.0,2025-04-28,6900.0,0.05343511450381677,0.05027954251828359,11873.700000000012
2025-04-28,2025-04-29,000050,경방,breakout,17.0,30,8230.0,2025-05-07,6850.0,-0.16767922235722965,-0.17017244485640926,-42078.600000000006
2025-05-08,2025-05-09,000050,경방,pullback,13.0,25,8190.0,2025-05-14,8400.0,0.02564102564102555,0.022568711036009992,4627.875
2025-05-14,2025-05-15,000590,CS홀딩스,breakout,11.993187322032092,2,75400.0,2025-05-20,74700.0,-0.009283819628647216,-0.012251516624267933,-1850.3000000000175
2025-05-20,2025-05-21,000320,노루홀딩스,pullback,7.440249799128495,13,15250.0,2025-05-26,16090.0,0.055081967213114646,0.05192146206919146,10308.870000000024
2025-05-26,2025-05-27,000320,노루홀딩스,breakout,10.71253130289466,13,16630.0,2025-05-30,19190.0,0.1539386650631389,0.15048203401452254,32581.51000000001
2025-05-30,2025-06-02,000590,CS홀딩스,breakout,12.12751677852349,3,83000.0,2025-06-09,88500.0,0.06626506024096379,0.06307105606650265,15728.25
2025-06-09,2025-06-10,000640,동아쏘시오홀딩스,breakout,11.365663531351132,2,116254.0,2025-06-13,117225.0,0.008352400777607683,0.005331874364893796,1241.5629999999946
2025-06-16,2025-06-17,000210,DL,pullback,7.8422210103584575,5,46150.0,2025-06-20,43600.0,-0.05525460455037923,-0.05808459574992875,-13423.125
2025-06-24,2025-06-25,000020,동화약품,pullback,6.513466786347728,38,6810.0,2025-06-30,6650.0,-0.023494860499265746,-0.026419988226177638,-6847.220000000001
2025-07-01,2025-07-02,000070,삼양홀딩스,pullback,8.870953072254144,4,60657.0,2025-07-07,57721.0,-0.04840331701205136,-0.05125383128959893,-12454.268000000011
2025-07-07,2025-07-08,000230,일동홀딩스,breakout,14.0,25,9230.0,2025-07-11,9360.0,0.014084507042253502,0.011046810066590362,2552.875
2025-07-11,2025-07-14,000370,한화손해보험,breakout,12.316443031400617,31,7590.0,2025-07-17,7680.0,0.011857707509881354,0.008826680927225716,2079.944999999978
2025-07-17,2025-07-18,000020,동화약품,pullback,7.064030978929974,34,7060.0,2025-07-23,6970.0,-0.012747875354107596,-0.015705195747455436,-3775.530000000028
2025-07-23,2025-07-24,000270,기아,breakout,13.129200853655576,2,107200.0,2025-07-29,104300.0,-0.027052238805970186,-0.0299667103821879,-6434.5
2025-07-29,2025-07-30,000020,동화약품,pullback,6.131891099388261,33,6920.0,2025-08-04,6450.0,-0.06791907514450868,-0.07071112983703631,-16171.815000000002
2025-08-07,2025-08-08,000320,노루홀딩스,pullback,5.990971215186934,8,24800.0,2025-08-13,28000.0,0.12903225806451624,0.12565023432593048,24966.399999999994
2025-08-18,2025-08-19,000180,성창기업지주,pullback,6.752325963784168,29,8305.0,2025-08-22,8410.0,0.012642986152920033,0.00960960726279625,2317.897499999992
2025-08-22,2025-08-25,000230,일동홀딩스,pullback,6.700931850309875,27,9040.0,2025-08-28,9100.0,0.006637168141592875,0.0036217797198008217,885.3299999999872
2025-08-28,2025-08-29,000240,한국앤컴퍼니,pullback,5.945345883967032,10,24150.0,2025-09-03,23200.0,-0.039337474120082816,-0.04221514519111602,-10210.25
2025-09-03,2025-09-04,000100,유한양행,pullback,7.22133652490295,2,117700.0,2025-09-09,121200.0,0.029736618521665203,0.02665203554057194,6283.3000000000175
2025-09-10,2025-09-11,000230,일동홀딩스,breakout,15.148325358851674,26,9200.0,2025-09-16,8940.0,-0.02826086956521734,-0.031171720679849746,-7467.459999999992
2025-09-16,2025-09-17,000230,일동홀딩스,pullback,11.393152302243212,24,9500.0,2025-09-22,9820.0,0.03368421052631576,0.030587802506766293,6984.4800000000105
2025-09-22,2025-09-23,000100,유한양행,pullback,7.720100986394197,1,123200.0,2025-09-26,117500.0,-0.04626623376623373,-0.04912314969104792,-6061.050000000003
2025-09-26,2025-09-29,000040,KR모터스,pullback,9.67509025270758,87,2700.0,2025-10-02,2775.0,0.02777777777777768,0.024699062517335113,5810.512500000012
2025-10-02,2025-10-10,000180,성창기업지주,pullback,6.839430261230567,28,8600.0,2025-10-15,8450.0,-0.01744186046511631,-0.020385119994426937,-4916.100000000006
2025-10-24,2025-10-27,000070,삼양홀딩스,breakout,9.034558100510276,3,70066.0,2025-11-24,69800.0,-0.003796420517797494,-0.006780555054439086,-1427.3969999999972
2025-11-27,2025-11-28,000240,한국앤컴퍼니,breakout,10.18732836968408,7,29750.0,2025-12-03,28550.0,-0.04033613445378148,-0.0432108140310542,-9012.149999999994
2025-12-03,2025-12-04,000270,기아,pullback,7.051084050881119,1,119300.0,2025-12-09,124600.0,0.04442581726739303,0.04129723269245322,4934.149999999994
2025-12-11,2025-12-12,000230,일동홀딩스,pullback,10.596914822266934,14,15800.0,2025-12-17,14220.0,-0.09999999999999998,-0.1026959560659012,-22750.420000000013
2025-12-18,2025-12-19,000120,CJ대한통운,pullback,8.5255426168067,2,101300.0,2025-12-24,93900.0,-0.07305034550839096,-0.07582702944595943,-15385.600000000006
2025-12-24,2025-12-26,000440,중앙에너비스,pullback,6.414610168245071,12,15980.0,2026-01-02,15550.0,-0.026908635794743452,-0.0298235375347492,-5727.540000000008
