date,ticker,reason,target_exit_day
2025-10-30,000070,exit_zero_volume,
2025-10-30,000070,zero_volume_mark,
2025-10-31,000070,exit_zero_volume,
2025-10-31,000070,zero_volume_mark,
2025-11-03,000070,exit_zero_volume,
2025-11-03,000070,zero_volume_mark,
2025-11-04,000070,exit_zero_volume,
2025-11-04,000070,zero_volume_mark,
2025-11-05,000070,exit_zero_volume,
2025-11-05,000070,zero_volume_mark,
2025-11-06,000070,exit_zero_volume,
2025-11-06,000070,zero_volume_mark,
2025-11-07,000070,exit_zero_volume,
2025-11-07,000070,zero_volume_mark,
2025-11-10,000070,exit_zero_volume,
2025-11-10,000070,zero_volume_mark,
2025-11-11,000070,exit_zero_volume,
2025-11-11,000070,zero_volume_mark,
2025-11-12,000070,exit_zero_volume,
2025-11-12,000070,zero_volume_mark,
2025-11-13,000070,exit_zero_volume,
2025-11-13,000070,zero_volume_mark,
2025-11-14,000070,exit_zero_volume,
2025-11-14,000070,zero_volume_mark,
2025-11-17,000070,exit_zero_volume,
2025-11-17,000070,zero_volume_mark,
2025-11-18,000070,exit_zero_volume,
2025-11-18,000070,zero_volume_mark,
2025-11-19,000070,exit_zero_volume,
2025-11-19,000070,zero_volume_mark,
2025-11-20,000070,exit_zero_volume,
2025-11-20,000070,zero_volume_mark,
2025-11-21,000070,exit_zero_volume,
2025-11-21,000070,zero_volume_mark,
2025-11-24,000070,delayed_exit_nontradable_or_missing_quote,2025-10-30
