Date,Open,High,Low,Close,Volume,Change
2022-12-26,11500,11900,11200,11900,222193,0.02586206896551735
2022-12-27,11700,12150,11350,11500,159920,-0.03361344537815125
2022-12-28,11500,11500,10700,10950,178098,-0.047826086956521685
2022-12-29,11000,11400,10850,11000,180811,0.004566210045662045
2023-01-02,11000,11000,10500,10600,124659,-0.036363636363636376
2023-01-03,10500,10800,10300,10650,68658,0.004716981132075526
2023-01-04,10600,11050,10350,10950,82050,0.028169014084507005
2023-01-05,10900,10950,10600,10600,60844,-0.03196347031963476
2023-01-06,10500,10600,9900,9990,178102,-0.0575471698113208
2023-01-09,10050,10250,10000,10200,64693,0.021021021021021102
2023-01-10,10300,10300,10000,10200,47871,0.0
2023-01-11,10250,10650,10250,10500,54225,0.02941176470588225
2023-01-12,10600,10700,10350,10500,37743,0.0
2023-01-13,10500,10650,10400,10550,38051,0.004761904761904745
2023-01-16,10550,10650,10350,10450,58800,-0.009478672985781977
2023-01-17,10450,10500,9980,9990,94325,-0.04401913875598085
2023-01-18,9990,10050,9790,9990,48005,0.0
2023-01-19,9950,10200,9930,10200,35652,0.021021021021021102
2023-01-20,10150,10350,10050,10350,31691,0.014705882352941124
2023-01-25,10430,10470,10200,10380,42884,0.0028985507246377384
2023-01-26,10380,10470,10320,10400,33651,0.0019267822736031004
2023-01-27,10400,10730,10400,10500,68552,0.009615384615384581
2023-01-30,10530,10600,10430,10480,25907,-0.0019047619047618536
2023-01-31,10520,10560,10300,10340,33809,-0.013358778625954248
2023-02-01,10390,10540,10330,10520,27766,0.01740812379110257
2023-02-02,10590,10900,10550,10870,56267,0.033269961977186346
2023-02-03,10820,10900,10700,10810,32753,-0.005519779208831621
2023-02-06,10800,10800,10570,10590,27400,-0.020351526364477346
2023-02-07,10560,10720,10500,10620,15571,0.0028328611898016387
2023-02-08,10630,10970,10570,10920,62481,0.02824858757062154
2023-02-09,10920,11020,10760,11010,49814,0.008241758241758212
2023-02-10,10970,11000,10400,10650,73455,-0.032697547683923744
2023-02-13,10600,10790,10290,10700,56099,0.0046948356807512415
2023-02-14,10600,10840,10500,10560,35801,-0.013084112149532756
2023-02-15,10580,10580,10120,10300,64457,-0.024621212121212155
2023-02-16,10290,10490,10260,10360,14117,0.005825242718446644
2023-02-17,10360,10360,10050,10120,39419,-0.02316602316602312
2023-02-20,10120,10300,10050,10260,28599,0.01383399209486158
2023-02-21,10180,10350,10020,10170,36724,-0.00877192982456143
2023-02-22,10110,10110,9820,9880,40247,-0.02851524090462143
2023-02-23,9840,9940,9820,9860,14826,-0.002024291497975672
2023-02-24,9820,9900,9650,9860,35359,0.0
2023-02-27,9830,9870,9360,9460,36991,-0.04056795131845847
2023-02-28,9470,9620,9470,9500,17666,0.0042283298097252064
2023-03-02,9500,9650,9470,9480,13149,-0.002105263157894721
2023-03-03,9590,9840,9510,9650,20583,0.01793248945147674
2023-03-06,9680,9720,9450,9650,22891,0.0
2023-03-07,9530,9640,9480,9550,13355,-0.010362694300518172
2023-03-08,9550,9550,9300,9390,27124,-0.01675392670157072
2023-03-09,9440,9440,9110,9300,41375,-0.009584664536741228
2023-03-10,9120,9190,8910,8970,29836,-0.03548387096774197
2023-03-13,8830,8960,8420,8800,33812,-0.018952062430323324
2023-03-14,8720,8760,8360,8400,38759,-0.045454545454545414
2023-03-15,8420,8540,8380,8490,15288,0.010714285714285676
2023-03-16,8490,8490,8270,8380,11089,-0.012956419316843326
2023-03-17,8370,8720,8370,8650,18863,0.03221957040572798
2023-03-20,8620,8940,8550,8840,25876,0.021965317919075078
2023-03-21,8780,8950,8780,8850,8477,0.0011312217194570096
2023-03-22,8800,8870,8690,8850,30695,0.0
2023-03-23,8850,8880,8660,8800,11774,-0.005649717514124242
2023-03-24,8700,8820,8640,8730,10596,-0.007954545454545436
2023-03-27,8730,8730,8280,8480,35986,-0.02863688430698741
2023-03-28,8480,8770,8380,8670,16433,0.022405660377358583
2023-03-29,8670,8730,8550,8620,7596,-0.005767012687427964
2023-03-30,8630,8830,8550,8730,15441,0.012761020881670637
2023-03-31,8730,8800,8700,8750,19352,0.002290950744558984
2023-04-03,8760,8870,8600,8710,10938,-0.00457142857142856
2023-04-04,8620,8820,8600,8820,23556,0.012629161882893314
2023-04-05,8820,9010,8800,8990,25744,0.01927437641723362
2023-04-06,8910,8910,8670,8760,21310,-0.025583982202447175
2023-04-07,8770,8770,8580,8700,16765,-0.006849315068493178
2023-04-10,8700,8700,8390,8580,40538,-0.01379310344827589
2023-04-11,8490,8640,8400,8570,24808,-0.0011655011655011815
2023-04-12,8480,8640,8450,8630,19041,0.007001166861143604
2023-04-13,8550,8740,8530,8690,14697,0.006952491309385911
2023-04-14,8750,8900,8600,8810,36071,0.013808975834292303
2023-04-17,8730,8840,8720,8800,19061,-0.0011350737797957144
2023-04-18,8710,9080,8710,8980,35622,0.020454545454545503
2023-04-19,8980,9030,8910,8990,14617,0.00111358574610243
2023-04-20,8930,8950,8640,8660,25505,-0.036707452725250334
2023-04-21,8560,8990,8500,8610,19735,-0.005773672055427226
2023-04-24,8630,8630,8400,8610,20625,0.0
2023-04-25,8560,8560,8300,8470,24194,-0.016260162601625994
2023-04-26,8410,8490,8280,8480,8291,0.0011806375442739991
2023-04-27,8410,8480,8280,8480,8339,0.0
2023-04-28,8410,8440,8330,8430,8726,-0.005896226415094352
2023-05-02,8430,8540,8400,8500,7271,0.008303677342823335
2023-05-03,8410,8560,8410,8530,9407,0.003529411764705781
2023-05-04,8480,8540,8450,8540,6663,0.0011723329425556983
2023-05-08,8440,8600,8440,8580,13563,0.004683840749414525
2023-05-09,8500,8960,8500,8910,20901,0.03846153846153855
2023-05-10,8770,9240,8750,8770,20486,-0.015712682379349086
2023-05-11,8770,8850,8770,8840,3428,0.007981755986316896
2023-05-12,8840,8840,8590,8700,13691,-0.015837104072398245
2023-05-15,8700,8700,8410,8530,17498,-0.019540229885057436
2023-05-16,8420,8480,8150,8350,31504,-0.021101992966002348
2023-05-17,8340,8390,8310,8360,5003,0.0011976047904191933
2023-05-18,8440,8450,8300,8410,12777,0.005980861244019087
2023-05-19,8350,8440,8300,8420,24890,0.0011890606420927874
2023-05-22,8440,8480,8380,8470,10218,0.005938242280284944
2023-05-23,8470,8530,8420,8490,11024,0.0023612750885477762
2023-05-24,8490,8530,8430,8530,8519,0.004711425206124886
2023-05-25,8450,8570,8340,8450,15182,-0.009378663540445475
2023-05-26,8430,8440,8290,8440,14452,-0.0011834319526626835
2023-05-30,8430,8480,8290,8400,10826,-0.004739336492891044
2023-05-31,8350,8530,8340,8400,4500,0.0
2023-06-01,8400,8400,8330,8370,9219,-0.0035714285714285587
2023-06-02,8440,8440,8330,8400,11602,0.0035842293906809264
2023-06-05,8340,8490,8340,8400,8108,0.0
2023-06-07,8380,8400,8350,8370,7665,-0.0035714285714285587
2023-06-08,8390,8410,8340,8390,5837,0.002389486260454099
2023-06-09,8380,8480,8340,8470,22806,0.009535160905840279
2023-06-12,8540,8550,8440,8490,16222,0.0023612750885477762
2023-06-13,8490,8540,8440,8520,9756,0.0035335689045936647
2023-06-14,8530,8530,8330,8420,12317,-0.011737089201877882
2023-06-15,8420,8440,8330,8370,16014,-0.005938242280285055
2023-06-16,8370,8450,8350,8450,7545,0.009557945041815952
2023-06-19,8450,8460,8340,8420,9283,-0.0035502958579881616
2023-06-20,8420,8420,8310,8380,8861,-0.004750593824228044
2023-06-21,8380,8380,8210,8350,14317,-0.0035799522673031214
2023-06-22,8320,8390,8220,8390,6783,0.004790419161676551
2023-06-23,8370,8390,8250,8390,11980,0.0
2023-06-26,8300,8450,8290,8390,10057,0.0
2023-06-27,8390,8420,8290,8390,15364,0.0
2023-06-28,8390,8480,8310,8430,12913,0.004767580452920139
2023-06-29,8390,8440,8290,8400,12918,-0.003558718861209953
2023-06-30,8340,8430,8290,8430,9077,0.0035714285714285587
2023-07-03,8350,8440,8350,8420,9409,-0.0011862396204033177
2023-07-04,8420,8420,8270,8300,19090,-0.014251781472684133
2023-07-05,8280,8340,8190,8270,16682,-0.0036144578313253017
2023-07-06,8170,8280,7530,8250,59436,-0.00241837968561065
2023-07-07,8010,8070,7850,8060,42342,-0.023030303030303068
2023-07-10,7850,8010,7840,7990,21128,-0.008684863523573227
2023-07-11,7850,7990,7790,7990,16779,0.0
2023-07-12,7930,8030,7860,8000,11040,0.0012515644555695093
2023-07-13,7820,8010,7820,8000,21983,0.0
2023-07-14,7930,8030,7930,8000,13719,0.0
2023-07-17,7960,7990,7720,7930,34618,-0.008750000000000036
2023-07-18,7840,7880,7740,7850,26154,-0.010088272383354302
2023-07-19,7780,7820,7630,7630,17553,-0.028025477707006363
2023-07-20,7610,7700,7550,7700,9054,0.00917431192660545
2023-07-21,7690,7730,7570,7690,24178,-0.0012987012987012436
2023-07-24,7590,7590,7180,7300,37742,-0.05071521456436934
2023-07-25,7150,7230,6800,6800,46867,-0.06849315068493156
2023-07-26,6840,6840,5480,6570,195636,-0.0338235294117647
2023-07-27,5950,6500,5870,6380,75062,-0.028919330289193357
2023-07-28,6210,6540,6210,6440,25283,0.00940438871473348
2023-07-31,6500,6500,6360,6360,14925,-0.012422360248447228
2023-08-01,6420,6420,6280,6350,14991,-0.0015723270440252124
2023-08-02,6400,6740,6140,6480,28582,0.020472440944881987
2023-08-03,6460,6620,6370,6590,11421,0.016975308641975273
2023-08-04,6620,6750,6550,6740,14857,0.022761760242792084
2023-08-07,6740,6790,6630,6740,8248,0.0
2023-08-08,6720,6740,6560,6700,9759,-0.005934718100890191
2023-08-09,6670,6750,6560,6690,10429,-0.0014925373134327957
2023-08-10,6790,7100,6690,7020,43715,0.049327354260089606
2023-08-11,7020,7140,6990,7070,28563,0.007122507122507171
2023-08-14,7080,7290,7070,7220,16550,0.021216407355021172
2023-08-16,7220,7230,6970,7220,14575,0.0
2023-08-17,7100,7230,6890,7220,13335,0.0
2023-08-18,7210,7210,7030,7200,5771,-0.0027700831024930483
2023-08-21,7190,7190,6940,7150,17842,-0.00694444444444442
2023-08-22,7040,7080,6900,7080,23991,-0.009790209790209836
2023-08-23,6920,7090,6910,7090,13313,0.0014124293785311437
2023-08-24,6990,7030,6920,6940,5201,-0.021156558533145242
2023-08-25,6960,6980,6850,6920,4208,-0.0028818443804035088
2023-08-28,6920,7110,6920,7080,9497,0.023121387283236983
2023-08-29,7040,7130,7040,7080,3310,0.0
2023-08-30,7080,7130,7040,7130,4525,0.007062146892655274
2023-08-31,7120,7140,7060,7110,3823,-0.0028050490883591017
2023-09-01,7090,7090,6980,7050,6232,-0.008438818565400852
2023-09-04,6980,7100,6960,7100,7149,0.007092198581560183
2023-09-05,7100,7100,6950,7080,16573,-0.0028169014084507005
2023-09-06,6950,6950,6880,6880,16866,-0.02824858757062143
2023-09-07,6880,6940,6780,6900,6740,0.0029069767441860517
2023-09-08,6800,6910,6680,6910,32754,0.0014492753623187582
2023-09-11,6760,6770,6660,6700,17748,-0.03039073806078152
2023-09-12,6730,6760,6660,6720,8773,0.0029850746268655914
2023-09-13,6650,6720,6590,6600,7364,-0.017857142857142905
2023-09-14,6640,6640,6560,6600,4207,0.0
2023-09-15,6600,6740,6570,6740,7537,0.021212121212121238
2023-09-18,6750,6850,6730,6810,4191,0.010385756676557945
2023-09-19,6800,6800,6700,6800,6232,-0.001468428781204123
2023-09-20,6660,6770,6610,6770,12455,-0.004411764705882337
2023-09-21,6680,6680,6540,6540,5938,-0.033973412112260015
2023-09-22,6560,6560,6400,6470,14000,-0.010703363914373099
2023-09-25,6280,6350,6150,6350,33964,-0.018547140649149974
2023-09-26,6150,6320,6040,6320,33526,-0.0047244094488189115
2023-09-27,6140,6300,6120,6300,57033,-0.0031645569620253333
2023-10-04,6190,6230,5850,6150,144461,-0.023809523809523836
2023-10-05,6000,6090,5900,6060,30522,-0.014634146341463428
2023-10-06,5900,6050,5900,6020,24641,-0.0066006600660065695
2023-10-10,6000,6010,5790,5790,13153,-0.038205980066445155
2023-10-11,5760,5850,5740,5780,10036,-0.0017271157167529916
2023-10-12,5800,5910,5800,5860,6386,0.01384083044982698
2023-10-13,5860,7450,5830,6440,791938,0.09897610921501698
2023-10-16,6400,6640,6180,6350,84944,-0.013975155279503104
2023-10-17,6290,6340,6170,6340,34733,-0.0015748031496063408
2023-10-18,6330,6330,5930,5930,70109,-0.06466876971608837
2023-10-19,5870,5890,5750,5890,21560,-0.006745362563237767
2023-10-20,5760,5820,5650,5780,11956,-0.018675721561969394
2023-10-23,5730,5730,5570,5730,22635,-0.00865051903114189
2023-10-24,5650,5750,5480,5750,28091,0.003490401396160525
2023-10-25,5800,6050,5750,5850,12298,0.017391304347825987
2023-10-26,5690,5830,5590,5830,12335,-0.0034188034188034067
2023-10-27,5800,5960,5750,5890,10886,0.010291595197255532
2023-10-30,5880,6050,5660,6050,9782,0.02716468590831922
2023-10-31,6050,6140,5940,6120,11281,0.011570247933884392
2023-11-01,6020,6180,6000,6170,10550,0.008169934640522847
2023-11-02,6180,6310,6130,6190,7301,0.0032414910858995505
2023-11-03,6190,6340,6190,6270,10080,0.01292407108239102
2023-11-06,6270,6340,6130,6320,13153,0.00797448165869219
2023-11-07,6230,6310,6210,6290,5827,-0.004746835443038
2023-11-08,6270,6320,6140,6300,14689,0.0015898251192367763
2023-11-09,6290,6300,6200,6270,6762,-0.004761904761904745
2023-11-10,6230,6280,6120,6280,8686,0.0015948963317384823
2023-11-13,6210,6290,6160,6270,9945,-0.0015923566878981443
2023-11-14,6230,6280,6230,6270,6690,0.0
2023-11-15,6260,6300,6220,6250,13009,-0.0031897926634768536
2023-11-16,6250,6350,6250,6300,6720,0.008000000000000007
2023-11-17,6310,6340,6250,6300,10955,0.0
2023-11-20,6240,7710,6230,6850,1268010,0.08730158730158721
2023-11-21,6820,6840,6710,6720,83283,-0.01897810218978102
2023-11-22,6670,6720,6600,6660,30919,-0.008928571428571397
2023-11-23,6600,6760,6600,6760,23347,0.01501501501501501
2023-11-24,6710,6840,6670,6840,24061,0.01183431952662728
2023-11-27,6890,6920,6780,6870,29310,0.004385964912280604
2023-11-28,6870,7000,6730,6870,28398,0.0
2023-11-29,6870,6870,6700,6770,18714,-0.01455604075691408
2023-11-30,6760,6960,6760,6950,21347,0.026587887740029625
2023-12-01,6900,6950,6810,6900,17516,-0.007194244604316502
2023-12-04,6890,7000,6780,6940,15084,0.005797101449275255
2023-12-05,6950,6990,6800,6930,16011,-0.0014409221902017544
2023-12-06,6930,7140,6850,7130,20067,0.02886002886002892
2023-12-07,7130,7180,7060,7100,14179,-0.0042075736325385416
2023-12-08,7020,7150,7020,7150,12346,0.007042253521126751
2023-12-11,7150,7180,7090,7170,12924,0.002797202797202747
2023-12-12,7100,7190,7100,7170,13314,0.0
2023-12-13,7060,7180,7060,7140,9425,-0.004184100418409997
2023-12-14,7140,7230,7090,7230,11684,0.012605042016806678
2023-12-15,7170,7230,7170,7230,12953,0.0
2023-12-18,7130,7220,7080,7220,15698,-0.0013831258644536604
2023-12-19,7160,7200,7120,7140,6122,-0.011080332409972304
2023-12-20,7080,7230,7080,7220,12722,0.011204481792717047
2023-12-21,7130,7200,7130,7190,7616,-0.0041551246537395725
2023-12-22,7190,7190,7130,7130,10450,-0.008344923504867818
2023-12-26,7100,7130,7050,7090,8851,-0.005610098176718092
2023-12-27,6960,7050,6830,7010,19607,-0.01128349788434413
2023-12-28,6910,7100,6880,7100,7208,0.012838801711840153
2024-01-02,7110,7120,7020,7050,7311,-0.007042253521126751
2024-01-03,6980,7180,6960,7110,12769,0.008510638297872353
2024-01-04,7070,7200,7070,7170,4304,0.00843881856540074
2024-01-05,7350,7350,7090,7200,19550,0.004184100418409997
2024-01-08,7130,7180,7110,7110,9533,-0.012499999999999956
2024-01-09,7110,7170,7030,7120,12260,0.0014064697609001975
2024-01-10,7120,7130,7000,7130,12553,0.001404494382022392
2024-01-11,7050,7140,7000,7100,15418,-0.0042075736325385416
2024-01-12,7040,7070,6980,7060,19166,-0.005633802816901401
2024-01-15,6970,7240,6930,7230,24043,0.024079320113314484
2024-01-16,7120,7210,7050,7210,16243,-0.0027662517289073207
2024-01-17,7090,7110,6880,6910,27091,-0.04160887656033285
2024-01-18,6770,6910,6770,6900,18045,-0.0014471780028944004
2024-01-19,6890,7020,6870,6960,6487,0.008695652173912993
2024-01-22,6950,8490,6890,7160,1410242,0.028735632183908066
2024-01-23,7170,7300,7060,7110,72527,-0.006983240223463638
2024-01-24,7130,7170,7010,7140,46705,0.00421940928270037
2024-01-25,7190,7190,7040,7130,35016,-0.0014005602240896309
2024-01-26,7080,7230,7080,7120,21571,-0.0014025245441795509
2024-01-29,7120,7190,7020,7130,21868,0.001404494382022392
2024-01-30,7130,7180,7110,7150,12055,0.0028050490883591017
2024-01-31,7100,7140,7040,7110,18085,-0.005594405594405605
2024-02-01,7110,7110,7020,7100,36013,-0.0014064697609000865
2024-02-02,7080,7100,7010,7100,14958,0.0
2024-02-05,7110,7130,7040,7090,22158,-0.0014084507042253502
2024-02-06,7050,7090,6980,7080,21745,-0.0014104372355430161
2024-02-07,6990,7080,6990,7070,5872,-0.0014124293785310327
2024-02-08,7040,7130,7030,7120,19560,0.007072135785006983
2024-02-13,7140,7320,7120,7190,18090,0.00983146067415741
2024-02-14,7170,7270,7170,7240,15675,0.006954102920723182
2024-02-15,7240,7310,7240,7300,12408,0.008287292817679592
2024-02-16,7250,7330,7220,7330,13042,0.004109589041095818
2024-02-19,7330,7460,7280,7440,17620,0.01500682128240105
2024-02-20,7530,7530,7380,7530,29317,0.012096774193548487
2024-02-21,7470,8440,7450,8020,332302,0.06507304116865864
2024-02-22,8130,8140,7630,7700,80613,-0.03990024937655856
2024-02-23,7830,8380,7720,7900,124357,0.025974025974025983
2024-02-26,7900,8050,7810,7980,50117,0.010126582278481067
2024-02-27,7920,8050,7650,7940,34662,-0.005012531328320802
2024-02-28,7880,7970,7760,7970,34311,0.0037783375314861534
2024-02-29,7850,7900,7710,7900,39580,-0.008782936010037656
2024-03-04,7780,7890,7740,7800,16720,-0.012658227848101222
2024-03-05,7780,7860,7700,7780,18542,-0.002564102564102555
2024-03-06,7780,7780,7610,7780,44907,0.0
2024-03-07,7780,8650,7610,8290,201775,0.06555269922879181
2024-03-08,8380,9110,8100,8630,439225,0.04101326899879365
2024-03-11,8400,8920,8330,8500,71147,-0.015063731170335992
2024-03-12,8480,8680,8410,8620,28932,0.014117647058823568
2024-03-13,8620,8950,8470,8730,26754,0.012761020881670637
2024-03-14,8680,8760,8450,8620,51342,-0.012600229095074411
2024-03-15,8510,8650,8410,8620,29395,0.0
2024-03-18,8510,8660,8360,8640,43964,0.002320185614849146
2024-03-19,8550,8670,8490,8640,27123,0.0
2024-03-20,8570,8770,8550,8600,27304,-0.00462962962962965
2024-03-21,8640,8680,8580,8660,16232,0.006976744186046435
2024-03-22,8660,8720,8590,8690,15236,0.0034642032332563577
2024-03-25,8690,8890,8690,8770,29630,0.009205983889528202
2024-03-26,8730,8790,8640,8770,18290,0.0
2024-03-27,8700,8840,8660,8810,21488,0.004561003420752607
2024-03-28,8780,9010,8740,8980,34800,0.0192962542565267
2024-03-29,8980,9060,8830,8990,40102,0.00111358574610243
2024-04-01,8940,9030,8820,8930,30480,-0.006674082313681828
2024-04-02,8830,8920,8630,8910,39681,-0.002239641657334812
2024-04-03,8770,9160,8740,9000,35182,0.010101010101010166
2024-04-04,9020,9510,9010,9420,69131,0.046666666666666634
2024-04-05,9290,9800,9290,9660,48354,0.02547770700636942
2024-04-08,9690,9840,9560,9750,39064,0.009316770186335477
2024-04-09,9730,9800,9040,9450,91693,-0.03076923076923077
2024-04-11,9110,9140,8690,8970,56888,-0.050793650793650835
2024-04-12,8850,8910,8410,8600,65558,-0.04124860646599782
2024-04-15,8380,8600,8040,8570,38315,-0.0034883720930232176
2024-04-16,8410,8440,8070,8430,35013,-0.016336056009334854
2024-04-17,8430,8530,8320,8520,10307,0.01067615658362997
2024-04-18,8550,9100,8450,8880,36188,0.04225352112676051
2024-04-19,8880,9000,8750,8910,17027,0.0033783783783782884
2024-04-22,8890,9230,8800,8880,20472,-0.0033670033670033517
2024-04-23,8780,9050,8780,8900,19400,0.0022522522522523403
2024-04-24,8950,8950,8760,8870,21559,-0.003370786516853963
2024-04-25,8790,8820,8600,8810,47824,-0.006764374295377684
2024-04-26,8750,8810,8460,8480,50196,-0.03745743473325769
2024-04-29,8380,8650,8300,8570,23687,0.010613207547169878
2024-04-30,8460,8680,8460,8560,25353,-0.001166861143523934
2024-05-02,8470,8640,8470,8580,11787,0.002336448598130758
2024-05-03,8530,8740,8530,8720,20739,0.01631701631701632
2024-05-07,8730,8770,8510,8660,30263,-0.006880733944954143
2024-05-08,8550,8640,8500,8590,26729,-0.008083140877598205
2024-05-09,8570,8750,8500,8750,16630,0.0186263096623982
2024-05-10,8980,8980,8720,8910,17779,0.01828571428571424
2024-05-13,8850,9000,8740,8840,19548,-0.007856341189674487
2024-05-14,8730,11390,8700,10370,2638644,0.17307692307692313
2024-05-16,10630,11680,10460,11090,1688630,0.06943105110896819
2024-05-17,11330,11340,10850,11100,224559,0.0009017132551849549
2024-05-20,10930,11380,10800,11270,211219,0.015315315315315381
2024-05-21,11270,11450,10980,11290,122157,0.0017746228926354135
2024-05-22,11240,11640,10630,11200,179578,-0.00797165633303809
2024-05-23,11020,11280,10720,10980,91128,-0.019642857142857184
2024-05-24,10920,11040,10690,10910,82214,-0.006375227686703067
2024-05-27,10750,10780,9980,10260,190548,-0.05957836846929421
2024-05-28,10160,10300,9790,10060,177311,-0.01949317738791423
2024-05-29,9970,10100,9910,10040,62764,-0.001988071570576566
2024-05-30,9960,9960,9510,9590,99319,-0.044820717131474064
2024-05-31,9440,9670,9400,9610,42495,0.002085505735140769
2024-06-03,9560,9800,9560,9680,26502,0.007284079084287187
2024-06-04,9680,10580,9530,9830,196950,0.015495867768595017
2024-06-05,9820,9890,9690,9690,43753,-0.014242115971515812
2024-06-07,9560,9760,9480,9590,47727,-0.01031991744066052
2024-06-10,9550,9550,9370,9390,28858,-0.02085505735140769
2024-06-11,9480,9740,9360,9560,60529,0.018104366347177825
2024-06-12,9470,9850,9400,9780,31632,0.023012552301255207
2024-06-13,9780,9810,9600,9700,28334,-0.008179959100204526
2024-06-14,9620,10700,9610,9900,290798,0.020618556701030855
2024-06-17,9910,10360,9830,10350,46239,0.045454545454545414
2024-06-18,10250,10450,10060,10200,46158,-0.01449275362318836
2024-06-19,10070,10180,9720,9860,58475,-0.033333333333333326
2024-06-20,9770,10150,9730,10030,40178,0.01724137931034475
2024-06-21,10030,10180,9780,9970,26463,-0.005982053838484491
2024-06-24,10010,10560,10010,10200,91902,0.02306920762286868
2024-06-25,10250,10820,10050,10780,87025,0.056862745098039236
2024-06-26,10790,10870,10330,10660,64807,-0.011131725417439675
2024-06-27,10620,11080,10400,10940,110459,0.026266416510319024
2024-06-28,10910,10930,10730,10900,31819,-0.003656307129798919
2024-07-01,10750,10870,10150,10390,60436,-0.046788990825688104
2024-07-02,10350,10350,9970,10040,32694,-0.03368623676612126
2024-07-03,10000,10200,9600,9670,48550,-0.03685258964143423
2024-07-04,9670,9800,9620,9720,15712,0.005170630816959676
2024-07-05,9600,9890,9600,9720,21941,0.0
2024-07-08,9620,10280,9600,10210,33768,0.05041152263374493
2024-07-09,10100,10210,9970,10030,19123,-0.01762977473065619
2024-07-10,9930,9930,9660,9700,22197,-0.032901296111665035
2024-07-11,9700,9820,9600,9770,16705,0.007216494845360799
2024-07-12,9710,10310,9600,10150,72184,0.038894575230296935
2024-07-15,10150,10200,10020,10100,14035,-0.0049261083743842304
2024-07-16,10100,10100,9810,9960,20288,-0.013861386138613874
2024-07-17,9940,10350,9920,10350,36465,0.03915662650602414
2024-07-18,10220,10420,9800,9920,30347,-0.04154589371980677
2024-07-19,9880,9990,9680,9860,17474,-0.006048387096774244
2024-07-22,9760,9820,9320,9490,39379,-0.03752535496957399
2024-07-23,9380,9690,9140,9650,23507,0.01685985247629085
2024-07-24,9600,9620,9530,9610,5347,-0.004145077720207224
2024-07-25,9560,9560,9150,9360,24862,-0.026014568158168605
2024-07-26,9200,9310,8930,9040,46123,-0.03418803418803418
2024-07-29,8710,8980,8600,8950,52474,-0.009955752212389424
2024-07-30,8770,8790,8600,8600,54621,-0.03910614525139666
2024-07-31,8330,8480,8280,8280,38478,-0.037209302325581395
2024-08-01,8240,8610,8240,8520,23658,0.02898550724637672
2024-08-02,8510,8510,8020,8100,43108,-0.04929577464788737
2024-08-05,7960,7960,7000,7560,60629,-0.06666666666666665
2024-08-06,7470,7690,7300,7490,37876,-0.0092592592592593
2024-08-07,7490,7670,7360,7360,42145,-0.01735647530040052
2024-08-08,7320,7480,7140,7320,22897,-0.005434782608695676
2024-08-09,7390,7490,7180,7360,19792,0.005464480874316946
2024-08-12,7360,7610,7350,7610,12445,0.033967391304347894
2024-08-13,7610,7720,7400,7480,15019,-0.01708278580814715
2024-08-14,7600,9720,7600,9720,661442,0.2994652406417113
2024-08-16,10050,11050,9240,9300,1014916,-0.043209876543209846
2024-08-19,9390,9720,8870,9150,227739,-0.016129032258064502
2024-08-20,9080,9430,9080,9350,107758,0.021857923497267784
2024-08-21,9320,10950,9040,9740,928678,0.0417112299465241
2024-08-22,9830,12660,9820,11590,4773524,0.18993839835728954
2024-08-23,11530,12390,11420,11740,1005395,0.012942191544434767
2024-08-26,11750,12030,11080,11320,375769,-0.035775127768313486
2024-08-27,11210,11380,10880,11040,200030,-0.02473498233215543
2024-08-28,11030,11220,10560,10900,233994,-0.0126811594202898
2024-08-29,10700,10770,10350,10500,167257,-0.03669724770642202
2024-08-30,10470,10680,10430,10460,98931,-0.003809523809523818
2024-09-02,10320,10600,10110,10580,103452,0.011472275334607929
2024-09-03,10480,11150,10450,10870,187448,0.027410207939508435
2024-09-04,10350,10590,10030,10070,138833,-0.07359705611775524
2024-09-05,10100,11180,10100,10860,273301,0.0784508440913605
2024-09-06,10840,10850,10220,10610,107855,-0.023020257826887658
2024-09-09,10510,11270,10410,11010,166935,0.03770028275212067
2024-09-10,10920,11270,10550,10610,120606,-0.03633060853769299
2024-09-11,10510,10750,9910,10030,161985,-0.0546654099905749
2024-09-12,10120,10970,10120,10880,114751,0.0847457627118644
2024-09-13,10880,11080,10620,10960,64308,0.007352941176470562
2024-09-19,10860,11060,10590,10930,64852,-0.0027372262773722733
2024-09-20,11110,11430,10790,10860,119440,-0.006404391582799596
2024-09-23,10890,10890,10460,10620,42477,-0.02209944751381221
2024-09-24,10530,10670,10190,10330,52637,-0.02730696798493404
2024-09-25,10220,10530,10180,10180,55006,-0.014520813165537216
2024-09-26,10080,10370,10080,10370,37461,0.01866404715127712
2024-09-27,10370,10430,10050,10140,41591,-0.022179363548698205
2024-09-30,10120,10130,9830,9990,40674,-0.014792899408283988
2024-10-02,9840,9880,9390,9420,87111,-0.0570570570570571
2024-10-04,9280,9500,9280,9400,26018,-0.002123142250530785
2024-10-07,9310,9680,9190,9590,40045,0.0202127659574467
2024-10-08,9500,10040,9470,9660,45483,0.007299270072992803
2024-10-10,9600,9800,9500,9630,18702,-0.0031055900621117516
2024-10-11,9510,9660,9450,9550,29983,-0.00830737279335414
2024-10-14,9450,9730,9390,9700,20223,0.015706806282722585
2024-10-15,9650,9770,9560,9670,17404,-0.003092783505154628
2024-10-16,9630,9660,8880,9100,101278,-0.058945191313340195
2024-10-17,8980,9160,8870,9030,67996,-0.007692307692307665
2024-10-18,8890,8970,8520,8680,69288,-0.03875968992248058
2024-10-21,8570,8810,8570,8760,30421,0.009216589861751112
2024-10-22,8760,8770,8520,8720,31327,-0.004566210045662156
2024-10-23,8640,9200,8560,9080,45530,0.041284403669724856
2024-10-24,8880,9050,8810,8960,27256,-0.013215859030836996
2024-10-25,8960,9050,8500,8500,39710,-0.0513392857142857
2024-10-28,8470,8690,8450,8690,8643,0.022352941176470686
2024-10-29,8640,8750,8460,8750,12222,0.0069044879171460405
2024-10-30,8750,8880,8590,8750,13295,0.0
2024-10-31,8730,8840,8580,8770,11293,0.0022857142857142243
2024-11-01,8770,8770,8580,8770,14664,0.0
2024-11-04,8710,8880,8600,8880,16966,0.012542759407069504
2024-11-05,8810,9460,8810,9270,44694,0.04391891891891886
2024-11-06,9250,9280,8990,9200,16251,-0.007551240560949246
2024-11-07,9100,9430,8870,9390,44390,0.020652173913043415
2024-11-08,9390,9490,9180,9260,17588,-0.013844515441959526
2024-11-11,9260,9260,9000,9110,18261,-0.016198704103671746
2024-11-12,8940,8950,8280,8360,53608,-0.08232711306256857
2024-11-13,8360,8500,8100,8330,28075,-0.0035885167464114742
2024-11-14,8230,8460,8200,8280,29563,-0.00600240096038418
2024-11-15,6300,7180,6300,6480,459357,-0.21739130434782605
2024-11-18,6430,6590,5980,6100,178078,-0.058641975308642014
2024-11-19,6120,6120,5930,6030,48469,-0.011475409836065542
2024-11-20,6060,6130,5970,5970,41959,-0.00995024875621886
2024-11-21,5970,6020,5830,5930,34863,-0.00670016750418756
2024-11-22,5960,6200,5930,6120,28692,0.03204047217537953
2024-11-25,6120,6230,6080,6230,22775,0.017973856209150263
2024-11-26,6240,6270,6050,6100,28889,-0.020866773675762396
2024-11-27,6090,6190,6010,6110,16590,0.0016393442622950616
2024-11-28,6110,6160,6030,6060,14005,-0.008183306055646433
2024-11-29,6160,6160,5870,5870,30675,-0.031353135313531344
2024-12-02,5870,5960,5750,5810,26079,-0.010221465076660996
2024-12-03,5700,5880,5700,5840,29047,0.005163511187607606
2024-12-04,5610,5790,5610,5700,35897,-0.023972602739726012
2024-12-05,5700,5730,5560,5620,28832,-0.01403508771929829
2024-12-06,5640,5810,5620,5760,31765,0.02491103202846978
2024-12-09,5760,5760,5420,5420,34486,-0.05902777777777779
2024-12-10,5420,5800,5420,5730,14206,0.05719557195571956
2024-12-11,5660,6140,5660,5990,19594,0.04537521815008727
2024-12-12,5980,6250,5810,6060,28976,0.011686143572620988
2024-12-13,6050,6230,5940,6100,11774,0.0066006600660066805
2024-12-16,6160,6230,6010,6160,21727,0.009836065573770592
2024-12-17,6230,6230,6050,6100,6748,-0.009740259740259716
2024-12-18,6100,6150,6020,6150,7337,0.008196721311475308
2024-12-19,6130,6130,6010,6130,5042,-0.003252032520325243
2024-12-20,6070,6150,5890,5950,16422,-0.029363784665579096
2024-12-23,6000,6000,5890,5950,21876,0.0
2024-12-24,5910,6040,5900,5910,12804,-0.006722689075630228
2024-12-26,5910,5910,5710,5740,30057,-0.02876480541455162
2024-12-27,5740,5740,5490,5510,26547,-0.04006968641114983
2024-12-30,5510,5680,5510,5520,6293,0.001814882032667775
2025-01-02,5520,5650,5510,5650,6886,0.023550724637681153
2025-01-03,5600,5820,5550,5750,10022,0.017699115044247815
2025-01-06,5720,5830,5720,5800,18242,0.008695652173912993
2025-01-07,5800,5890,5720,5770,12063,-0.005172413793103403
2025-01-08,5720,5770,5690,5770,11489,0.0
2025-01-09,5730,5750,5530,5530,84962,-0.04159445407279028
2025-01-10,5630,5630,5360,5410,97492,-0.02169981916817365
2025-01-13,5410,5410,5290,5410,24128,0.0
2025-01-14,5410,5450,5390,5450,6354,0.007393715341959428
2025-01-15,5420,5650,5400,5560,29866,0.020183486238532167
2025-01-16,5570,5700,5550,5700,28053,0.02517985611510798
2025-01-17,5640,5700,5550,5700,9010,0.0
2025-01-20,5700,5700,5580,5670,13036,-0.0052631578947368585
2025-01-21,5670,5670,5600,5620,6849,-0.00881834215167554
2025-01-22,5620,5620,5400,5500,20560,-0.02135231316725983
2025-01-23,5500,5530,5430,5450,14693,-0.009090909090909038
2025-01-24,5450,5540,5410,5500,11131,0.00917431192660545
2025-01-31,5500,5580,5430,5580,12813,0.014545454545454639
2025-02-03,5510,5510,5400,5430,15773,-0.026881720430107503
2025-02-04,5410,5700,5380,5500,10728,0.012891344383057168
2025-02-05,5560,5790,5540,5700,28747,0.036363636363636376
2025-02-06,5690,5750,5650,5700,9956,0.0
2025-02-07,5660,5750,5660,5670,19066,-0.0052631578947368585
2025-02-10,5740,5740,5500,5660,8643,-0.0017636684303351524
2025-02-11,5640,5730,5600,5690,10822,0.005300353356890497
2025-02-12,5690,5810,5660,5770,15050,0.014059753954305698
2025-02-13,5770,6040,5760,6010,45807,0.04159445407279039
2025-02-14,5950,6450,5950,6350,87528,0.056572379367720416
2025-02-17,6350,6460,6150,6430,49008,0.012598425196850505
2025-02-18,6400,6430,6170,6420,34098,-0.0015552099533436836
2025-02-19,6380,6520,6320,6390,20122,-0.004672897196261627
2025-02-20,6350,6350,6200,6200,20942,-0.029733959311424085
2025-02-21,6390,6390,6180,6250,8955,0.008064516129032251
2025-02-24,6090,6180,5940,6000,22791,-0.040000000000000036
2025-02-25,6040,6040,5880,5900,38689,-0.01666666666666672
2025-02-26,5900,6000,5780,5940,8708,0.006779661016949046
2025-02-27,6040,6040,5930,5980,9464,0.006734006734006703
2025-02-28,5980,5980,5780,5830,24869,-0.025083612040133763
2025-03-04,5900,5900,5660,5670,15832,-0.027444253859348233
2025-03-05,5700,5850,5680,5850,5754,0.031746031746031855
2025-03-06,5850,5980,5440,5820,16416,-0.00512820512820511
2025-03-07,5900,6000,5630,5630,11337,-0.03264604810996563
2025-03-10,5500,5660,5470,5550,11051,-0.014209591474245165
2025-03-11,5440,5660,5420,5480,22402,-0.012612612612612595
2025-03-12,5550,5660,5500,5590,7306,0.02007299270072993
2025-03-13,5540,5620,5540,5570,6460,-0.003577817531305927
2025-03-14,5570,5680,5560,5620,4473,0.008976660682226134
2025-03-17,5690,5690,5500,5600,4207,-0.003558718861209953
2025-03-18,5670,5670,5485,5630,13888,0.005357142857142838
2025-03-19,5630,5630,5560,5600,3216,-0.005328596802841923
2025-03-20,5670,5670,5530,5560,6489,-0.0071428571428571175
2025-03-21,5620,5650,5505,5580,11951,0.003597122302158251
2025-03-24,5580,5580,5500,5540,8263,-0.007168458781361964
2025-03-25,5560,5570,5510,5540,7118,0.0
2025-03-26,5540,5590,5510,5520,8583,-0.0036101083032491488
2025-03-27,5670,5670,5480,5490,6267,-0.005434782608695676
2025-03-28,5610,5610,5410,5550,7584,0.010928961748633892
2025-03-31,5550,5550,5370,5390,5936,-0.028828828828828867
2025-04-01,5380,5620,5380,5400,15839,0.0018552875695732052
2025-04-02,5500,5500,5340,5370,10469,-0.005555555555555536
2025-04-03,5450,5450,5260,5340,8465,-0.005586592178770999
2025-04-04,5260,5370,5260,5330,4210,-0.0018726591760299671
2025-04-07,5250,5350,5140,5190,13487,-0.026266416510318913
2025-04-08,5200,5250,4995,4995,26176,-0.037572254335260125
2025-04-09,4985,5080,4880,4890,12079,-0.02102102102102099
2025-04-10,5000,5100,5000,5040,4030,0.030674846625766916
2025-04-11,5030,5040,4895,5040,9009,0.0
2025-04-14,5100,5290,5080,5280,6886,0.04761904761904767
2025-04-15,5270,5270,5080,5230,2916,-0.009469696969697017
2025-04-16,5220,5270,5190,5210,4488,-0.003824091778202643
2025-04-17,5190,5250,5170,5220,8227,0.0019193857965451588
2025-04-18,5290,5290,5110,5240,10604,0.003831417624521105
2025-04-21,5240,5290,5240,5270,12602,0.005725190839694694
2025-04-22,5310,5310,5200,5230,10856,-0.007590132827324458
2025-04-23,5250,5300,5230,5270,7156,0.007648183556405286
2025-04-24,5310,5310,5240,5280,11069,0.00189753320683117
2025-04-25,5310,5310,5240,5270,17276,-0.0018939393939394478
2025-04-28,5300,5300,5240,5270,8053,0.0
2025-04-29,5310,5330,5270,5320,19418,0.009487666034155628
2025-04-30,5330,5330,5220,5250,6618,-0.013157894736842146
2025-05-02,5290,5290,5210,5230,3646,-0.003809523809523818
2025-05-07,5270,5300,5220,5250,8828,0.003824091778202643
2025-05-08,5310,5320,5250,5270,10667,0.003809523809523707
2025-05-09,5280,5390,5260,5260,8195,-0.00189753320683117
2025-05-12,5400,5400,5300,5350,17793,0.017110266159695797
2025-05-13,5350,5380,5320,5380,9310,0.005607476635514086
2025-05-14,5440,5500,5310,5500,18822,0.02230483271375472
2025-05-15,5500,5530,5440,5520,8361,0.0036363636363636598
2025-05-16,5520,5600,5320,5410,24300,-0.019927536231884035
2025-05-19,5470,5470,5250,5270,9581,-0.025878003696857665
2025-05-20,5330,5510,5180,5180,12160,-0.017077798861480087
2025-05-21,5430,5500,5270,5320,10496,0.027027027027026973
2025-05-22,5390,5390,5270,5290,5517,-0.005639097744360888
2025-05-23,5360,5360,5240,5260,8382,-0.005671077504725952
2025-05-26,5270,5330,5200,5230,5999,-0.005703422053231932
2025-05-27,5190,5250,5190,5220,3023,-0.0019120458891013214
2025-05-28,5220,5270,5210,5250,4363,0.005747126436781658
2025-05-29,5250,5320,5230,5290,5508,0.007619047619047636
2025-05-30,5290,5350,5260,5310,3596,0.003780718336483968
2025-06-02,5380,5380,5300,5310,4203,0.0
2025-06-04,5290,5400,5290,5380,5014,0.013182674199623268
2025-06-05,5440,5550,5380,5440,11745,0.011152416356877248
2025-06-09,5440,5590,5440,5570,11086,0.023897058823529438
2025-06-10,5560,5640,5460,5560,16680,-0.0017953321364452268
2025-06-11,5520,5600,5440,5520,13873,-0.007194244604316502
2025-06-12,5520,5580,5440,5500,18510,-0.0036231884057971175
2025-06-13,5500,5560,5360,5360,16609,-0.025454545454545507
2025-06-16,5360,5510,5350,5510,6156,0.027985074626865725
2025-06-17,5510,5520,5350,5430,21109,-0.014519056261342977
2025-06-18,5430,5450,5270,5350,24005,-0.014732965009208066
2025-06-19,5360,5410,5280,5390,11787,0.007476635514018781
2025-06-20,5440,5690,5400,5690,44754,0.0556586270871986
2025-06-23,5630,5700,5530,5570,14047,-0.02108963093145866
2025-06-24,5570,5600,5460,5560,20040,-0.0017953321364452268
2025-06-25,5540,5650,5500,5580,18700,0.003597122302158251
2025-06-26,5580,5600,5410,5470,11141,-0.01971326164874554
2025-06-27,5470,5490,5330,5350,9634,-0.021937842778793404
2025-06-30,5350,5470,5350,5400,5738,0.009345794392523255
2025-07-01,5420,5510,5410,5500,4326,0.0185185185185186
2025-07-02,5550,5560,5450,5560,7505,0.01090909090909098
2025-07-03,5520,5720,5520,5670,21724,0.019784172661870603
2025-07-04,5620,5710,5620,5650,6562,-0.003527336860670194
2025-07-07,5610,5640,5560,5580,5515,-0.012389380530973493
2025-07-08,5570,5600,5520,5580,6196,0.0
2025-07-09,5600,5610,5540,5610,7931,0.005376344086021501
2025-07-10,5590,5670,5590,5640,7909,0.005347593582887722
2025-07-11,5570,5680,5530,5580,18264,-0.010638297872340385
2025-07-14,5540,6950,5540,6480,2607814,0.16129032258064524
2025-07-15,6800,8070,6350,6880,6735646,0.06172839506172845
2025-07-16,7010,7850,6810,6820,2720954,-0.008720930232558155
2025-07-17,6970,7280,6540,6590,729009,-0.03372434017595305
2025-07-18,6620,6660,6170,6220,225411,-0.05614567526555392
2025-07-21,6270,6450,6200,6450,97744,0.036977491961414755
2025-07-22,6390,6390,6140,6270,121033,-0.027906976744186074
2025-07-23,6220,6240,6070,6160,70157,-0.01754385964912286
2025-07-24,6190,6260,5940,5940,80415,-0.0357142857142857
2025-07-25,5940,6650,5920,5940,760055,0.0
2025-07-28,5990,5990,5830,5830,72276,-0.01851851851851849
2025-07-29,5830,5870,5740,5790,42406,-0.006861063464837058
2025-07-30,5800,5930,5760,5840,31928,0.008635578583765069
2025-07-31,5850,5950,5770,5870,48255,0.005136986301369939
2025-08-01,5870,5870,5610,5660,43140,-0.035775127768313486
2025-08-04,5660,5800,5660,5770,18415,0.019434628975264934
2025-08-05,5750,5830,5730,5800,20692,0.005199306759098743
2025-08-06,5750,5940,5750,5940,22827,0.024137931034482696
2025-08-07,5980,5980,5830,5910,31106,-0.005050505050505083
2025-08-08,5910,5940,5830,5890,26070,-0.0033840947546531774
2025-08-11,5920,5920,5720,5760,35429,-0.022071307300509324
2025-08-12,5760,5790,5720,5720,24018,-0.00694444444444442
2025-08-13,5750,5750,5600,5710,29264,-0.0017482517482517723
2025-08-14,5700,5790,5640,5720,14165,0.0017513134851139256
2025-08-18,5700,5740,5460,5470,68346,-0.04370629370629375
2025-08-19,5470,6460,5430,5650,1110349,0.03290676416819016
2025-08-20,5650,5660,5460,5630,72960,-0.0035398230088495852
2025-08-21,5620,5660,5520,5560,29911,-0.01243339253996445
2025-08-22,5560,5630,5530,5630,14325,0.012589928057553879
2025-08-25,5630,5680,5570,5620,18983,-0.001776198934280604
2025-08-26,5610,5690,5530,5530,21341,-0.016014234875444844
2025-08-27,5550,5580,5480,5530,18896,0.0
2025-08-28,5510,5550,5400,5400,24823,-0.023508137432188048
2025-08-29,5400,5450,5350,5390,13304,-0.0018518518518518823
2025-09-01,5350,5490,5210,5290,40540,-0.01855287569573283
2025-09-02,5300,5370,5210,5290,21483,0.0
2025-09-03,5290,5360,5260,5310,5952,0.003780718336483968
2025-09-04,5360,5370,5280,5280,10877,-0.005649717514124242
2025-09-05,5300,5410,5300,5390,3414,0.02083333333333326
2025-09-08,5390,5390,5330,5360,10287,-0.005565862708719838
2025-09-09,5400,5400,5320,5350,10271,-0.001865671641791078
2025-09-10,5330,5420,5330,5380,14491,0.005607476635514086
2025-09-11,5390,5430,5330,5380,13739,0.0
2025-09-12,5380,5430,5350,5380,10824,0.0
2025-09-15,5380,5450,5340,5400,15669,0.0037174721189590088
2025-09-16,5350,5420,5320,5370,14602,-0.005555555555555536
2025-09-17,5370,5400,5310,5330,13517,-0.007448789571694592
2025-09-18,5310,5480,5310,5390,16054,0.011257035647279645
2025-09-19,5340,5490,5300,5400,22239,0.0018552875695732052
2025-09-22,5400,5480,5380,5410,7450,0.0018518518518517713
2025-09-23,5430,5480,5340,5380,7921,-0.00554528650646946
2025-09-24,5380,5380,5310,5330,12470,-0.009293680297397744
2025-09-25,5330,5370,5270,5320,5852,-0.0018761726078799779
2025-09-26,5290,5320,5250,5260,22306,-0.011278195488721776
2025-09-29,5260,5370,5260,5340,7510,0.015209125475285079
2025-09-30,5370,5470,5310,5310,5703,-0.005617977528089901
2025-10-01,5300,5380,5270,5380,9876,0.013182674199623268
2025-10-02,5340,5380,5300,5320,8786,-0.01115241635687736
2025-10-10,5320,5320,5240,5280,9996,-0.007518796992481258
2025-10-13,5270,5350,5130,5250,21145,-0.005681818181818232
2025-10-14,5210,5300,5170,5220,14516,-0.005714285714285672
2025-10-15,5180,5290,5150,5260,9795,0.00766283524904221
2025-10-16,5220,5310,5200,5270,8733,0.0019011406844107182
2025-10-17,5320,5320,5100,5100,34713,-0.032258064516129004
2025-10-20,5110,5200,5080,5170,11345,0.013725490196078383
2025-10-21,5120,5200,5080,5090,14853,-0.015473887814313358
2025-10-22,5090,5150,4900,5070,28958,-0.003929273084479323
2025-10-23,5070,5100,5010,5030,12057,-0.007889546351084853
2025-10-24,5020,5090,4995,5030,15136,0.0
2025-10-27,5050,5080,4990,5080,9039,0.00994035785288272
2025-10-28,5100,5100,4935,5040,10533,-0.007874015748031482
2025-10-29,5050,5060,4990,5010,9635,-0.005952380952380931
2025-10-30,4990,5000,4900,4900,39794,-0.021956087824351322
2025-10-31,4905,4990,4880,4900,16073,0.0
2025-11-03,4910,4915,4650,4745,37990,-0.031632653061224536
2025-11-04,4700,4795,4655,4740,18621,-0.0010537407797681642
2025-11-05,4750,4750,4510,4620,32353,-0.025316455696202556
2025-11-06,4695,4745,4600,4620,15063,0.0
2025-11-07,4620,4710,4580,4710,6014,0.01948051948051943
2025-11-10,4710,4960,4700,4960,33867,0.05307855626326963
2025-11-11,4955,5050,4955,5050,16086,0.01814516129032251
2025-11-12,5020,5050,4970,5050,9711,0.0
2025-11-13,5020,5050,4985,5040,14618,-0.001980198019801982
2025-11-14,5030,5150,5000,5030,12399,-0.001984126984126977
2025-11-17,5010,5770,4975,5040,1537564,0.001988071570576455
2025-11-18,5040,5070,4925,5030,48682,-0.001984126984126977
2025-11-19,4985,5030,4910,5000,27380,-0.005964214711729587
2025-11-20,5000,5200,4935,5160,31685,0.03200000000000003
2025-11-21,5080,5200,5030,5090,27684,-0.013565891472868241
2025-11-24,5020,5130,5000,5000,13986,-0.017681728880157177
2025-11-25,4995,5090,4940,4950,17398,-0.010000000000000009
2025-11-26,5060,5070,4930,5040,9109,0.018181818181818077
2025-11-27,5030,5540,4950,4985,130352,-0.010912698412698374
2025-11-28,4945,5170,4945,5110,30070,0.02507522567703102
2025-12-01,5140,5160,5070,5100,8103,-0.00195694716242667
2025-12-02,5160,5250,5030,5150,20917,0.009803921568627416
2025-12-03,5140,5300,5140,5290,12899,0.027184466019417375
2025-12-04,5280,5280,5140,5140,12676,-0.02835538752362954
2025-12-05,5130,5650,5070,5170,133392,0.005836575875486361
2025-12-08,5190,5390,5180,5280,40087,0.02127659574468077
2025-12-09,5290,5370,5240,5240,13445,-0.007575757575757569
2025-12-10,5200,5400,5200,5340,20319,0.01908396946564883
2025-12-11,5350,5350,5220,5310,14718,-0.005617977528089901
2025-12-12,5600,5600,5310,5320,35132,0.0018832391713747842
2025-12-15,5220,5440,5220,5410,24319,0.016917293233082775
2025-12-16,5410,5410,5330,5340,16641,-0.012939001848428888
2025-12-17,5360,5450,5320,5390,14161,0.009363295880149725
2025-12-18,5420,5420,5290,5290,17105,-0.01855287569573283
2025-12-19,5300,5400,5180,5340,23287,0.00945179584120992
2025-12-22,5340,5440,5280,5350,13517,0.001872659176029856
2025-12-23,5380,5430,5290,5350,19761,0.0
2025-12-24,5360,5370,5210,5350,16547,0.0
2025-12-26,5370,5480,5260,5320,32296,-0.005607476635513975
2025-12-29,5200,5250,5080,5130,26605,-0.0357142857142857
2025-12-30,5130,5190,5070,5130,12347,0.0
2026-01-02,5140,5200,4970,5180,32374,0.00974658869395717
2026-01-05,5180,5180,4960,5050,25353,-0.025096525096525046
2026-01-06,5050,5050,4900,4920,33852,-0.025742574257425765
2026-01-07,4920,4940,4810,4865,31952,-0.011178861788617933
2026-01-08,4850,4905,4770,4855,14045,-0.0020554984583761593
2026-01-09,4925,4925,4790,4815,12779,-0.008238928939237944
2026-01-12,4815,4895,4785,4890,12764,0.015576323987538832
2026-01-13,4840,4910,4840,4855,11432,-0.007157464212678932
2026-01-14,4855,4895,4780,4850,26417,-0.001029866117404743
2026-01-15,4840,4855,4780,4830,16703,-0.004123711340206171
2026-01-16,4830,4840,4770,4775,13793,-0.011387163561076608
2026-01-19,4775,5380,4750,4860,171695,0.017801047120418856
2026-01-20,4860,4940,4800,4885,15852,0.005144032921810648
2026-01-21,4885,4955,4800,4910,14314,0.0051177072671442225
2026-01-22,4910,4925,4855,4870,10182,-0.008146639511201648
2026-01-23,4870,4955,4855,4915,12492,0.00924024640657084
2026-01-26,4915,5040,4905,4980,23021,0.01322482197355046
2026-01-27,4980,5050,4965,4995,15505,0.003012048192771122
2026-01-28,5000,5010,4950,4950,17154,-0.009009009009009028
2026-01-29,4950,4950,4875,4915,22151,-0.007070707070707116
2026-01-30,4870,4945,4810,4865,41454,-0.010172939979654072
2026-02-02,4910,4910,4740,4785,16304,-0.016443987667009274
2026-02-03,4860,4860,4750,4845,12719,0.012539184952978122
2026-02-04,4840,4910,4780,4900,15236,0.011351909184726505
2026-02-05,4905,4920,4850,4870,7922,-0.006122448979591799
2026-02-06,4835,4845,4695,4755,31611,-0.02361396303901442
2026-02-09,4780,4920,4775,4870,13980,0.024185068349106276
2026-02-10,4870,4955,4870,4915,6013,0.00924024640657084
2026-02-11,4910,5060,4870,4995,11785,0.016276703967446515
2026-02-12,4960,4975,4930,4945,5284,-0.010010010010010006
2026-02-13,4945,4980,4820,4850,10792,-0.01921132457027297
2026-02-19,4850,5000,4810,4935,14038,0.017525773195876226
2026-02-20,4915,4940,4800,4870,52618,-0.01317122593718334
2026-02-23,4915,4930,4700,4780,65292,-0.01848049281314168
2026-02-24,4780,4900,4780,4885,17638,0.021966527196652708
2026-02-25,4885,4895,4820,4875,6430,-0.0020470829068577334
2026-02-26,4875,4875,4750,4755,30039,-0.024615384615384595
2026-02-27,4750,4750,4670,4690,29224,-0.013669821240799185
